url,product_name,price,availability,features,specifications
https://hexxone.com/laptops-by-brand/acer/acer-aspire-14-a14-51m-2024-14th-gen-core-5-8gb-ram-512gb-ssd-14-inch-fhd-display-2-year-warranty-in-nepal-metalic-body?limit=30,Acer Aspire 14 A14-51M 2024 14th Gen Core 5 - 8GB RAM - 512GB SSD - 14-inch FHD Display - 2 Year Warranty in Nepal - Metalic Body,"NPR 83,000.00",Availability: Out Of Stock,Model: Acer Aspire 5 A15 2024 ( A14-51M -5712 ) | Processor: Intel® Core™ 5 processor 120U | RAM: 8GB LPDDR5 RAM | Storage: 512GB SSD | Display: 14-inch IPS display with WUXGA (1920 x 1200 pixels) resolution | Graphic: Intel UHD Graphics | Warranty: 2 Year Warranty,"{""Brand"": ""Acer"", ""Series"": ""Acer Aspire Series"", ""Product Model No"": ""Acer Aspire 5 A15 2024 ( A14-51M -5712 )"", ""Type"": ""Budget Notebook"", ""CPU / Processor"": ""Intel® Core™ 5 processor 120U (2.0 up to 5.0 GHz / 12MB Cache)"", ""Memory"": ""8GB LPDDR5 RAM"", ""Storage"": ""512GB PCIe NVMe Gen4 SSD"", ""Storage Capability"": ""NA"", ""Graphic Card"": ""Intel® Graphics"", ""Display Screen / Design / Resolution"": ""114-inch 16:10 WUXGA (1920 x 1200) IPS, Anti-Glare LED-backlit TFT LCD"", ""Camera"": ""Acer FHD webcam, 1920 x 1080 resolution"", ""Operation System"": ""Windows 11 Home"", ""Optical Drive"": ""-"", ""Audio & Video"": ""Speakers"", ""Network / Connectivity Technology"": ""Wi-Fi 6 Bluetooth 5.1"", ""Keyboard Feature"": ""Non-Backlit"", ""Sensors"": ""No FingerPrint"", ""Interface"": ""1x USB Type-C port supporting: • USB4® 40Gbps • DisplayPort over USB-C • Thunderbolt 4 • USB charging 5 V; 3 A • DC-in port 20 V; 65 W 2x USB Standard-A ports, supporting: • One port for USB 3.2 Gen 1 • One port for USB 3.2 Gen 1 featuring power off USB charging 1x HDMI 2.1 port with HDCP support 1x 3.5 mm headphone/speaker jack, supporting headsets with built-in microphone"", ""Battery / Power Supply"": ""50 Wh 3-cell Li-ion battery"", ""Dimensions"": ""318.5 (W) x 225.5 (D) x 18.9 (H) mm"", ""Weight"": ""1.5Kg"", ""Warranty"": ""2-Year Local Warranty"", ""Acer Aspire 5 2024 Price in Nepal"": ""Rs.83,500""}"
https://hexxone.com/laptops-by-brand/acer/acer-aspire-3-14-2023-ryzen-5-7520u-8gb-ram-512gb-ssd-14-inch-fhd-display-2-year-warranty-in-nepal?limit=30,Acer Aspire 3 14 2023 Ryzen 5 7520U - 8GB RAM - 512GB SSD - 14-inch FHD Display - 2 Year Warranty in Nepal,"NPR 68,500.00",Availability: Out Of Stock,Model : Acer Aspire 3 A314-23M-R55F | Processor : AMD Ryzen™ 5 7520U Mobile Processo | RAM : 8GB LPDDR5 RAM | Storage : 512GB SSD | Display : 14-inch IPS display with Full-HD (1920 x 1080 pixels) resolution | Graphic : AMD Shared | Warranty : 1 Year Warranty,"{""Brand"": ""Acer"", ""Series"": ""Acer Aspire Series"", ""Product Model No"": ""Acer Aspire 3 A315-24P-R5WD"", ""Type"": ""Budget Notebook"", ""CPU / Processor"": ""AMD Ryzen™ 5 7520U Mobile Processor (4-core/8-thread, 4MB cache, up to 4.3 GHz max boost)"", ""Memory"": ""8GB OnBoard DDR5 RAM"", ""Storage"": ""512GB PCIe NVMe Gen3 SSD"", ""Storage Capability"": ""NA"", ""Graphic Card"": ""Intel UHD Graphics"", ""Display Screen / Design / Resolution"": ""14-inch IPS display; Full HD (1920 x 1080 pixels) resolution, high-brightness Acer ComfyView LED backlit TFT LCD"", ""Camera"": ""Acer HD webcam, 1280 x 720 resolution"", ""Operation System"": ""Windows 11 Home"", ""Optical Drive"": ""-"", ""Audio & Video"": ""Speakers"", ""Network / Connectivity Technology"": ""802.11a/b/g/n/ac+ax wireless LAN Dual Band (2.4 GHz and 5 GHz) 2x2 MU-MIMO Technology Supports Bluetooth® 5.1 or above"", ""Keyboard Feature"": ""Non-Backlit"", ""Sensors"": ""No FingerPrint"", ""Interface"": ""1x USB Type-C port supporting: • USB 3.2 Gen 2 (up to 10 Gbps) • DisplayPort over USB-C • USB charging 5 V; 3 A • DC-in port 19 V; 45 W 2x USB Standard A ports supporting • One port for USB 3.2 Gen 1 • One port for USB 3.2 Gen 2 1x HDMI® 2.1 port with HDCP support 1x DC-in jack for AC adapter 1x 3.5 mm headphone/speaker jack, supporting headsets with built-in microphone"", ""Battery / Power Supply"": ""40 Wh 3-cell Li-ion battery"", ""Dimensions"": ""18mm x 328.3mm x 217.2mm"", ""Weight"": ""1.4kg"", ""Warranty"": ""1-Year Local Warranty"", ""Acer Aspire 3 2023 Price in Nepal"": ""Rs. 75000""}"
https://hexxone.com/laptops-by-brand/acer/acer-aspire-3-14-ryzen-5-3500-8gb-ram-256gb-ssd-14-inch-hd-display?limit=30,Acer Aspire 3 14 Ryzen 5 3500 - 8GB RAM - 256GB SSD - 14-inch HD Display,"NPR 48,500.00",Availability: Out Of Stock,Model: Acer Aspire 3 | Processor: AMD ryzen 5 3500U | RAM: 8GB | Storage: 256GB | Display: 11.6-inch IPS display | Graphic: 14 inches 1920 x 1080 pixelsFull HD Anti-glare Display | Warranty: 1 Year Warranty,"{""CPU"": ""AMD Ryzen 5 3500U Quad-core (4 Core™) 2.10 GHz-3.70 GHz Cache 4 MB"", ""Operating System"": ""DOS"", ""Screen"": ""14\"" LCD ComfyView In-plane Switching (IPS) Technology HD 1366 x 768 LED"", ""RAM"": ""8GB"", ""Hard Drive"": ""256GB SSD"", ""Graphics Coprocessor"": ""Intel HD"", ""Wireless"": ""802.11 A/C"", ""Extensions"": ""2 x USB 3.1 Gens 1 ports with one featuring power-off USB charging 1 x USB 2.0 ports 1 x HDMI® port with HDCP support 1 x 3.5 mm headphone/speaker jack, supporting headsets with a built-in microphone 1 x Ethernet (RJ-45) port 1 x DC-in jack for AC adapter"", ""Computer Memory"": ""DDR4 SDRAM"", ""Batteries"": ""3-cell 3220 MAH"", ""Weight"": ""1.9Kg""}"
https://hexxone.com/laptops-by-brand/acer/acer-aspire-3-2021-i5-11th-gen-8gb-ram-1tb-hdd-256gb-ssd-nvidia-mx350-2gb-156-inch-fhd-display?limit=30,Acer Aspire 3 2021 i5 11Th Gen - 8GB RAM - 1TB HDD - 256GB SSD - NVIDIA MX350 2GB - 15.6-inch FHD Display,"NPR 72,500.00",Availability: Out Of Stock,"Model: Acer Aspire 3 2021 | Processor: 11th GenerationIntel Core i5-1135G7 | RAM: 8GB (Upgradable up to 16GB) | Storage: 1TB HDD + 256GB SSD | Display: 15.6"" LCD ComfyView In-plane Switching (IPS) Technology FHD 1920 x 1080 LED | Graphic: NVIDIA MX350 2GB Graphic | Warranty: 1 Year Warranty","{""Brand"": ""Acer"", ""CPU"": ""Intel Core i5-1135G7 Processor 2.4 GHz (8M Cache, up to 4.2 GHz, 4 cores)"", ""Operating System"": ""Windows 11 Genuine"", ""Screen"": ""15.6\"" LCD ComfyView In-plane Switching (IPS) Technology FHD 1920 x 1080 LED"", ""Type"": ""Budget Notebook"", ""RAM"": ""8GB (Upgradable up to 16GB)"", ""Hard Drive"": ""1TB HDD + 256GB SSD"", ""Graphics Coprocessor"": ""NVIDIA MX350 2GB Graphic"", ""Wireless"": ""802.11 A/C"", ""Extensions"": ""2x USB 3.2 Gen 1 ports 1x Ethernet (RJ-45) port 1x 3.5 mm headphone/speaker jack, supporting headsets with built-in microphone 1x HDMI 1.4 port with HDCP support 1x USB 2.0 port 1x DC-in jack for AC adapter"", ""Computer Memory"": ""DDR4 SDRAM"", ""Batteries"": ""36.7 Wh 2-cell Li-ion battery"", ""Weight"": ""1.7Kg""}"
https://hexxone.com/laptops-by-brand/acer/acer-aspire-3-core-i5-10th-gen-8gb-ram-256gb-ssd-156-inch-hd-display?limit=30,Acer Aspire 3 Core i5 10Th Gen - 8GB RAM - 256GB SSD - 15.6-inch HD Display,"NPR 58,500.00",Availability: Out Of Stock,Model: Acer Aspire 3 | Processor: Intel Core i5 10th Gen | RAM: 8GB LPDDR4 RAM | Storage: 256GB SSD | Display: 15.6-inch IPS display; Full-HD (1920 x 1080 Pixels) Resolution | Graphic: Intel HD | Warranty: 1 Year Warranty,"{""CPU"": ""Intel® Core™ i5-1035G1 Processor 6M Cache, 1.00 GHz up to 3.60 GHz"", ""Operating System"": ""DOS"", ""Screen"": ""15.6\"" LCD ComfyView In-plane Switching (IPS) Technology HD 1366 x 768 LED"", ""RAM"": ""8GB (Upgradable upto 16GB)"", ""Hard Drive"": ""256GB SSD ( HDD can be added additional)"", ""Graphics Coprocessor"": ""Intel HD"", ""Wireless"": ""802.11 A/C"", ""Extensions"": ""2 x USB 3.1 Gens 1 ports with one featuring power-off USB charging 1 x USB 2.0 ports 1 x HDMI® port with HDCP support 1 x 3.5 mm headphone/speaker jack, supporting headsets with a built-in microphone 1 x Ethernet (RJ-45) port 1 x DC-in jack for AC adapter"", ""Computer Memory"": ""DDR4 SDRAM"", ""Batteries"": ""36.7 Wh 2-cell Li-ion battery"", ""Weight"": ""1.9Kg""}"
https://hexxone.com/laptops-by-brand/acer/acer-aspire-5-14-2023-13th-gen-i5-8gb-ram-512gb-ssd-14-inch-wuxga-display-2-year-warranty-in-nepal?limit=30,Acer Aspire 5 14 2023 13th Gen i5 - 8GB RAM - 512GB SSD - 14-inch WUXGA Display - 2 Year Warranty in Nepal,"NPR 78,500.00",Availability: Out Of Stock,Model: Acer Aspire 5 A514-56M-55TS | Processor: Intel® Core™ i5-1335U processor | RAM: 8GB LPDDR5 RAM | Storage: 512GB SSD | Display: 14-inch IPS display with Full-HD (1920 x 1080 pixels) resolution | Graphic: Intel UHD Graphics | Warranty: 2 Year Warranty,"{""Brand"": ""Acer"", ""Series"": ""Acer Aspire Series"", ""Product Model No"": ""Acer Aspire 5 A514-56M-55TS"", ""Type"": ""Budget Notebook"", ""CPU / Processor"": ""Intel® Core™ i5-1335U processor (Up to 4.6GHz, 12MB smart cache , Deca Core )"", ""Memory"": ""8GB  DDR5 RAM"", ""Storage"": ""512GB PCIe NVMe Gen3 SSD"", ""Storage Capability"": ""NA"", ""Graphic Card"": ""Intel UHD Graphics"", ""Display Screen / Design / Resolution"": ""14-inch IPS display; WUXGA (1920 x 1200 pixels) resolution, high-brightness Acer ComfyView LEDbacklit TFT LCD"", ""Camera"": ""FHD (1920 x 1080) with Blue Glass"", ""Operation System"": ""Windows 11 Home"", ""Optical Drive"": ""-"", ""Audio & Video"": ""Speakers"", ""Network / Connectivity Technology"": ""802.11a/b/g/n/ac+ax wireless LAN Dual Band (2.4 GHz and 5 GHz) 2x2 MU-MIMO Technology Supports Bluetooth® 5.1 or above"", ""Keyboard Feature"": ""Backlit"", ""Sensors"": ""FingerPrint"", ""Interface"": ""1x USB Type-C port supporting: • USB 3.2 Gen 2 (up to 10 Gbps) • DisplayPort over USB-C • USB charging 5 V; 3 A • DC-in port 19 V; 45 W 2x USB Standard A ports supporting • One port for USB 3.2 Gen 1 • One port for USB 3.2 Gen 2 1x HDMI® 2.1 port with HDCP support 1x DC-in jack for AC adapter 1x 3.5 mm headphone/speaker jack, supporting headsets with built-in microphone"", ""Battery / Power Supply"": ""40 Wh 3-cell Li-ion battery"", ""Dimensions"": ""12.53\"" (W) x 8.88\"" (D) x 0.70\"" (H)"", ""Weight"": ""3.75Lb"", ""Warranty"": ""2-Year Local Warranty"", ""Acer Aspire 5 14 2023 Price in Nepal"": ""Rs. 89,000""}"
https://hexxone.com/laptops-by-brand/acer/acer-aspire-5-14-2023-13th-gen-i7-16gb-ram-512gb-ssd-nvidia-rtx-2050-4gb-14-inch-wuxga-display-2-year-warranty-in-nepal?limit=30,Acer Aspire 5 14 2023 13th Gen i7 - 16GB RAM - 512GB SSD - NVIDIA RTX 2050 4GB - 14-inch WUXGA Display - 2 Year Warranty in Nepal,"NPR 124,500.00",Availability: Out Of Stock,Model: Acer Aspire 5 A514-56GM-701U | Processor: Intel® Core™ i7-1355U processor | RAM: 16GB DDR4 RAM | Storage: 512GB SSD | Display: 14-inch 16:10 IPS display; WUXGA (1920 x 1200 pixels | Graphic: NVIDIA® GeForce® RTX2050 4GB GDDR6 | Warranty: 2 Year Warranty,"{""Brand"": ""Acer"", ""Series"": ""Acer Aspire Series"", ""Product Model No"": ""Acer Aspire 5 A514-56GM-701U"", ""Type"": ""Budget Notebook"", ""CPU / Processor"": ""Intel® Core™ i7-1355U processor (Up to 5GHz, 12MB smart cache , Deca Core )"", ""Memory"": ""16GB  DDR4 RAM"", ""Storage"": ""512GB PCIe NVMe Gen3 SSD"", ""Storage Capability"": ""NA"", ""Graphic Card"": ""NVIDIA® GeForce® RTX2050 4GB GDDR6"", ""Display Screen / Design / Resolution"": ""14-inch 16:10 IPS display; WUXGA (1920 x 1200 pixels) resolution, high-brightness Acer ComfyView LEDbacklit TFT LCD"", ""Camera"": ""FHD (1920 x 1080) with Blue Glass"", ""Operation System"": ""Windows 11 Home"", ""Optical Drive"": ""-"", ""Audio & Video"": ""Speakers"", ""Network / Connectivity Technology"": ""802.11a/b/g/n/ac+ax wireless LAN Dual Band (2.4 GHz and 5 GHz) 2x2 MU-MIMO Technology Supports Bluetooth® 5.1 or above"", ""Keyboard Feature"": ""Backlit"", ""Sensors"": ""FingerPrint"", ""Interface"": ""2x USB Standard-A ports, supporting: • One port for USB 3.2 Gen 1 • One port for USB 3.2 Gen 1 featuring power-off USB charging 1x USB Type-C port supporting: • USB 3.2 Gen 2 (up to 10 Gbps) • Thunderbolt 4 • USB charging 5 V; 3 A • DC-in port 20 V; 65 W 1x DC-in jack for AC adapter 1x HDMI® 2.1 port with HDCP support 1x 3.5 mm headphone/speaker jack, supporting headsets with a built-in microphone 1x Ethernet (RJ-45) port"", ""Battery / Power Supply"": ""40 Wh 3-cell Li-ion battery"", ""Dimensions"": ""12.53\"" (W) x 8.88\"" (D) x 0.70\"" (H)"", ""Weight"": ""3.75Lb"", ""Warranty"": ""2-Year Local Warranty"", ""Acer Aspire 5 14 2023 Price in Nepal"": ""Rs. 141,000""}"
https://hexxone.com/laptops-by-brand/acer/acer-aspire-5-14-2023-13th-gen-i7-8gb-ram-512gb-ssd-14-inch-wuxga-display-2-year-warranty-in-nepal?limit=30,Acer Aspire 5 14 2023 13th Gen i7 - 8GB RAM - 512GB SSD - 14-inch WUXGA Display - 2 Year Warranty in Nepal,"NPR 93,500.00",Availability: Out Of Stock,Model: Acer Aspire 5 A514-56M-71SV | Processor: Intel® Core™ i7-1355U processor | RAM: 8GB LPDDR5 RAM | Storage: 512GB SSD | Display: 14-inch IPS display with Full-HD (1920 x 1080 pixels) resolution | Graphic: Intel UHD Graphics | Warranty: 2 Year Warranty,"{""Brand"": ""Acer"", ""Series"": ""Acer Aspire Series"", ""Product Model No"": ""Acer Aspire 5 A514-56M-71SV"", ""Type"": ""Budget Notebook"", ""CPU / Processor"": ""Intel® Core™ i7-1355U processor (Up to 5GHz, 12MB smart cache , Deca Core )"", ""Memory"": ""8GB  DDR5 RAM"", ""Storage"": ""512GB PCIe NVMe Gen3 SSD"", ""Storage Capability"": ""NA"", ""Graphic Card"": ""Intel IRIS XE Graphics"", ""Display Screen / Design / Resolution"": ""14-inch IPS display; WUXGA (1920 x 1200 pixels) resolution, high-brightness Acer ComfyView LEDbacklit TFT LCD"", ""Camera"": ""FHD (1920 x 1080) with Blue Glass"", ""Operation System"": ""Windows 11 Home"", ""Optical Drive"": ""-"", ""Audio & Video"": ""Speakers"", ""Network / Connectivity Technology"": ""802.11a/b/g/n/ac+ax wireless LAN Dual Band (2.4 GHz and 5 GHz) 2x2 MU-MIMO Technology Supports Bluetooth® 5.1 or above"", ""Keyboard Feature"": ""Backlit"", ""Sensors"": ""FingerPrint"", ""Interface"": ""1x USB Type-C port supporting: • USB 3.2 Gen 2 (up to 10 Gbps) • DisplayPort over USB-C • USB charging 5 V; 3 A • DC-in port 19 V; 45 W 2x USB Standard A ports supporting • One port for USB 3.2 Gen 1 • One port for USB 3.2 Gen 2 1x HDMI® 2.1 port with HDCP support 1x DC-in jack for AC adapter 1x 3.5 mm headphone/speaker jack, supporting headsets with built-in microphone"", ""Battery / Power Supply"": ""40 Wh 3-cell Li-ion battery"", ""Dimensions"": ""12.53\"" (W) x 8.88\"" (D) x 0.70\"" (H)"", ""Weight"": ""3.75Lb"", ""Warranty"": ""2-Year Local Warranty"", ""Acer Aspire 5 14 2023 Price in Nepal"": ""Rs. 96,000""}"
https://hexxone.com/laptops-by-brand/acer/acer-aspire-5-14-2023-13th-gen-i7-8gb-ram-512gb-ssd-156-inch-wuxga-display-2-year-warranty-in-nepal?limit=30,Acer Aspire 5 14 2023 13th Gen i7 - 8GB RAM - 512GB SSD - 15.6-inch WUXGA Display - 2 Year Warranty in Nepal,"NPR 93,500.00",Availability: Out Of Stock,Model: Acer Aspire 5 A515-58P-70KL | Processor: Intel® Core™ i7-1355U processor | RAM: 8GB LPDDR5 RAM | Storage: 512GB SSD | Display: 15.6-inch IPS display with Full-HD (1920 x 1080 pixels) resolution | Graphic: Intel UHD Graphics | Warranty: 2 Year Warranty,"{""Brand"": ""Acer"", ""Series"": ""Acer Aspire Series"", ""Product Model No"": ""Acer Aspire 5 A515-58P-70KL"", ""Type"": ""Budget Notebook"", ""CPU / Processor"": ""Intel® Core™ i7-1355U processor (Up to 5GHz, 12MB smart cache , Deca Core )"", ""Memory"": ""8GB  DDR5 RAM"", ""Storage"": ""512GB PCIe NVMe Gen3 SSD"", ""Storage Capability"": ""NA"", ""Graphic Card"": ""Intel IRIS XE Graphics"", ""Display Screen / Design / Resolution"": ""15.6-inch IPS display; FHD (1920 x 1080 pixels) resolution, high-brightness Acer ComfyView LEDbacklit TFT LCD"", ""Camera"": ""FHD (1920 x 1080) with Blue Glass"", ""Operation System"": ""Windows 11 Home"", ""Optical Drive"": ""-"", ""Audio & Video"": ""Speakers"", ""Network / Connectivity Technology"": ""802.11a/b/g/n/ac+ax wireless LAN Dual Band (2.4 GHz and 5 GHz) 2x2 MU-MIMO Technology Supports Bluetooth® 5.1 or above"", ""Keyboard Feature"": ""Backlit"", ""Sensors"": ""FingerPrint"", ""Interface"": ""1x USB Type-C port supporting: • USB 3.2 Gen 2 (up to 10 Gbps) • DisplayPort over USB-C • USB charging 5 V; 3 A • DC-in port 19 V; 45 W 2x USB Standard A ports supporting • One port for USB 3.2 Gen 1 • One port for USB 3.2 Gen 2 1x HDMI® 2.1 port with HDCP support 1x DC-in jack for AC adapter 1x 3.5 mm headphone/speaker jack, supporting headsets with built-in microphone"", ""Battery / Power Supply"": ""50 Wh 3-cell Li-ion battery"", ""Dimensions"": ""14.2\"" (W) x 9.3\"" (D) x 0.70\"" (H)"", ""Weight"": ""4.2 Lbs"", ""Warranty"": ""2-Year Local Warranty"", ""Acer Aspire 5 14 2023 Price in Nepal"": ""Rs. 96,000""}"
https://hexxone.com/laptops-by-brand/acer/acer-aspire-5-15-2023-13th-gen-i5-8gb-ram-512gb-ssd-156-inch-fhd-display-1-year-warranty-in-nepal?limit=30,Acer Aspire 5 15 2023 13th Gen i5 - 8GB RAM - 512GB SSD - 15.6-inch FHD Display - 1 Year Warranty in Nepal,"NPR 73,500.00",Availability: Out Of Stock,Model : Acer Aspire 5 A515 | Processor : Intel® Core™ i5-1335U processor | RAM : 8GB LPDDR5 RAM | Storage : 512GB SSD | Display : 15.6-inch IPS display with Full-HD (1920 x 1080 pixels) resolution | Graphic : Intel UHD Graphics | Warranty : 1 Year Warranty,"{""Brand"": ""Acer"", ""Series"": ""Acer Aspire Series"", ""Product Model No"": ""Acer Aspire 5 A515-58P-55AK"", ""Type"": ""Budget Notebook"", ""CPU / Processor"": ""Intel® Core™ i5-1335U processor (Up to 4.6GHz, 12MB smart cache , Deca Core )"", ""Memory"": ""8GB  DDR5 RAM"", ""Storage"": ""512GB PCIe NVMe Gen3 SSD"", ""Storage Capability"": ""NA"", ""Graphic Card"": ""Intel UHD Graphics"", ""Display Screen / Design / Resolution"": ""15.6-inch IPS display; Full HD (1920 x 1080 pixels) resolution, high-brightness Acer ComfyView LEDbacklit TFT LCD"", ""Camera"": ""Acer HD webcam, 1280 x 720 resolution"", ""Operation System"": ""Windows 11 Home"", ""Optical Drive"": ""-"", ""Audio & Video"": ""Speakers"", ""Network / Connectivity Technology"": ""802.11a/b/g/n/ac+ax wireless LAN Dual Band (2.4 GHz and 5 GHz) 2x2 MU-MIMO Technology Supports Bluetooth® 5.1 or above"", ""Keyboard Feature"": ""Non-Backlit"", ""Sensors"": ""No FingerPrint"", ""Interface"": ""1x USB Type-C port supporting: • USB 3.2 Gen 2 (up to 10 Gbps) • DisplayPort over USB-C • USB charging 5 V; 3 A • DC-in port 19 V; 45 W 2x USB Standard A ports supporting • One port for USB 3.2 Gen 1 • One port for USB 3.2 Gen 2 1x HDMI® 2.1 port with HDCP support 1x DC-in jack for AC adapter 1x 3.5 mm headphone/speaker jack, supporting headsets with built-in microphone"", ""Battery / Power Supply"": ""40 Wh 3-cell Li-ion battery"", ""Dimensions"": ""12.5\"" (W) x 9.5\"" (D) x 0.74\"" (H)"", ""Weight"": ""3.97Lb"", ""Warranty"": ""1-Year Local Warranty"", ""Acer Aspire 5 2023 Price in Nepal"": ""Rs. 75,000""}"
https://hexxone.com/laptops-by-brand/acer/acer-aspire-5-15-2023-13th-gen-i7-nvidia-rtx-2050-8gb-ram-512gb-ssd-156-inch-fhd-display-2-year-warranty-in-nepal?limit=30,Acer Aspire 5 15 2023 13th Gen i7 - NVIDIA RTX 2050 - 8GB RAM - 512GB SSD - 15.6-inch FHD Display - 2 Year Warranty in Nepal,"NPR 124,500.00",Availability: Out Of Stock,Model: Acer Aspire 5 A515-58GM-76BK | Processor: Intel® Core™ i7-1355U processor | RAM: 8GB DDR4 RAM | Storage: 512GB SSD | Display: 15.6-inch IPS display with Full-HD (1920 x 1080 pixels) resolution | Graphic: NVIDIA® GeForce® RTX2050 4GB GDDR6 | Warranty: 2 Year Warranty,"{""Brand"": ""Acer"", ""Series"": ""Acer Aspire Series"", ""Product Model No"": ""Acer Aspire 5 A515-58GM-76BK"", ""Type"": ""Budget Notebook"", ""CPU / Processor"": ""Intel® Core™ i7-1355U processor (Up to 5GHz, 12MB smart cache , Deca Core )"", ""Memory"": ""8GB  DDR4 RAM"", ""Storage"": ""512GB PCIe NVMe Gen3 SSD"", ""Storage Capability"": ""NA"", ""Graphic Card"": ""NVIDIA® GeForce® RTX2050 4GB GDDR6"", ""Display Screen / Design / Resolution"": ""15.6-inch IPS display; FHD (1920 x 1080 pixels) resolution, high-brightness Acer ComfyView LEDbacklit TFT LCD"", ""Camera"": ""FHD (1920 x 1080) with Blue Glass"", ""Operation System"": ""Windows 11 Home"", ""Optical Drive"": ""-"", ""Audio & Video"": ""Speakers"", ""Network / Connectivity Technology"": ""802.11a/b/g/n/ac+ax wireless LAN Dual Band (2.4 GHz and 5 GHz) 2x2 MU-MIMO Technology Supports Bluetooth® 5.1 or above"", ""Keyboard Feature"": ""Backlit"", ""Sensors"": ""FingerPrint"", ""Interface"": ""2x USB Standard-A ports, supporting: • One port for USB 3.2 Gen 1 • One port for USB 3.2 Gen 1 featuring power-off USB charging 1x USB Type-C port supporting: • USB 3.2 Gen 2 (up to 10 Gbps) • Thunderbolt 4 • USB charging 5 V; 3 A • DC-in port 20 V; 65 W 1x DC-in jack for AC adapter 1x HDMI® 2.1 port with HDCP support 1x 3.5 mm headphone/speaker jack, supporting headsets with a built-in microphone 1x Ethernet (RJ-45) port"", ""Battery / Power Supply"": ""50 Wh 3-cell Li-ion battery"", ""Dimensions"": ""14.2\"" (W) x 9.3\"" (D) x 0.70\"" (H)"", ""Weight"": ""4.21Lb"", ""Warranty"": ""2-Year Local Warranty"", ""Acer Aspire 5 15 2023 Price in Nepal"": ""Rs. 129,000 (i7 + RTX 2050)""}"
https://hexxone.com/laptops-by-brand/acer/acer-aspire-5-15-2024-14th-gen-core-5-16gb-ram-512gb-ssd-156-inch-fhd-display-2-year-warranty-in-nepal?limit=30,Acer Aspire 5 15 2024 14th Gen Core 5 - 16GB RAM - 512GB SSD - 15.6-inch FHD Display - 2 Year Warranty in Nepal,"NPR 97,500.00",Availability: Out Of Stock,Model: Acer Aspire 5 A15-51M-56XV | Processor: Intel® Core™ 5 processor 120U | RAM: 16GB LPDDR5 RAM | Storage: 512GB SSD | Display: 15.6-inch IPS display with Full-HD (1920 x 1080 pixels) resolution | Graphic: Intel UHD Graphics | Warranty: 2 Year Warranty,"{""Brand"": ""Acer"", ""Series"": ""Acer Aspire Series"", ""Product Model No"": ""Acer Aspire 5 A15-51M-56XV"", ""Type"": ""Budget Notebook"", ""CPU / Processor"": ""Intel® Core™ 5 processor 120U (2.0 up to 5.0 GHz / 12MB Cache)"", ""Memory"": ""16GB LPDDR5 RAM"", ""Storage"": ""512GB PCIe NVMe Gen4 SSD"", ""Storage Capability"": ""NA"", ""Graphic Card"": ""Intel® Graphics"", ""Display Screen / Design / Resolution"": ""15.6-inch IPS display; Full HD (1920 x 1080 pixels) resolution, high-brightness Acer ComfyView LEDbacklit TFT LCD"", ""Camera"": ""Acer FHD webcam, 1920 x 1080 resolution"", ""Operation System"": ""Windows 11 Home"", ""Optical Drive"": ""-"", ""Audio & Video"": ""Speakers"", ""Network / Connectivity Technology"": ""Wi-Fi 6 Bluetooth 5.1"", ""Keyboard Feature"": ""Non-Backlit"", ""Sensors"": ""No FingerPrint"", ""Interface"": ""1x USB Type-C port supporting: • USB4® 40Gbps • DisplayPort over USB-C • Thunderbolt 4 • USB charging 5 V; 3 A • DC-in port 20 V; 65 W 2x USB Standard-A ports, supporting: • One port for USB 3.2 Gen 1 • One port for USB 3.2 Gen 1 featuring power off USB charging 1x HDMI 2.1 port with HDCP support 1x 3.5 mm headphone/speaker jack, supporting headsets with built-in microphone"", ""Battery / Power Supply"": ""50 Wh 3-cell Li-ion battery"", ""Dimensions"": ""318.5 (W) x 225.5 (D) x 18.9 (H) mm"", ""Weight"": ""1.77Kg"", ""Warranty"": ""2-Year Local Warranty"", ""Acer Aspire 5 2024 Price in Nepal"": ""Rs.98,000 /-""}"
https://hexxone.com/laptops-by-brand/acer/acer-aspire-5-15-2024-14th-gen-core-5-8gb-ram-512gb-ssd-156-inch-fhd-display-2-year-warranty-in-nepal?limit=30,Acer Aspire 5 15 2024 14th Gen Core 5 - 8GB RAM - 512GB SSD - 15.6-inch FHD Display - 2 Year Warranty in Nepal,"NPR 79,000.00",Availability: Out Of Stock,Model: Acer Aspire 5 A15 2024 | Processor: Intel® Core™ 5 processor 120U | RAM: 8GB LPDDR5 RAM | Storage: 512GB SSD | Display: 15.6-inch IPS display with Full-HD (1920 x 1080 pixels) resolution | Graphic: Intel UHD Graphics | Warranty: 1 Year Warranty,"{""Brand"": ""Acer"", ""Series"": ""Acer Aspire Series"", ""Product Model No"": ""Acer Aspire 5 A15"", ""Type"": ""Budget Notebook"", ""CPU / Processor"": ""Intel® Core™ 5 processor 120U (2.0 up to 5.0 GHz / 12MB Cache)"", ""Memory"": ""8GB LPDDR5 RAM"", ""Storage"": ""512GB PCIe NVMe Gen4 SSD"", ""Storage Capability"": ""NA"", ""Graphic Card"": ""Intel® Graphics"", ""Display Screen / Design / Resolution"": ""15.6-inch IPS display; Full HD (1920 x 1080 pixels) resolution, high-brightness Acer ComfyView LEDbacklit TFT LCD"", ""Camera"": ""Acer FHD webcam, 1920 x 1080 resolution"", ""Operation System"": ""Windows 11 Home"", ""Optical Drive"": ""-"", ""Audio & Video"": ""Speakers"", ""Network / Connectivity Technology"": ""Wi-Fi 6 Bluetooth 5.1"", ""Keyboard Feature"": ""Non-Backlit"", ""Sensors"": ""No FingerPrint"", ""Interface"": ""1x USB Type-C port supporting: • USB4® 40Gbps • DisplayPort over USB-C • Thunderbolt 4 • USB charging 5 V; 3 A • DC-in port 20 V; 65 W 2x USB Standard-A ports, supporting: • One port for USB 3.2 Gen 1 • One port for USB 3.2 Gen 1 featuring power off USB charging 1x HDMI 2.1 port with HDCP support 1x 3.5 mm headphone/speaker jack, supporting headsets with built-in microphone"", ""Battery / Power Supply"": ""50 Wh 3-cell Li-ion battery"", ""Dimensions"": ""318.5 (W) x 225.5 (D) x 18.9 (H) mm"", ""Weight"": ""1.77Kg"", ""Warranty"": ""2-Year Local Warranty"", ""Acer Aspire 5 2024 Price in Nepal"": ""Rs.89,000""}"
https://hexxone.com/laptops-by-brand/acer/acer-aspire-5-15-2024-14th-gen-core-7-16gb-ram-512gb-ssd-156-inch-fhd-display-2-year-warranty-in-nepal?limit=30,Acer Aspire 5 15 2024 14th Gen Core 7 - 16GB RAM - 512GB SSD - 15.6-inch FHD Display - 2 Year Warranty in Nepal,"NPR 114,500.00",Availability: Out Of Stock,Model: Acer Aspire 5 A15-51M-70PZ | Processor: Intel® Core™ 7 processor 150U | RAM: 16GB LPDDR5 RAM | Storage: 512GB SSD | Display: 15.6-inch IPS display with Full-HD (1920 x 1080 pixels) resolution | Graphic: Intel Graphics | Warranty: 2 Year Warranty,"{""Brand"": ""Acer"", ""Series"": ""Acer Aspire Series"", ""Product Model No"": ""Acer Aspire 5 A15-51M-56XV"", ""Type"": ""Budget Notebook"", ""CPU / Processor"": ""Intel® Core™ 7 processor 150U (1.8 up to 5.4GHz / 12MB Cache)"", ""Memory"": ""16GB LPDDR5 RAM"", ""Storage"": ""512GB PCIe NVMe Gen4 SSD"", ""Storage Capability"": ""NA"", ""Graphic Card"": ""Intel® Graphics"", ""Display Screen / Design / Resolution"": ""15.6-inch IPS display; Full HD (1920 x 1080 pixels) resolution, high-brightness Acer ComfyView LEDbacklit TFT LCD"", ""Camera"": ""Acer FHD webcam, 1920 x 1080 resolution"", ""Operation System"": ""Windows 11 Home"", ""Optical Drive"": ""-"", ""Audio & Video"": ""Speakers"", ""Network / Connectivity Technology"": ""Wi-Fi 6 Bluetooth 5.1"", ""Keyboard Feature"": ""Non-Backlit"", ""Sensors"": ""No FingerPrint"", ""Interface"": ""1x USB Type-C port supporting: • USB4® 40Gbps • DisplayPort over USB-C • Thunderbolt 4 • USB charging 5 V; 3 A • DC-in port 20 V; 65 W 2x USB Standard-A ports, supporting: • One port for USB 3.2 Gen 1 • One port for USB 3.2 Gen 1 featuring power off USB charging 1x HDMI 2.1 port with HDCP support 1x 3.5 mm headphone/speaker jack, supporting headsets with built-in microphone"", ""Battery / Power Supply"": ""50 Wh 3-cell Li-ion battery"", ""Dimensions"": ""318.5 (W) x 225.5 (D) x 18.9 (H) mm"", ""Weight"": ""1.77Kg"", ""Warranty"": ""2-Year Local Warranty"", ""Acer Aspire 5 2024 Price in Nepal"": ""Rs.115,000""}"
https://hexxone.com/laptops-by-brand/acer/acer-aspire-5-15-2024-14th-gen-core-7-8gb-ram-512gb-ssd-156-inch-fhd-display-2-year-warranty-in-nepal?limit=30,Acer Aspire 5 15 2024 14th Gen Core 7 - 8GB RAM - 512GB SSD - 15.6-inch FHD Display - 2 Year Warranty in Nepal,"NPR 104,500.00",Availability: Out Of Stock,Model: Acer Aspire 5 A15-51M-70PZ | Processor: Intel® Core™ 7 processor 150U | RAM: 8GB LPDDR5 RAM | Storage: 512GB SSD | Display: 15.6-inch IPS display with Full-HD (1920 x 1080 pixels) resolution | Graphic: Intel Graphics | Warranty: 2 Year Warranty,"{""Brand"": ""Acer"", ""Series"": ""Acer Aspire Series"", ""Product Model No"": ""Acer Aspire 5 A15-51M-56XV"", ""Type"": ""Budget Notebook"", ""CPU / Processor"": ""Intel® Core™ 7 processor 150U (1.8 up to 5.4GHz / 12MB Cache)"", ""Memory"": ""8GB LPDDR5 RAM"", ""Storage"": ""512GB PCIe NVMe Gen4 SSD"", ""Storage Capability"": ""NA"", ""Graphic Card"": ""Intel® Graphics"", ""Display Screen / Design / Resolution"": ""15.6-inch IPS display; Full HD (1920 x 1080 pixels) resolution, high-brightness Acer ComfyView LEDbacklit TFT LCD"", ""Camera"": ""Acer FHD webcam, 1920 x 1080 resolution"", ""Operation System"": ""Windows 11 Home"", ""Optical Drive"": ""-"", ""Audio & Video"": ""Speakers"", ""Network / Connectivity Technology"": ""Wi-Fi 6 Bluetooth 5.1"", ""Keyboard Feature"": ""Non-Backlit"", ""Sensors"": ""No FingerPrint"", ""Interface"": ""1x USB Type-C port supporting: • USB4® 40Gbps • DisplayPort over USB-C • Thunderbolt 4 • USB charging 5 V; 3 A • DC-in port 20 V; 65 W 2x USB Standard-A ports, supporting: • One port for USB 3.2 Gen 1 • One port for USB 3.2 Gen 1 featuring power off USB charging 1x HDMI 2.1 port with HDCP support 1x 3.5 mm headphone/speaker jack, supporting headsets with built-in microphone"", ""Battery / Power Supply"": ""50 Wh 3-cell Li-ion battery"", ""Dimensions"": ""318.5 (W) x 225.5 (D) x 18.9 (H) mm"", ""Weight"": ""1.77Kg"", ""Warranty"": ""2-Year Local Warranty"", ""Acer Aspire 5 2024 Price in Nepal"": ""Rs.110,000""}"
https://hexxone.com/laptops-by-brand/acer/Acer-Aspire-5-15-AMD-Ryzen-5-8640HS-16GB-RAM-512GB-SSD-Radeon-Graphics-15-6-inch-FHD-Display-with-AI-1-Year-Warranty-in-Nepal?limit=30,Acer Aspire 5 15 AMD Ryzen 5-8640HS 16GB RAM - 512GB SSD - Radeon Graphics - 15.6-inch FHD Display with AI - 1 Year Warranty in Nepal,"NPR 75,900.00",Availability: Out Of Stock,Model : Aspire 5 15 AMD Ryzen 5-8640HS | Processor : AMD Ryzen 5-8640HS | RAM : 16GB LPDDR5 RAM | Storage : 512GB SSD | Display : 15.6-inch IPS display with Full-HD (1920 x 1080 pixels) resolution | Graphic : AMD Radeon Graphics | Warranty : 1 Year Warranty,"{""Brand"": ""Acer"", ""Series"": ""Acer Aspire Series"", ""Product Model No"": ""Aspire 5 15 AMD Ryzen 5-8640HS"", ""Type"": ""Budget Notebook"", ""CPU / Processor"": ""AMD Ryzen 5-8640HS"", ""Memory"": ""16GB  DDR5 RAM"", ""Storage"": ""512GB PCIe NVMe Gen3 SSD"", ""Storage Capability"": ""-"", ""Graphic Card"": ""AMD Radeon Graphics"", ""Display Screen / Design / Resolution"": ""15.6-inch IPS display; Full HD (1920 x 1080 pixels) resolution, high-brightness Acer ComfyView LEDbacklit TFT LCD"", ""Camera"": ""Acer HD webcam, 1280 x 720 resolution"", ""Operation System"": ""Windows 11 Home"", ""Optical Drive"": ""-"", ""Audio & Video"": ""Speakers"", ""Network / Connectivity Technology"": ""802.11a/b/g/n/ac+ax wireless LAN Dual Band (2.4 GHz and 5 GHz) 2x2 MU-MIMO Technology Supports Bluetooth® 5.1 or above"", ""Keyboard Feature"": ""Non-Backlit"", ""Sensors"": ""No FingerPrint"", ""Interface"": ""1x USB Type-C port supporting: • USB 3.2 Gen 2 (up to 10 Gbps) • DisplayPort over USB-C • USB charging 5 V; 3 A • DC-in port 19 V; 45 W 2x USB Standard A ports supporting • One port for USB 3.2 Gen 1 • One port for USB 3.2 Gen 2 1x HDMI® 2.1 port with HDCP support 1x DC-in jack for AC adapter 1x 3.5 mm headphone/speaker jack, supporting headsets with built-in microphone"", ""Battery / Power Supply"": ""40 Wh 3-cell Li-ion battery"", ""Dimensions"": ""12.5\"" (W) x 9.5\"" (D) x 0.74\"" (H)"", ""Weight"": ""3.97Lb"", ""Warranty"": ""1-Year Local Warranty"", ""Acer Aspire 5 2023 Price in Nepal"": ""Rs. 75,900""}"
https://hexxone.com/laptops-by-brand/acer/acer-aspire-lite-14-2023-intel-core-i3-n30-8gb-ram-512gb-ssd-14-inch-wuxga-display-1-year-warranty-in-nepal?limit=30,Acer Aspire Lite 14 2023 Intel Core i3-N30 - 8GB RAM - 512GB SSD - 14-inch WUXGA Display - 1 Year Warranty in Nepal,"NPR 51,500.00",Availability: Out Of Stock,"Model : Acer Aspire Lite 14 AL14-31P-318W | Processor : Intel® Core™ i3-N300 processor | RAM : 8GB LPDDR5 RAM | Storage : 512GB SSD | Display : 14"" 16:10 WUXGA (1920x1200) IPS LED-backlit TFT LCD Display | Graphic : Intel®UHD Graphics | Warranty : 1 Year Warranty","{""Brand"": ""Acer"", ""Series"": ""Acer Aspire Series"", ""Product Model No"": ""Acer Aspire Lite 14 AL14-31P-318W"", ""Type"": ""Budget Notebook"", ""CPU / Processor"": ""Intel® Core™ i3-N300 processor (6 MB Smart Cache, 0.8 GHz with Intel® Turbo Boost Technology 2.0 up to 3.8 GHz)"", ""Memory"": ""8GB OnBoard DDR5 RAM"", ""Storage"": ""512GB PCIe NVMe Gen3 SSD"", ""Storage Capability"": ""NA"", ""Graphic Card"": ""Intel UHD Graphics"", ""Display Screen / Design / Resolution"": ""14-inch WUXGA (1920 x 1200) 16:10 IPS display with Acer ComfyView LED-backlit and ultra-slim design"", ""Camera"": ""Acer HD webcam, 1280 x 720 resolution"", ""Operation System"": ""Windows 11 Home"", ""Optical Drive"": ""-"", ""Audio & Video"": ""Speakers"", ""Network / Connectivity Technology"": ""Intel® Wireless Wi-Fi 5 • 802.11a/b/g/n/ac wireless LAN • Dual Band (2.4 GHz and 5 GHz) • 2x2 MU-MIMO technology • Supports Bluetooth® 5.0"", ""Keyboard Feature"": ""Non-Backlit"", ""Sensors"": ""No FingerPrint"", ""Interface"": ""1x USB Type-C port supporting: •USB 3.2 Gen 2 (up to 10Gbps) •Display Port over USB-C 3x USB Standard-A ports supporting 3.2 Gen 1 1x HDMI 1.4 port with HDCP support 1x SD Microsd card reader 1x 3.5 mm headphone/speaker jack, supporting headsets with built-in microphone"", ""Battery / Power Supply"": ""45Wh 2-cell Li-Ion Battery"", ""Dimensions"": ""314.4 (W) x 220 (D) x 18.95/18.95 (H) mm"", ""Weight"": ""1.35kg"", ""Warranty"": ""1-Year Local Warranty"", ""Acer Aspire Lite 14 2023 Price in Nepal"": ""Rs. 58,000/-""}"
https://hexxone.com/laptops-by-brand/acer/acer-nitro-16-2024-amd-r7-8845hs-rtx-4050-6gb-2-year-warranty-in-nepal-16gb-ram-512gb-ssd-16-inch-wuxga-1920-x-1200-165hz-display?limit=30,Acer Nitro 16 2024 AMD R7-8845HS - RTX 4050 6GB - 2 Year Warranty in Nepal - 16GB RAM - 512GB SSD - 16-inch WUXGA 1920 X 1200 165Hz display,"NPR 177,500.00",Availability: Out Of Stock,"Model: Acer Nitro 16 2024 | Processor: AMD Ryzen™ 7 8845HS Processor 3.8GHz | RAM: 16 GB DDR5 5600MHz | Storage: 512GB SSD | Display: 16"" display with IPS (In-Plane Switching) technology, Full HD 1920 x 1200, Acer ComfyView LED-backlit TFT LCD,16:9 aspect ratio, supporting 165 Hz refresh rate | Graphic: NVIDIA® GeForce® RTX 4050 with 6GB of dedicated GDDR6 VRAM | Warranty: 2 Year Warranty",{}
https://hexxone.com/laptops-by-brand/acer/acer-nitro-5-2020-i7-10th-gen-rtx-3060-512gb-ssd-8gb-ram-156-inch-fhd-144hz-1-year-warranty-in-nepal?limit=30,Acer Nitro 5 2020 i7 10TH GEN - RTX 3060 - 512GB SSD - 8GB RAM - 15.6-inch FHD 144hz - 1 Year Warranty in Nepal,"NPR 128,500.00",Availability: Out Of Stock,"Model: Acer Nitro 5 2020 | Processor: Intel Core i7-10750H | RAM: 8GB DDR4 3200MHz | Storage: 512GB SSD | Display: 15.6"" 144Hz LCD IPS | Graphic: NVIDIA GeForce RTX 3060 with 6GB GDDR6 | Warranty: 1 Year Warranty","{""CPU"": ""Intel Core i7-10750H 2.60 GHz Turbo up to 5.0GHz"", ""Processor Core"": ""6 Core"", ""Graphics"": ""NVIDIA GeForce RTX 3060 with 6GB GDDR6"", ""Memory"": ""8GB DDR4 3200MHz Memory"", ""Display"": ""15.6\""  144Hz LCD ComfyView In-plane Switching (IPS) Technology Full HD Backlight Technology LED 1920 x 1080 Pixels"", ""Connections"": ""LAN USB-C 3.2 Gen 2 HDMI USB 3.0 (with power off charging) 3 x USB 3.0 Headphone/microphone combo jack"", ""Networking"": ""IEEE 802.11ax"", ""Storage"": ""512 GB SSD"", ""Size: Height x Width x Depth"": ""14.3\"" x 10\"" x 0.94\"""", ""Battery"": ""4-cell Lithium-Ion (Li-Ion) 3320 mAh"", ""CameraWebcam"": ""720p"", ""Weight"": ""5.07Lbs"", ""Maximum Power Supply Wattage"": ""230 watt""}"
https://hexxone.com/laptops-by-brand/acer/acer-nitro-5-2021-amd-ryzen-7-5800h-rtx-3070-16gb-ram-1tb-ssd-156-inch-fhd-144hz-display-1-year-warranty-in-nepal?limit=30,Acer Nitro 5 2021 AMD Ryzen 7 5800H - RTX 3070 - 16GB RAM - 1TB SSD - 15.6-inch FHD 144Hz display - 1 Year Warranty in Nepal,"NPR 148,500.00",Availability: Out Of Stock,"Model: Acer Nitro 5 2021 | Processor: AMD Ryzen 7 5800H | RAM: 8GB RAM | Storage: 1TB SSD | Display: 15.6"" FHD 144Hz IPS | Graphic: NVIDIA RTX 3070 8GB | Warranty: 1 Year Warranty","{""Brand"": ""Acer"", ""CPU"": ""AMD Ryzen 7 5800H Mobile Processor (8-core/16-thread, 20MB cache, up to 4.4 GHz max boost)"", ""Processor Core"": ""8-Core (Octa-core)"", ""Graphics"": ""NVIDIA GeForce RTX 3070 with 8GB GDDR6"", ""Memory"": ""8GB DDR4-3200MHz"", ""Display"": ""15.6-inch IPS display; Full-HD (1920 x 1080 pixels) resolution; 144Hz refresh rate"", ""Type"": ""Gaming Laptop"", ""Connections"": ""LAN USB-C 3.2 Gen 2 HDMI USB 3.0 (with power off charging) 3 x USB 3.0 Headphone/microphone combo jack"", ""Networking"": ""IEEE 802.11ax"", ""Storage"": ""1TB SSD"", ""Size: Height x Width x Depth"": ""14.3\"" x 10\"" x 0.94\"""", ""Battery"": ""4-cell Lithium-Ion (Li-Ion) 3320 mAh"", ""Camera Webcam"": ""720p"", ""Weight"": ""5.29Lbs"", ""Maximum Power Supply Wattage"": ""135 watt"", ""Acer Nitro 5 2021 Price in Nepal"": ""Rs. 175000 (Ryzen 7, RTX 3070)""}"
https://hexxone.com/laptops-by-brand/acer/acer-nitro-5-2021-i7-11th-gen-11800h-rtx-3050ti-156-inch-fhd-144hz-16gb-ram-1tb-ssd-1-year-warranty-in-nepal?limit=30,Acer Nitro 5 2021 i7 11TH GEN 11800H - RTX 3050ti - 15.6-inch FHD 144Hz - 16GB RAM - 1TB SSD - 1 Year Warranty in Nepal,"NPR 130,500.00",Availability: Out Of Stock,"Model: Acer Nitro 5 AN515 | Processor: 11th GenerationIntel Core i7-11800H | RAM: 16 GB DDR4 3200MHz | Storage: 1TB SSD | Display: 15.6"" display with IPS (In-Plane Switching) technology, Full HD 1920 x 1080 | Graphic: NVIDIA GeForce RTX 3050ti with 4GB of dedicated GDDR6 VRAM | Warranty: 1 Year Warranty",{}
https://hexxone.com/laptops-by-brand/acer/acer-nitro-5-2021-i7-11th-gen-11800h-rtx-3070-156-inch-fhd-144hz-16gb-ram-1tb-ssd-1-year-warranty-in-nepal?limit=30,Acer Nitro 5 2021 i7 11TH GEN 11800H - RTX 3070 - 15.6-inch FHD 144Hz - 16GB RAM - 1TB SSD - 1 Year Warranty in Nepal,"NPR 174,500.00",Availability: Out Of Stock,"Model: Acer Nitro 5 AN515 | Processor: 11th GenerationIntel Core i7-11800H | RAM: 16 GB DDR4 3200MHz | Storage: 1TB SSD | Display: 15.6"" display with IPS (In-Plane Switching) technology, Full HD 1920 x 1080 | Graphic: NVIDIA GeForce RTX 3070 with 8GB of dedicated GDDR6 VRAM | Warranty: 1 Year Warranty",{}
https://hexxone.com/laptops-by-brand/acer/acer-nitro-5-2021-intel-i5-10th-gen-rtx-3060-16gb-ram-512-ssd-156-inch-fhd-144hz-display-1-year-warranty-in-nepal?limit=30,Acer Nitro 5 2021 Intel i5 10Th Gen - RTX 3060 - 16GB RAM - 512 SSD - 15.6-inch FHD 144Hz display - 1 Year Warranty in Nepal,"NPR 109,500.00",Availability: Out Of Stock,"Model: Acer Nitro 5 2021 | Processor: Intel Core i5-10300H | RAM: 16GB RAM | Storage: 512GB SSD | Display: 15.6"" FHD 144Hz IPS | Graphic: NVIDIA RTX 3060 with 6GB | Warranty: 1 Year Warranty","{""Brand"": ""Acer"", ""CPU"": ""Intel Core i5-10300H 2.50 GHz Turbo up to 4.5GHz"", ""Processor Core"": ""4-Core (quad-core)"", ""Graphics"": ""NVIDIA GeForce RTX 3060 with 6GB GDDR6"", ""Memory"": ""16GB DDR4-3200MHz"", ""Display"": ""15.6-inch IPS display; Full-HD (1920 x 1080 pixels) resolution; 144Hz refresh rate"", ""Type"": ""Gaming Laptop"", ""Connections"": ""LAN USB-C 3.2 Gen 2 HDMI USB 3.0 (with power off charging) 3 x USB 3.0 Headphone/microphone combo jack"", ""Networking"": ""IEEE 802.11ax"", ""Storage"": ""512GB SSD"", ""Size: Height x Width x Depth"": ""14.3\"" x 10\"" x 0.94\"""", ""Battery"": ""4-cell Lithium-Ion (Li-Ion) 3320 mAh"", ""Camera Webcam"": ""720p"", ""Weight"": ""5.29Lbs"", ""Maximum Power Supply Wattage"": ""135 watt"", ""Acer Nitro 5 2021 Price in Nepal"": ""Rs. 129,000""}"
https://hexxone.com/laptops-by-brand/acer/acer-nitro-v-15-2023-i5-13420h-rtx-2050-4gb-2-year-warranty-in-nepal-16gb-ram-512gb-ssd-156-inch-fhd-144hz-display?limit=30,Acer Nitro V 15 2023 i5 13420H - RTX 2050 4GB - 2 Year Warranty in Nepal - 16GB RAM - 512GB SSD - 15.6-inch FHD 144Hz display,"NPR 112,500.00",Availability: Out Of Stock,"Model: Acer Nitro V 15 2023 | Processor: 13th GenerationIntel Core i5-13420H | RAM: 16 GB DDR5 4800MHz | Storage: 512GB SSD | Display: 15.6"" display with IPS (In-Plane Switching) technology, Full HD 1920 x 1080, Acer ComfyView LED-backlit TFT LCD,16:9 aspect ratio, supporting 144 Hz refresh rate | Graphic: NVIDIA® GeForce® RTX 2050 with 4GB of dedicated GDDR6 VRAM | Warranty: 2 Year Warranty",{}
https://hexxone.com/laptops-by-brand/acer/acer-nitro-v-15-2023-i5-13420h-rtx-3050-6gb-2-year-warranty-in-nepal-16gb-ram-512gb-ssd-156-inch-fhd-144hz-display?limit=30,Acer Nitro V 15 2023 i5 13420H - RTX 3050 6GB - 2 Year Warranty in Nepal - 16GB RAM - 512GB SSD - 15.6-inch FHD 144Hz display,"NPR 122,500.00",Availability: Out Of Stock,"Model: Acer Nitro V 15 2023 | Processor: 13th GenerationIntel Core i5-13420H | RAM: 16 GB DDR5 4800MHz | Storage: 512GB SSD | Display: 15.6"" display with IPS (In-Plane Switching) technology, Full HD 1920 x 1080, Acer ComfyView LED-backlit TFT LCD,16:9 aspect ratio, supporting 144 Hz refresh rate | Graphic: NVIDIA® GeForce® RTX 3050 with 6GB of dedicated GDDR6 VRAM | Warranty: 2 Year Warranty",{}
https://hexxone.com/laptops-by-brand/acer/acer-nitro-v-15-2023-i7-13620h-rtx-2050-4gb-1-year-warranty-in-nepal-16gb-ram-512gb-ssd-156-inch-fhd-144hz-display?limit=30,Acer Nitro V 15 2023 i7 13620H - RTX 2050 4GB - 1 Year Warranty in Nepal - 16GB RAM - 512GB SSD - 15.6-inch FHD 144Hz display,"NPR 115,500.00",Availability: Out Of Stock,"Model: Acer Nitro V 15 2023 | Processor: 13th GenerationIntel Core i7-13620H | RAM: 16 GB DDR5 4800MHz | Storage: 512GB SSD | Display: 15.6"" display with IPS (In-Plane Switching) technology, Full HD 1920 x 1080, Acer ComfyView LED-backlit TFT LCD,16:9 aspect ratio, supporting 144 Hz refresh rate | Graphic: NVIDIA® GeForce® RTX 2050 with 4GB of dedicated GDDR6 VRAM | Warranty: 1 Year Warranty",{}
https://hexxone.com/laptops-by-brand/acer/acer-nitro-v-15-2023-i7-13620h-rtx-3050-6gb-2-year-warranty-in-nepal-16gb-ram-512gb-ssd-156-inch-fhd-144hz-display?limit=30,Acer Nitro V 15 2023 i7 13620H - RTX 3050 6GB - 2 Year Warranty in Nepal - 16GB RAM - 512GB SSD - 15.6-inch FHD 144Hz display,"NPR 142,500.00",Availability: Out Of Stock,"Model: Acer Nitro V 15 2023 | Processor: 13th GenerationIntel Core i7-13620H | RAM: 16 GB DDR5 4800MHz | Storage: 512GB SSD | Display: 15.6"" display with IPS (In-Plane Switching) technology, Full HD 1920 x 1080, Acer ComfyView LED-backlit TFT LCD,16:9 aspect ratio, supporting 144 Hz refresh rate | Graphic: NVIDIA® GeForce® RTX 3050 with 6GB of dedicated GDDR6 VRAM | Warranty: 2 Year Warranty",{}
https://hexxone.com/laptops-by-brand/acer/acer-nitro-v-15-2023-i7-13620h-rtx-4050-6gb-16gb-ram-512gb-ssd-156-inch-fhd-144hz-display-2-year-warranty-in-nepal?limit=30,Acer Nitro V 15 2023 i7 13620H - RTX 4050 6GB - 16GB RAM - 512GB SSD - 15.6-inch FHD 144Hz display - 2 Year Warranty in Nepal,"NPR 155,500.00",Availability: Out Of Stock,"Model: Acer Nitro V 15 2023 | Processor: 13th GenerationIntel Core i7-13620H | RAM: 16 GB DDR5 4800MHz | Storage: 512GB SSD | Display: 15.6"" display with IPS (In-Plane Switching) technology, Full HD 1920 x 1080, Acer ComfyView LED-backlit TFT LCD,16:9 aspect ratio, supporting 144 Hz refresh rate | Graphic: NVIDIA® GeForce® RTX 4050 with 6GB of dedicated GDDR6 VRAM | Warranty: 2 Year Warranty",{}
https://hexxone.com/laptops-by-brand/acer/acer-nitro-v-15-2023-i7-13620h-rtx-4060-8gb-2-year-warranty-in-nepal-16gb-ram-512gb-ssd-156-inch-fhd-144hz-display?limit=30,Acer Nitro V 15 2023 i7 13620H - RTX 4060 8GB - 2 Year Warranty in Nepal - 16GB RAM - 512GB SSD - 15.6-inch FHD 144Hz display,"NPR 166,500.00",Availability: Out Of Stock,"Model: Acer Nitro V 15 2023 | Processor: 13th GenerationIntel Core i7-13620H | RAM: 16 GB DDR5 4800MHz | Storage: 512GB SSD | Display: 15.6"" display with IPS (In-Plane Switching) technology, Full HD 1920 x 1080, Acer ComfyView LED-backlit TFT LCD,16:9 aspect ratio, supporting 144 Hz refresh rate | Graphic: NVIDIA® GeForce® RTX 4060 with 8GB of dedicated GDDR6 VRAM | Warranty: 2 Year Warranty",{}
https://hexxone.com/laptops-by-brand/acer/acer-nitro-v-15-2024-amd-ryzen-5-7535hs-rtx-2050-4gb-1-year-warranty-in-nepal-8gb-ram-512gb-ssd-156-inch-fhd-144hz-display?limit=30,Acer Nitro V 15 2024 AMD Ryzen 5 7535HS - RTX 2050 4GB - 1 Year Warranty in Nepal - 8GB RAM - 512GB SSD - 15.6-inch FHD 144Hz display,"NPR 93,500.00",Availability: Out Of Stock,"Model: Acer Nitro V 15 2024 | Processor: AMD Ryzen 5 7535HS Processor | RAM: 8 GB DDR5 4800MHz | Storage: 512GB SSD | Display: 15.6"" display with IPS (In-Plane Switching) technology, Full HD 1920 x 1080, Acer ComfyView LED-backlit TFT LCD,16:9 aspect ratio, supporting 144 Hz refresh rate | Graphic: NVIDIA® GeForce® RTX 2050 with 4GB of dedicated GDDR6 VRAM | Warranty: 1 Year Warranty",{}
https://hexxone.com/laptops-by-brand/acer/acer-nitro-v-15-2024-i5-13420h-rtx-4050-6gb-2-year-warranty-in-nepal-16gb-ram-512gb-ssd-156-inch-fhd-144hz-display?limit=30,Acer Nitro V 15 2024 i5 13420H - RTX 4050 6GB - 2 Year Warranty in Nepal - 16GB RAM - 512GB SSD - 15.6-inch FHD 144Hz display,"NPR 140,500.00",Availability: Out Of Stock,"Model: Acer Nitro V 15 2024 | Processor: 13th GenerationIntel Core i5-13420H | RAM: 16 GB DDR5 4800MHz | Storage: 512GB SSD | Display: 15.6"" display with IPS (In-Plane Switching) technology, Full HD 1920 x 1080, Acer ComfyView LED-backlit TFT LCD,16:9 aspect ratio, supporting 144 Hz refresh rate | Graphic: NVIDIA® GeForce® RTX 4050 with 6GB of dedicated GDDR6 VRAM | Warranty: 2 Year Warranty",{}
https://hexxone.com/laptops-by-brand/acer/acer-nitro-v-16-2024-amd-r7-8845hs-2-year-warranty-in-nepal-rtx-4050-6gb-16gb-ram-512gb-ssd-16-inch-wuxga-1920x1200-165hz-display?limit=30,Acer Nitro V 16 2024 AMD R7-8845HS - 2 Year Warranty in Nepal - RTX 4050 6GB - 16GB RAM - 512GB SSD - 16-inch WUXGA 1920X1200) 165Hz display,"NPR 144,500.00",Availability: Out Of Stock,"Model: Acer Nitro V 16 2023 | Processor: AMD Ryzen™ 7 8845HS Processor 3.8GHz | RAM: 16 GB DDR5 5600MHz | Storage: 512GB SSD | Display: 16"" display with IPS (In-Plane Switching) technology, WUXGA 1920 x 1200, Acer ComfyView LED-backlit TFT LCD,16:9 aspect ratio, supporting 165 Hz refresh rate | Graphic: NVIDIA® GeForce® RTX 4050 with 6GB of dedicated GDDR6 VRAM | Warranty: 2 Year Warranty",{}
https://hexxone.com/laptops-by-brand/acer/acer-predator-helios-16-2023-i9-13th-gen-3-year-warranty-in-nepal-rtx-4070-16gb-ram-1tb-ssd-16-inch-wqxga-240hz-display?limit=30,Acer Predator Helios 16 2023 i9 13th Gen - 3 Year Warranty in Nepal - RTX 4070 - 16GB RAM - 1TB SSD - 16-inch WQXGA 240Hz display,"NPR 264,500.00",Availability: Out Of Stock,"MPN: PH16-71 | Model: Acer Predator Helios 16(PH16-71)2023 | Processor: 13th GenerationIntel Core i9-13900HX | RAM:16GB DDR5-5200MHz | Storage: 1TB SSD | Display: 16"" display with IPS, WQXGA 2560 x 1600 pixels | Graphic: NVIDIA GeForce RTX 4070 Graphics with 8GB of dedicated GDDR6 VRAM | Warranty: 2 Year Warranty","{""Brand"": ""Acer"", ""Series"": ""Predator Helios Series"", ""Model"": ""Acer Predator Helios 16 (PH16-71) 2023"", ""Type"": ""Powerful gaming laptops"", ""CPU"": ""13th Generation Intel Core i9-13900HX 24-Core, 32-threads Clock Speed 3.90 GHz Max Turbo Frequency 5.40 GHz 36 MB Intel Smart Cache"", ""Processor Core"": ""Twenty Four cores (24 Cores)"", ""Graphics"": ""NVIDIA GeForce RTX 4070 Graphics with 8GB of dedicated GDDR6 VRAM"", ""Memory"": ""16GB DDR5-5200MHz"", ""Display"": ""16\"" display with IPS, WQXGA 2560 x 1600  pixels, high-brightness (300 nits) Acer ComfyView LED-backlit TFT LCD, supporting 240 Hz, 3 ms Overdrive, 16:9 aspect ratio, DCI-P3 100%"", ""Connections"": ""HDMI: Yes Number of HDMI Outputs: 1 Number of USB 3.2 Gen 1 Type-A Ports: 2 Number of USB 3.2 Gen 2 Type-A Ports: 1 Number of USB 3.2 Gen 2 Type-C Ports: 1 Total Number of USB Ports: 4 USB Type-C: Yes USB Type-C Detail: USB Type-C port: USB 3.2 Gen 2 (up to 10 Gbps) DisplayPort over USB-C Thunderbolt 4 USB charging 5 V; 3 A Network (RJ-45): Yes"", ""Networking"": ""Killer Double Shot Pro Wireless-AX 1650i 802. 11ax Wi-Fi 6 Built-in Bluetooth™ 5.1"", ""Storage"": ""1TB SSD"", ""Size height x width x depth"": ""399.3 x 295.5 x 26.8-27.6 mm 15.72 x 11.63 x 1.06-1.09 inches"", ""Battery"": ""90Whr, 4-cell Li-ion  Battery Pack"", ""Camera Webcam"": ""1080P"", ""Weight"": ""5.51lb"", ""Maximum Power Supply Wattage"": ""300 watt"", ""Acer Predator Helios 300 2023 Price in Nepal"": ""Rs. 295,000 (i7-13700H, RTX 4070)"", ""Link To check Authorised Warranty For Nepal"": ""https://support.acer.com.sg/regional/""}"
https://hexxone.com/laptops-by-brand/acer/acer-predator-helios-16-2023-i9-13th-gen-3-year-warranty-in-nepal-rtx-4080-16gb-ram-1tb-ssd-16-inch-wqxga-240hz-display?limit=30,Acer Predator Helios 16 2023 i9 13th Gen - 3 Year Warranty in Nepal - RTX 4080 - 16GB RAM - 1TB SSD - 16-inch WQXGA 240Hz display,"NPR 329,500.00",Availability: Out Of Stock,"MPN: PH16-71 | Model: Acer Predator Helios 16(PH16-71)2023 | Processor: 13th GenerationIntel Core i9-13900HX | RAM:16GB DDR5-5200MHz | Storage: 1TB SSD | Display: 16"" display with IPS, WQXGA 2560 x 1600 pixels | Graphic: NVIDIA GeForce RTX 4080 Graphics with 12GB of dedicated GDDR6 VRAM | Warranty: 2 Year Warranty","{""Brand"": ""Acer"", ""Series"": ""Predator Helios Series"", ""Model"": ""Acer Predator Helios 16 (PH16-71) 2023"", ""Type"": ""Powerful gaming laptops"", ""CPU"": ""13th Generation Intel Core i9-13900HX 24-Core, 32-threads Clock Speed 3.90 GHz Max Turbo Frequency 5.40 GHz 36 MB Intel Smart Cache"", ""Processor Core"": ""Twenty Four cores (24 Cores)"", ""Graphics"": ""NVIDIA GeForce RTX 4080 Graphics with 12GB of dedicated GDDR6 VRAM"", ""Memory"": ""16GB DDR5-5200MHz"", ""Display"": ""16\"" display with IPS, WQXGA 2560 x 1600  pixels, high-brightness (300 nits) Acer ComfyView LED-backlit TFT LCD, supporting 240 Hz, 3 ms Overdrive, 16:9 aspect ratio, DCI-P3 100%"", ""Connections"": ""HDMI: Yes Number of HDMI Outputs: 1 Number of USB 3.2 Gen 1 Type-A Ports: 2 Number of USB 3.2 Gen 2 Type-A Ports: 1 Number of USB 3.2 Gen 2 Type-C Ports: 1 Total Number of USB Ports: 4 USB Type-C: Yes USB Type-C Detail: USB Type-C port: USB 3.2 Gen 2 (up to 10 Gbps) DisplayPort over USB-C Thunderbolt 4 USB charging 5 V; 3 A Network (RJ-45): Yes"", ""Networking"": ""Killer Double Shot Pro Wireless-AX 1650i 802. 11ax Wi-Fi 6 Built-in Bluetooth™ 5.1"", ""Storage"": ""1TB SSD"", ""Size height x width x depth"": ""399.3 x 295.5 x 26.8-27.6 mm 15.72 x 11.63 x 1.06-1.09 inches"", ""Battery"": ""90Whr, 4-cell Li-ion  Battery Pack"", ""Camera Webcam"": ""1080P"", ""Weight"": ""5.51lb"", ""Maximum Power Supply Wattage"": ""300 watt"", ""Acer Predator Helios 300 2023 Price in Nepal"": ""Rs. 330,000 (i9-13900H, RTX 4080)"", ""Link To check Authorised Warranty For Nepal"": ""https://support.acer.com.sg/regional/""}"
https://hexxone.com/laptops-by-brand/acer/acer-predator-helios-16-2024-i9-14900hx-3-year-warranty-in-nepal-rtx-4070-16gb-ram-1tb-ssd-16-inch-wqxga-240hz-display?limit=30,Acer Predator Helios 16 2024 i9 14900HX - 3 Year Warranty in Nepal - RTX 4070 - 16GB RAM - 1TB SSD - 16-inch WQXGA 240Hz display,"NPR 304,500.00",Availability: Out Of Stock,"MPN : PH16-72-91SF | Model : Acer Predator Helios 16(PH16-72-91SF)2024 | Processor : 14th GenerationIntel Core i9-14900HX | RAM :16GB DDR5-5600MHz | Storage : 1TB SSD | Display : 16"" display with IPS, WQXGA 2560 x 1600 pixels, 240 Hz | Graphic : NVIDIA GeForce RTX 4070 Graphics with 8GB of dedicated GDDR6 VRAM | Warranty : 3 Year Warranty","{""Brand"": ""Acer"", ""Series"": ""Predator Helios Series"", ""Model"": ""Acer Predator Helios 16 (PH16-72-91SF) 2024"", ""Type"": ""Powerful gaming laptops"", ""CPU"": ""Intel® Core™ i9 Processor 14900HX 2.2 GHz (36MB Cache, up to 5.8 GHz, 24 cores, 32 Threads)"", ""Processor Core"": ""Twenty Four cores (24 Cores)"", ""Graphics"": ""NVIDIA GeForce RTX 4070 Graphics with 8GB of dedicated GDDR6 VRAM"", ""Memory"": ""16GB DDR5-5600MHz"", ""Display"": ""16\"" display with IPS, WQXGA 2560 x 1600  pixels, high-brightness (300 nits) Acer ComfyView LED-backlit TFT LCD, supporting 240 Hz, 3 ms Overdrive, 16:9 aspect ratio, DCI-P3 100%"", ""Connections"": ""HDMI: Yes Number of HDMI Outputs: 1 Number of USB 3.2 Gen 1 Type-A Ports: 2 Number of USB 3.2 Gen 2 Type-A Ports: 1 Number of USB 3.2 Gen 2 Type-C Ports: 1 Total Number of USB Ports: 4 USB Type-C: Yes USB Type-C Detail: USB Type-C port: USB 3.2 Gen 2 (up to 10 Gbps) DisplayPort over USB-C Thunderbolt 4 USB charging 5 V; 3 A Network (RJ-45): Yes"", ""Networking"": ""Killer Double Shot Pro Wireless-AX 1650i 802. 11ax Wi-Fi 6 Built-in Bluetooth™ 5.1"", ""Storage"": ""1TB SSD"", ""Size height x width x depth"": ""399.3 x 295.5 x 26.8-27.6 mm 15.72 x 11.63 x 1.06-1.09 inches"", ""Battery"": ""90Whr, 4-cell Li-ion  Battery Pack"", ""Camera Webcam"": ""1080P"", ""Weight"": ""5.51lb"", ""Maximum Power Supply Wattage"": ""300 watt"", ""Acer Predator Helios 16 2024 Price in Nepal"": ""Rs. 3,10,000/-"", ""Link To check Authorised Warranty For Nepal"": ""https://support.acer.com.sg/regional/""}"
https://hexxone.com/laptops-by-brand/acer/acer-predator-helios-16-2024-i9-14900hx-3-year-warranty-in-nepal-rtx-4080-16gb-ram-1tb-ssd-16-inch-wqxga-240hz-display?limit=30,Acer Predator Helios 16 2024 i9 14900HX - 3 Year Warranty in Nepal - RTX 4080 - 16GB RAM - 1TB SSD - 16-inch WQXGA 240Hz display,"NPR 352,500.00",Availability: Out Of Stock,"MPN : PH16-72-92N9 | Model : Acer Predator Helios 16(PH16-72-92N9)2024 | Processor : 14th GenerationIntel Core i9-14900HX | RAM :16GB DDR5-5600MHz | Storage : 1TB SSD | Display : 16"" display with IPS, WQXGA 2560 x 1600 pixels, 240 Hz | Graphic : NVIDIA GeForce RTX 4080 Graphics with 12GB of dedicated GDDR6 VRAM | Warranty : 3 Year Warranty","{""Brand"": ""Acer"", ""Series"": ""Predator Helios Series"", ""Model"": ""Acer Predator Helios 16 (PH16-72-92N9) 2024"", ""Type"": ""Powerful gaming laptops"", ""CPU"": ""Intel® Core™ i9 Processor 14900HX 2.2 GHz (36MB Cache, up to 5.8 GHz, 24 cores, 32 Threads)"", ""Processor Core"": ""Twenty Four cores (24 Cores)"", ""Graphics"": ""NVIDIA GeForce RTX 4080 Graphics with 12GB of dedicated GDDR6 VRAM"", ""Memory"": ""16GB DDR5-5600MHz"", ""Display"": ""16\"" display with IPS, WQXGA 2560 x 1600  pixels, high-brightness (300 nits) Acer ComfyView LED-backlit TFT LCD, supporting 240 Hz, 3 ms Overdrive, 16:9 aspect ratio, DCI-P3 100%"", ""Connections"": ""HDMI: Yes Number of HDMI Outputs: 1 Number of USB 3.2 Gen 1 Type-A Ports: 2 Number of USB 3.2 Gen 2 Type-A Ports: 1 Number of USB 3.2 Gen 2 Type-C Ports: 1 Total Number of USB Ports: 4 USB Type-C: Yes USB Type-C Detail: USB Type-C port: USB 3.2 Gen 2 (up to 10 Gbps) DisplayPort over USB-C Thunderbolt 4 USB charging 5 V; 3 A Network (RJ-45): Yes"", ""Networking"": ""Killer Double Shot Pro Wireless-AX 1650i 802. 11ax Wi-Fi 6 Built-in Bluetooth™ 5.1"", ""Storage"": ""1TB SSD"", ""Size height x width x depth"": ""399.3 x 295.5 x 26.8-27.6 mm 15.72 x 11.63 x 1.06-1.09 inches"", ""Battery"": ""90Whr, 4-cell Li-ion  Battery Pack"", ""Camera Webcam"": ""1080P"", ""Weight"": ""5.51lb"", ""Maximum Power Supply Wattage"": ""300 watt"", ""Acer Predator Helios 16 2024 Price in Nepal"": ""Rs. 3,59,000/-"", ""Link To check Authorised Warranty For Nepal"": ""https://support.acer.com.sg/regional/""}"
https://hexxone.com/laptops-by-brand/acer/acer-predator-helios-18-2024-i9-14900hx-3-year-warranty-in-nepal-rtx-4080-16gb-ram-1tb-ssd-18-inch-wqxga-240hz-display?limit=30,Acer Predator Helios 18 2024 i9 14900HX - 3 Year Warranty in Nepal - RTX 4080 - 16GB RAM - 1TB SSD - 18-inch WQXGA 240Hz display,"NPR 429,500.00",Availability: Out Of Stock,"MPN : PH18-72-94Y8 | Model : Acer Predator Helios 18(PH18-72-94Y8)2024 | Processor : 14th GenerationIntel Core i9-14900HX | RAM :16GB DDR5-5600MHz | Storage : 1TB SSD | Display : 18"" display with IPS, WQXGA 2560 x 1600 pixels, 240 Hz | Graphic : NVIDIA GeForce RTX 4080 Graphics with 12GB of dedicated GDDR6 VRAM | Warranty : 3 Year Warranty","{""Brand"": ""Acer"", ""Series"": ""Predator Helios Series"", ""Model"": ""Acer Predator Helios 18 (PH18-72-94Y8) 2024"", ""Type"": ""Powerful gaming laptops"", ""CPU"": ""Intel® Core™ i9 Processor 14900HX 2.2 GHz (36MB Cache, up to 5.8 GHz, 24 cores, 32 Threads)"", ""Processor Core"": ""Twenty Four cores (24 Cores)"", ""Graphics"": ""NVIDIA GeForce RTX 4080 Graphics with 12GB of dedicated GDDR6 VRAM"", ""Memory"": ""16GB DDR5-5600MHz"", ""Display"": ""18\"" display with IPS, WQXGA 2560 x 1600  pixels, high-brightness (300 nits) Acer ComfyView LED-backlit TFT LCD, supporting 240 Hz, 3 ms Overdrive, 16:9 aspect ratio, DCI-P3 100%"", ""Connections"": ""HDMI: Yes Number of HDMI Outputs: 1 Number of USB 3.2 Gen 1 Type-A Ports: 2 Number of USB 3.2 Gen 2 Type-A Ports: 1 Number of USB 3.2 Gen 2 Type-C Ports: 1 Total Number of USB Ports: 4 USB Type-C: Yes USB Type-C Detail: USB Type-C port: USB 3.2 Gen 2 (up to 10 Gbps) DisplayPort over USB-C Thunderbolt 4 USB charging 5 V; 3 A Network (RJ-45): Yes"", ""Networking"": ""Killer Double Shot Pro Wireless-Killer 1750x. 11ax Wi-Fi 6 Built-in Bluetooth™ 5.1"", ""Storage"": ""1TB SSD"", ""Size height x width x depth"": ""15.9 x 12.3 x 1.14 inches"", ""Battery"": ""90Whr, 4-cell Li-ion  Battery Pack"", ""Camera Webcam"": ""1080P"", ""Keyboard"": ""RGB Per Key Backlighting Microphone Mute Indicator Caps Lock Indicator Predator Sense Key Copilot Key"", ""Weight"": ""7.17lb"", ""Maximum Power Supply Wattage"": ""300 watt"", ""Acer Predator Helios 18 2024 Price in Nepal"": ""Rs. 4,43,000/-"", ""Link To check Authorised Warranty For Nepal"": ""https://support.acer.com.sg/regional/""}"
https://hexxone.com/laptops-by-brand/acer/acer-predator-helios-18-2024-i9-14900hx-3-year-warranty-in-nepal-rtx-4090-32gb-ram-2tb-ssd-18-inch-wqxga-250hz-display?limit=30,Acer Predator Helios 18 2024 i9 14900HX - 3 Year Warranty in Nepal - RTX 4090 - 32GB RAM - 2TB SSD - 18-inch WQXGA 250Hz display,"NPR 564,500.00",Availability: Out Of Stock,"MPN : PH18-72-91NU | Model : Acer Predator Helios 18(PH18-72-94Y8)2024 | Processor : 14th GenerationIntel Core i9-14900HX | RAM : 32GB DDR5-5600MHz | Storage : 2TB SSD | Display : 18"" display with IPS, WQXGA 2560 x 1600 pixels, 250 Hz | Graphic : NVIDIA GeForce RTX 4080 Graphics with 16GB of dedicated GDDR6 VRAM | Warranty : 3 Year Warranty","{""Brand"": ""Acer"", ""Series"": ""Predator Helios Series"", ""Model"": ""Acer Predator Helios 18 (PH18-72-91NU) 2024"", ""Type"": ""Powerful gaming laptops"", ""CPU"": ""Intel® Core™ i9 Processor 14900HX 2.2 GHz (36MB Cache, up to 5.8 GHz, 24 cores, 32 Threads)"", ""Processor Core"": ""Twenty Four cores (24 Cores)"", ""Graphics"": ""NVIDIA GeForce RTX 4090 Graphics with 16GB of dedicated GDDR6 VRAM, 175 Watt TGP"", ""Memory"": ""32GB DDR5-5600MHz"", ""Display"": ""18\"" display with IPS, WQXGA 2560 x 1600  pixels, high-brightness (300 nits) Acer ComfyView LED-backlit TFT LCD, supporting 250 Hz, 3 ms Overdrive, 16:9 aspect ratio, DCI-P3 100%"", ""Connections"": ""HDMI: Yes Number of HDMI Outputs: 1 Number of USB 3.2 Gen 1 Type-A Ports: 2 Number of USB 3.2 Gen 2 Type-A Ports: 1 Number of USB 3.2 Gen 2 Type-C Ports: 1 Total Number of USB Ports: 4 USB Type-C: Yes USB Type-C Detail: USB Type-C port: USB 3.2 Gen 2 (up to 10 Gbps) DisplayPort over USB-C Thunderbolt 4 USB charging 5 V; 3 A Network (RJ-45): Yes"", ""Networking"": ""Killer Double Shot Pro Wireless-Killer 1750x. 11ax Wi-Fi 6 Built-in Bluetooth™ 5.1"", ""Storage"": ""2TB SSD"", ""Size height x width x depth"": ""15.9 x 12.3 x 1.14 inches"", ""Battery"": ""90Whr, 4-cell Li-ion  Battery Pack"", ""Camera Webcam"": ""1080P"", ""Keyboard"": ""RGB Per Key Backlighting Microphone Mute Indicator Caps Lock Indicator Predator Sense Key Copilot Key"", ""Weight"": ""7.17lb"", ""Maximum Power Supply Wattage"": ""330 watt"", ""Acer Predator Helios 18 2024 Price in Nepal"": ""Rs. 5,92,000/-"", ""Link To check Authorised Warranty For Nepal"": ""https://support.acer.com.sg/regional/""}"
https://hexxone.com/laptops-by-brand/acer/acer-predator-helios-300-2021-i5-10th-gen-rtx-3060-8gb-ram-512gb-ssd-156-inch-fhd-144hz-display?limit=30,Acer Predator Helios 300 2021 i5 10th Gen - RTX 3060 - 8GB RAM - 512GB SSD - 15.6-inch FHD 144Hz Display,"NPR 119,500.00",Availability: Out Of Stock,"Model: Acer Predator Helios 300 | Processor: Intel Core i5-10300H | RAM: 8GB RAM | Storage: 512GB SSD | Display: 15.6"" FHD 144Hz IPS | Graphic: NVIDIA RTX 3060 6GB | Warranty: 1 Year Warranty","{""Brand"": ""Acer"", ""CPU"": ""Intel10th Generation Intel Core i5-10300H 4-Core Processor"", ""Processor Core"": ""Quad-core (4 Core)"", ""Graphics"": ""NVIDIA GeForce RTX 3060 Graphics with 6GB of dedicated GDDR6 VRAM"", ""Memory"": ""8GB DDR4-3200MHz"", ""Display"": ""15.6-inch IPS display; Full-HD (1920 x 1080 pixels) resolution; 144Hz Refresh Rate; 3ms Overdrive Response Time; 300nit Brightness; 72% NTSC color gamut (Color coverage close to 100% sRGB); Widescreen LED-backlit"", ""Type"": ""Gaming Laptop"", ""Connections"": ""4-Zone RGB Backlit Keyboard | Wireless: Killer Double Shot Pro Wireless-AX 1650i 802. 11ax WiFi 6 | LAN: Killer Ethernet E2600 10/100/1000 Gigabit Ethernet LAN | DTS X: Ultra Audio | 4th Gen All-Metal AeroBlade 3D Fan"", ""Networking"": ""Integrated 802.11 b/g/n or 802.11 ac (WiDi) Built-in Bluetooth™ V4.0"", ""Storage"": ""512GB SSD"", ""Size height x width x depth"": ""14.31 x 10.04 x 0.9 inches"", ""Battery"": ""3720mAh, 4-cell Li-ion  Battery Pack"", ""camera webcam"": ""720p"", ""Weight"": ""5.07lb"", ""Maximum Power Supply Wattage"": ""180 watt"", ""Acer Predator Helios 300 2021 Price in Nepal"": ""Rs. 152,000""}"
https://hexxone.com/laptops-by-brand/acer/acer-predator-helios-300-2021-i7-11th-gen-8-core-rtx-3070-16gb-ram-1tb-ssd-156-inch-qhd-165hz-display?limit=30,Acer Predator Helios 300 2021 i7 11th Gen 8 Core - RTX 3070 - 16GB RAM - 1TB SSD - 15.6-inch QHD 165Hz display,"NPR 154,500.00",Availability: Out Of Stock,"Model: Acer Predator Helios 300 2021 | Processor: 11th GenerationIntel Core i7-11800H | RAM: 16GB DDR4-3200MHz | Storage: 1TB SSD | Display: 15.6"" display with IPS, QHD 2560 x 1440 | Graphic: NVIDIA GeForce RTX 3070 Graphics with 8GB of dedicated GDDR6 VRAM | Warranty: 1 Year Warranty","{""Brand"": ""Acer"", ""CPU"": ""11th Generation Intel Core i7-11800H 8 Core Processor"", ""Processor Core"": ""Hexa-core (8 Core)"", ""Graphics"": ""NVIDIA GeForce RTX 3070 Graphics with 8GB of dedicated GDDR6 VRAM"", ""Memory"": ""16GB DDR4-3200"", ""Display"": ""15.6\"" display with IPS, QHD 2560 x 1440, high-brightness (300 nits) Acer ComfyView LED-backlit TFT LCD, supporting 165 Hz, 3 ms Overdrive, 16:9 aspect ratio, DCI-P3 100%"", ""Type"": ""Powerful gaming laptop"", ""Connections"": ""HDMI : Yes Number of HDMI Outputs : 1 Number of USB 3.2 Gen 1 Type-A Ports : 2 Number of USB 3.2 Gen 2 Type-A Ports : 1 Number of USB 3.2 Gen 2 Type-C Ports : 1 Total Number of USB Ports : 4 USB Type-C : Yes USB Type-C Detail : USB Type-C port: USB 3.2 Gen 2 (up to 10 Gbps) DisplayPort over USB-C Thunderbolt 4 USB charging 5 V; 3 A Network (RJ-45) : Yes"", ""Networking"": ""Killer Double Shot Pro Wireless-AX 1650i 802. 11ax Wi-Fi 6 Built-in Bluetooth™ 5.1"", ""Storage"": ""1TB SSD"", ""Size height x width x depth"": ""14.2 x 10 x 0.9 inches"", ""Battery"": ""3720mAh, 4-cell Li-ion  Battery Pack"", ""Camera Webcam"": ""720p"", ""Weight"": ""5.51lb"", ""Maximum Power Supply Wattage"": ""230 watt"", ""Acer Predator Helios 300 2021 Price in Nepal"": ""Rs. 199,000 (i7-11800H, RTX 3070)""}"
https://hexxone.com/laptops-by-brand/acer/acer-predator-helios-neo-14-2024-intel-core-ultra-9-185h-3-year-warranty-in-nepal-rtx-4060-32gb-ram-1tb-ssd-145-inch-wqxga-165hz-display-phn14-51-97x1?limit=30,Acer Predator Helios Neo 14 2024 Intel Core Ultra 9 185H - 3 Year Warranty in Nepal - RTX 4060 - 32GB RAM - 1TB SSD - 14.5-inch WQXGA 165Hz display-PHN14-51-97X1,"NPR 234,500.00",Availability: Out Of Stock,"Model : Acer Predator Helios NEO 142024 ( PHN14-51-97X1 ) | Processor : Intel Core Ultra 9-185H Processor | RAM : 32GB LPDDR5X RAM (OnBoard) | Storage : 1TB SSD | Display : 14.5"" 165Hz WQXGA+ (3072 x 1920) In-plane Switching (IPS) Technology, 16:10, sRGB 100% | Graphic : NVIDIA GeForce RTX 4060 Graphics with 6GB of dedicated GDDR6 VRAM | Warranty : 3 Year Warranty","{""Brand"": ""Acer"", ""Series"": ""Predator Helios Series"", ""Model"": ""Acer Predator Helios NEO 14 ( PHN14-51-97X1 )2024"", ""Type"": ""Powerful gaming laptops"", ""CPU"": ""Intel® Core™ Ultra 9 Processor 185H 2.3 GHz (24MB Cache, up to 5.1 GHz, 16 cores, 22 Threads); Intel® AI Boost NPU"", ""Processor Core"": ""Sixteen-core (16 Core)"", ""Graphics"": ""Nvidia RTX4060 8GB GDDR6"", ""Memory"": ""32GB LPDDR5X RAM (OnBoard)"", ""Display"": ""14.5\"" display with IPS (In-Plane Switching) technology, WQXGA+ 3072 x 1920, supporting 165 Hz, 16:10 aspect ratio, 100% sRGB Color Gamut"", ""Connections"": ""2 x USB Type-C™ ports supporting: • USB 3.2 Gen 2 (up to 10 Gbps) • DisplayPort over USB-C • Thunderbolt™ 4 • USB charging 5 V; 3 A • DC-in port 20 V; 65 or 100 W 3 x USB Standard-A ports supporting: • One port for USB 3.2 Gen 1 • One port for USB"", ""Networking"": ""Killer Wi-Fi 6E AX1675i IEEE 802.11ax"", ""Storage"": ""1TB SSD"", ""Size height x width x depth"": ""357.78 (W) x 278.63 (D) x 25.95 (H) mm"", ""Battery"": ""76 Wh 4-cell Lithium Ion (Li-Ion) battery"", ""Audio & Video"": ""DTS® X:Ultra Audio, featuring optimized Bass, Loudness, Speaker"", ""Camera Webcam"": ""1080p FHD webcam at 60 fps with Temporal Noise Reduction"", ""Weight"": ""1.9Kg"", ""Maximum Power Supply Wattage"": ""230 watt"", ""Acer Predator Helios Neo 14 2024 Price in Nepal"": ""Rs. 2,35,000/-"", ""Link To check Authorised Warranty For Nepal"": ""https://support.acer.com.sg/regional/""}"
https://hexxone.com/laptops-by-brand/acer/acer-predator-helios-neo-16-2023-i7-13th-gen-2-year-warranty-in-nepal-rtx-4070-16gb-ram-1tb-ssd-16-inch-wqxga-165hz-display?limit=30,Acer Predator Helios Neo 16 2023 i7 13th Gen - 2 Year Warranty in Nepal - RTX 4070 - 16GB RAM - 1TB SSD - 16-inch WQXGA 165Hz display,"NPR 219,500.00",Availability: Out Of Stock,"Model: Acer Predator Helios 16(PH16-71)2023 | Processor: 13th GenerationIntel Core i7-13700H | RAM: 16GB DDR5-4800Mhz | Storage: 1TB SSD | Display: 16"" display with IPS, WUXGA 1920 x 1200 pixels, high-brightness (300 nits) | Graphic: NVIDIA GeForce RTX 4070 Graphics with 8GB of dedicated GDDR6 VRAM | Warranty: 2 Year Warranty","{""Brand"": ""Acer"", ""Series"": ""Predator Helios Series"", ""Model"": ""Acer Predator Helios 16 (PH16-71) 2023"", ""Type"": ""Powerful gaming laptops"", ""CPU"": ""13th Generation Intel Core i7-13700HX 14-core, 20-threads 2.40GHz (Turbo up to 4.60GHz) 24MB Intel Smart Cache"", ""Processor Core"": ""Fourteen-core (14 Core)"", ""Graphics"": ""NVIDIA GeForce RTX 4070 Graphics with 8GB of dedicated GDDR6 VRAM"", ""Memory"": ""16GB DDR5-4800"", ""Display"": ""16\"" display with IPS, WUXGA 1920 x 1200  pixels, high-brightness (300 nits) Acer ComfyView LED-backlit TFT LCD, supporting 165 Hz, 3 ms Overdrive, 16:9 aspect ratio, DCI-P3 100%"", ""Connections"": ""HDMI: Yes Number of HDMI Outputs: 1 Number of USB 3.2 Gen 1 Type-A Ports: 2 Number of USB 3.2 Gen 2 Type-A Ports: 1 Number of USB 3.2 Gen 2 Type-C Ports: 1 Total Number of USB Ports: 4 USB Type-C: Yes USB Type-C Detail: USB Type-C port: USB 3.2 Gen 2 (up to 10 Gbps) DisplayPort over USB-C Thunderbolt 4 USB charging 5 V; 3 A Network (RJ-45): Yes"", ""Networking"": ""Killer Double Shot Pro Wireless-AX 1650i 802. 11ax Wi-Fi 6 Built-in Bluetooth™ 5.1"", ""Storage"": ""1TB SSD"", ""Size height x width x depth"": ""399.3 x 295.5 x 26.8-27.6 mm 15.72 x 11.63 x 1.06-1.09 inches"", ""Battery"": ""90Whr, 4-cell Li-ion  Battery Pack"", ""Camera Webcam"": ""1080P"", ""Weight"": ""5.51lb"", ""Maximum Power Supply Wattage"": ""230 watt"", ""Acer Predator Helios 300 2023 Price in Nepal"": ""Rs. 248,000 (i7-13700HX, RTX 4070)"", ""Link To check Authorised Warranty For Nepal"": ""https://support.acer.com.sg/regional/""}"
https://hexxone.com/laptops-by-brand/acer/acer-predator-helios-neo-16-2024-i7-14700hx-3-year-warranty-in-nepal-rtx-4050-16gb-ram-1tb-ssd-16-inch-wqxga-165hz-display?limit=30,Acer Predator Helios Neo 16 2024 i7 14700HX - 3 Year Warranty in Nepal - RTX 4050 - 16GB RAM - 1TB SSD - 16-inch WQXGA 165Hz display,"NPR 194,500.00",Availability: Out Of Stock,"Model : Acer Predator Helios 162024 | Processor : 14th GenerationIntel Core i7-14700HX | RAM : 16GB DDR5-5600Mhz | Storage : 1TB SSD | Display : 16"" display with IPS, WQXGA 2560 x 1600 pixels, high-brightness (300 nits), 165Hz | Graphic : NVIDIA GeForce RTX 4050 Graphics with 6GB of dedicated GDDR6 VRAM | Warranty : 3 Year Warranty","{""Brand"": ""Acer"", ""Series"": ""Predator Helios Series"", ""Model"": ""Acer Predator Helios 16 (HN16-72-78LG) 2024"", ""Type"": ""Powerful gaming laptops"", ""CPU"": ""Intel® Core™ i7-14700HX, 20C (8P + 12E) / 28T, P-core 2.1 / 5.5GHz, E-core 1.5 / 3.9GHz, 33MB"", ""Processor Core"": ""Twentyfour-core (24 Core)"", ""Graphics"": ""NVIDIA GeForce RTX 4050 6GB GDDR6 (140W)"", ""Memory"": ""16GB DDR5-5600"", ""Display"": ""16\"" display with IPS, WQXGA (2560 x 1600)  pixels, high-brightness (300 nits) Acer ComfyView LED-backlit TFT LCD, supporting 240 Hz, 3 ms Overdrive, 16:9 aspect ratio, DCI-P3 100%"", ""Connections"": ""HDMI: Yes Number of HDMI Outputs: 1 Number of USB 3.2 Gen 1 Type-A Ports: 2 Number of USB 3.2 Gen 2 Type-A Ports: 1 Number of USB 3.2 Gen 2 Type-C Ports: 1 Total Number of USB Ports: 4 USB Type-C: Yes USB Type-C Detail: USB Type-C port: USB 3.2 Gen 2 (up to 10 Gbps) DisplayPort over USB-C Thunderbolt 4 USB charging 5 V; 3 A Network (RJ-45): Yes"", ""Networking"": ""Killer Double Shot Pro Wireless-AX 1650i 802. 11ax Wi-Fi 6 Built-in Bluetooth™ 5.1"", ""Storage"": ""1TB SSD"", ""Size height x width x depth"": ""399.3 x 295.5 x 26.8-27.6 mm 15.72 x 11.63 x 1.06-1.09 inches"", ""Battery"": ""90Whr, 4-cell Li-ion  Battery Pack"", ""Camera Webcam"": ""1080P"", ""Weight"": ""5.51lb"", ""Maximum Power Supply Wattage"": ""230 watt"", ""Acer Predator Helios Neo 2024 Price in Nepal"": ""Rs. 2,10,000/-"", ""Link To check Authorised Warranty For Nepal"": ""https://support.acer.com.sg/regional/""}"
https://hexxone.com/laptops-by-brand/acer/acer-predator-helios-neo-16-2024-i9-14900hx-3-year-warranty-in-nepal-rtx-4060-16gb-ram-1tb-ssd-16-inch-wqxga-240hz-display?limit=30,Acer Predator Helios Neo 16 2024 i9 14900HX - 3 Year Warranty in Nepal - RTX 4060 - 16GB RAM - 1TB SSD - 16-inch WQXGA 240Hz display,"NPR 221,500.00",Availability: Out Of Stock,"Model : Acer Predator Helios 16(PHN16-72-97FL)2024 | Processor : 14th GenerationIntel Core i9-14900HX | RAM : 16GB DDR5-5600Mhz | Storage : 1TB SSD | Display : 16"" display with IPS, WQXGA 2560 x 1600 pixels, high-brightness (300 nits), 240Hz | Graphic : NVIDIA GeForce RTX 4060 Graphics with 8GB of dedicated GDDR6 VRAM | Warranty : 2 Year Warranty","{""Brand"": ""Acer"", ""Series"": ""Predator Helios Series"", ""Model"": ""Acer Predator Helios 16 (PHN16-72-97FL) 2024"", ""Type"": ""Powerful gaming laptops"", ""CPU"": ""Intel® Core™ i9 Processor 14900HX 2.2 GHz (36MB Cache, up to 5.8 GHz, 24 cores, 32 Threads)"", ""Processor Core"": ""Twentyfour-core (24 Core)"", ""Graphics"": ""NVIDIA GeForce RTX 4060 Graphics with 8GB of dedicated GDDR6 VRAM"", ""Memory"": ""16GB DDR5-5600"", ""Display"": ""16\"" display with IPS, WQXGA (2560 x 1600)  pixels, high-brightness (300 nits) Acer ComfyView LED-backlit TFT LCD, supporting 240 Hz, 3 ms Overdrive, 16:9 aspect ratio, DCI-P3 100%"", ""Connections"": ""HDMI: Yes Number of HDMI Outputs: 1 Number of USB 3.2 Gen 1 Type-A Ports: 2 Number of USB 3.2 Gen 2 Type-A Ports: 1 Number of USB 3.2 Gen 2 Type-C Ports: 1 Total Number of USB Ports: 4 USB Type-C: Yes USB Type-C Detail: USB Type-C port: USB 3.2 Gen 2 (up to 10 Gbps) DisplayPort over USB-C Thunderbolt 4 USB charging 5 V; 3 A Network (RJ-45): Yes"", ""Networking"": ""Killer Double Shot Pro Wireless-AX 1650i 802. 11ax Wi-Fi 6 Built-in Bluetooth™ 5.1"", ""Storage"": ""1TB SSD"", ""Size height x width x depth"": ""399.3 x 295.5 x 26.8-27.6 mm 15.72 x 11.63 x 1.06-1.09 inches"", ""Battery"": ""90Whr, 4-cell Li-ion  Battery Pack"", ""Camera Webcam"": ""1080P"", ""Weight"": ""5.51lb"", ""Maximum Power Supply Wattage"": ""230 watt"", ""Acer Predator Helios Neo 2024 Price in Nepal"": ""Rs. 2,30,000/-"", ""Link To check Authorised Warranty For Nepal"": ""https://support.acer.com.sg/regional/""}"
https://hexxone.com/laptops-by-brand/acer/acer-predator-helios-neo-16-2024-i9-14900hx-3-year-warranty-in-nepal-rtx-4070-16gb-ram-1tb-ssd-16-inch-wqxga-240hz-display?limit=30,Acer Predator Helios Neo 16 2024 i9 14900HX - 3 Year Warranty in Nepal - RTX 4070 - 16GB RAM - 1TB SSD - 16-inch WQXGA 240Hz display,"NPR 259,500.00",Availability: Out Of Stock,"Model : Acer Predator Helios 16(PHN16-72-97FL)2024 | Processor : 14th GenerationIntel Core i9-14900HX | RAM : 16GB DDR5-5200Mhz | Storage : 1TB SSD | Display : 16"" display with IPS, WQXGA 2560 x 1600 pixels, 240 Hz | Graphic : NVIDIA GeForce RTX 4070 Graphics with 8GB of dedicated GDDR6 VRAM | Warranty : 3 Year Warranty","{""Brand"": ""Acer"", ""Series"": ""Predator Helios Series"", ""Model"": ""Acer Predator Helios 16 (PHN16-72-97FL) 2024"", ""Type"": ""Powerful gaming laptops"", ""CPU"": ""Intel® Core™ i9 Processor 14900HX 2.2 GHz (36MB Cache, up to 5.8 GHz, 24 cores, 32 Threads)"", ""Processor Core"": ""Twentyfour-core (24 Core)"", ""Graphics"": ""NVIDIA GeForce RTX 4070 Graphics with 8GB of dedicated GDDR6 VRAM"", ""Memory"": ""16GB DDR5-5200"", ""Display"": ""16\"" display with IPS, WQXGA 2560 x 1600  pixels, high-brightness (300 nits) Acer ComfyView LED-backlit TFT LCD, supporting 240 Hz, 3 ms Overdrive, 16:9 aspect ratio, DCI-P3 100%"", ""Connections"": ""HDMI: Yes Number of HDMI Outputs: 1 Number of USB 3.2 Gen 1 Type-A Ports: 2 Number of USB 3.2 Gen 2 Type-A Ports: 1 Number of USB 3.2 Gen 2 Type-C Ports: 1 Total Number of USB Ports: 4 USB Type-C: Yes USB Type-C Detail: USB Type-C port: USB 3.2 Gen 2 (up to 10 Gbps) DisplayPort over USB-C Thunderbolt 4 USB charging 5 V; 3 A Network (RJ-45): Yes"", ""Networking"": ""Killer Double Shot Pro Wireless-AX 1650i 802. 11ax Wi-Fi 6 Built-in Bluetooth™ 5.1"", ""Storage"": ""1TB SSD"", ""Size height x width x depth"": ""399.3 x 295.5 x 26.8-27.6 mm 15.72 x 11.63 x 1.06-1.09 inches"", ""Battery"": ""90Whr, 4-cell Li-ion  Battery Pack"", ""Camera Webcam"": ""1080P"", ""Weight"": ""5.51lb"", ""Maximum Power Supply Wattage"": ""230 watt"", ""Acer Predator Helios Neo 2024 Price in Nepal"": ""Rs. 2,75,000/-"", ""Link To check Authorised Warranty For Nepal"": ""https://support.acer.com.sg/regional/""}"
https://hexxone.com/laptops-by-brand/acer/acer-predator-triton-300-2020-i7-10th-gen-rtx-2060-156-inch-fhd-120hz-16gb-ram-512gb-ssd?limit=30,Acer Predator Triton 300 2020 i7 10TH GEN / RTX 2060 / 15.6-inch FHD 120Hz / 16GB RAM/ 512GB SSD,"NPR 164,500.00",Availability: Out Of Stock,Model: Acer Predator Triton 300 2020 | Processor: Intel Core i7-10750H | RAM: 16GB DDR4-2933MHz | Storage: 512GB SSD | Display: 15.6 inches Full HD | Graphic: NVIDIA GeForce RTX 2060 | Warranty: 1 Year Warranty,"{""CPU"": ""Intel10th Generation Intel Core i7-10750H 6-Core Processor (Up to 5. 0GHz)"", ""Processor Core"": ""Hexa-core (6 Core)"", ""Graphics"": ""NVIDIA GeForce RTX 2060 Graphics with 6GB of dedicated GDDR6 VRAM"", ""Memory"": ""16GB DDR4-2933MHz"", ""Display"": ""15.6 inches Full HD (1920 x 1080) Widescreen LED-backlit IPS Display (120Hz Refresh Rate, 3ms Overdrive Response Time, 300nit Brightness and 72 percentage NTSC)"", ""Connections"": ""4-Zone RGB Backlit Keyboard | Wireless: Killer Double Shot Pro Wireless-AX 1650i 802. 11ax WiFi 6 | LAN: Killer Ethernet E2600 10/100/1000 Gigabit Ethernet LAN | DTS X: Ultra Audio | 4th Gen All-Metal AeroBlade 3D Fan"", ""Networking"": ""Integrated 802.11 b/g/n or 802.11 ac (WiDi) Built-in Bluetooth™ V4.0"", ""Storage"": ""512GB SSD"", ""Size: Height x width x depth"": ""14.3\"" x 10\"" x 0.78\"" inches"", ""Battery"": ""59 Watt-Hours , 4-cell Li-ion  Battery Pack"", ""camera webcam"": ""720p"", ""Weight"": ""4.41 lb"", ""Maximum Power Supply Wattage"": ""230 watt""}"
https://hexxone.com/laptops-by-brand/acer/acer-predator-triton-300-se-2021-i7-11th-gen-rtx-3050ti-16gb-ram-512gb-ssd-14-inch-fhd-144hz-display?limit=30,Acer Predator Triton 300 SE 2021 i7 11TH GEN / RTX 3050Ti / 16GB RAM/ 512GB SSD / 14-inch FHD 144Hz display,"NPR 169,500.00",Availability: Out Of Stock,"Model: Acer Predator Triton 300 SE 2021 | Processor: Intel Core i7-11370H | RAM: 16GB DDR4-3200MHz | Storage: 512GB SSD | Display: 14"" FHD 144Hz display | Graphic: NVIDIA GeForce RTX 3050Ti Graphics with 4GB of dedicated GDDR6 VRAM | Warranty: 1 Year Warranty","{""Brand"": ""Acer"", ""CPU"": ""11th Gen Intel Core i7-11370H Processor 3.3 GHz, 4 cores (12M Cache, up to 4.8GHz)"", ""Processor Core"": ""Quad-core (4 Core)"", ""Graphics"": ""NVIDIA GeForce RTX 3050Ti Graphics with 4GB of dedicated GDDR6 VRAM"", ""Memory"": ""16GB DDR4-3200MHz"", ""Display"": ""14-inch IPS display; Full-HD (1920 x 1080 pixels) resolution; 144Hz refresh rate; 100% sRGB color coverage"", ""Type"": ""Gaming Laptop"", ""Connections"": ""4-Zone RGB Backlit Keyboard  WiFi 6 | LAN: Killer Ethernet E2600 10/100/1000 Gigabit Ethernet LAN | DTS X: Ultra Audio | 4th Gen All-Metal AeroBlade 3D Fan"", ""Networking"": ""IEEE 802.11 a/b/g/n/ac/ax"", ""Storage"": ""512GB SSD"", ""Size height x width x depth"": ""H1.79 x W32.30 x D22.80cm"", ""Battery"": ""4-cell Li-ion  Battery Pack, 6 Hours"", ""Camera Webcam"": ""720p"", ""Weight"": ""1.8Kg"", ""Maximum Power Supply Wattage"": ""180 watt"", ""Acer Predator Triton 300 SE 2021 Price in Nepal"": ""Rs. 170,000 (RTX 3050ti Variant)""}"
https://hexxone.com/laptops-by-brand/acer/acer-predator-triton-300-se-2022-i7-12th-gen-rtx-3060-16gb-ram-512gb-ssd-14-inch-wuxga-165hz-display?limit=30,Acer Predator Triton 300 SE 2022 i7 12TH GEN / RTX 3060 / 16GB RAM/ 512GB SSD / 14-inch WUXGA 165Hz display,"NPR 184,500.00",Availability: Out Of Stock,Model: Acer Predator Triton 300 SE 2022 | Processor: Intel Core i7-12700H Processor | RAM: 16GB LPDDR4 RAM | Storage: 512GB | Display: 14-inch IPS display with WUXGA (1920 x 1200 pixels) | Graphic: NVIDIA GeForce RTX 3060 | Warranty: 1 Year Warranty,"{""Manufacturer"": ""ACER"", ""Product Type"": ""Gaming Laptop (June, 2022)"", ""Model No"": ""Predator Triton 300 SE Model Name: PT314-52s-747P Part Number: NH.QHMAA.001"", ""Operating System"": ""Windows 11 Home 64-bit"", ""Processor & Chipset"": ""12th Generation Intel Core i7-12700H Tetradeca-core (14 Core), 20 Threads (2.30GHz, up to 4.70GHz with Turbo Boost, 24MB Cache)"", ""RAM Memory"": ""16 GB LPDDR5 5200Mhz"", ""Solid State Drive (SSD)"": ""512 GB M.2 PCIe 4.0 SSD"", ""Keyboard"": ""Backlit chicklet keyboard, Hot keys: Volume up / Volume down / Microphone mute / ROG Armoury Crate, N key rollover"", ""Pointing Device Type"": ""TouchPad"", ""Physical Dimension"": ""Height 0.78 x Height (Front) 0.74 Height (Rear) x 0.78 x Width 12.3 x Depth 8.9"", ""Weight"": ""3.75 lbs"", ""Color Options"": ""Sparkly Silver, Gray"", ""Security features"": ""Kensington lock slot BIOS Passwords: User Supervisor"", ""Memory card reader"": ""Yes"", ""Manufacturer Warrenty"": ""1 Year"", ""Body Material"": ""All-metal chassis, and dual cooling fans featuring metal blades that Acer says increases air intake and minimizes turbulence"", ""Screen Size"": ""14.0 inch"", ""Resolution"": ""1920 x 1200 Pixels"", ""Screen Type"": ""WUXGA LCD Refresh Rate: 165 Ghz ComfyView In-plane Switching (IPS) Technology"", ""Backlight Technology"": ""Yes"", ""Graphics"": ""NVIDIA GeForce RTX 3060"", ""Dadicated Graphic Card"": ""6 GB GDDR6"", ""Wireless LAN"": ""Intel Killer Wi-Fi 6E AX1675i"", ""Bluetooth"": ""Yes, 5.2"", ""Ethernet Technology"": ""Gigabit Ethernet LAN"", ""Type & Capacity"": ""76WHrs, 4S1P, 4-cell Li-ion battery"", ""Battery Timing"": ""Upto 10 hours"", ""Power Supply Wattage"": ""180W Power Adaptor Plug Type: 6.0 (mm) Output: 20V DC, 9A, 180W Input: 100~240V AC, 50/60Hz universal"", ""USB"": ""2 x USB 3.2 Gen 2 Type-A Ports, 1 x USB 3.2 Gen 2 Type-C Ports, USB Type-C Port: USB 3.2 Gen 2 (up to 10 Gbps), DisplayPort over USB-C, Thunderbolt 4, USB charging 5 V; 3 A, DC-in port 20 V; 65 W"", ""HDMI"": ""1x HDMI 2.1"", ""VGA"": ""Front-facing"", ""Audio"": ""2 x 1W speakers with Smart AMP technology Array Microphones, 1 x 3.5mm headphone and microphone combo jack, 1 x RJ-45 jack""}"
https://hexxone.com/laptops-by-brand/acer/acer-predator-triton-500-2020-i7-10th-gen-rtx-2070-156-inch-fhd-144hz-16gb-ram-512gb-ssd?limit=30,Acer Predator Triton 500 2020 i7 10TH GEN / RTX 2070 / 15.6-inch FHD 144Hz / 16GB RAM/ 512GB SSD,"NPR 174,500.00",Availability: Out Of Stock,"Model: Acer Predator Triton 500 | Processor: i7 10th Gen | RAM: 16GB RAM | Storage: 512GB | Display: 15.6"" FHD 144Hz | Graphic: Nvidia RTX 2070 | Warranty: 1 Year Warranty","{""CPU"": ""Intel Core i7-10875H (8C/16T, 2.3GHz with boost up to 5.1GHz)"", ""Processor Core"": ""Hexa-core (8 Core)"", ""Graphics"": ""NVIDIA GeForce RTX 2070 Graphics with 8GB of dedicated GDDR6 VRAM"", ""Memory"": ""16GB DDR4-2933MHz"", ""Display"": ""15. 6\"" Full HD (1920 x 1080) widescreen LED-backlit IPS display with NVIDIA G-SYNC technology | 144Hz Refresh Rate | 3ms Overdrive Response Time | 300nit Brightness | 100% sRGB"", ""Connections"": ""1x USB 3.1 Type-C (Thunderbolt 3, DisplayPort) 3x USB 3.2 Type-A 1x HDMI 2.0 1x mini DisplayPort 1.4 1x 3.5mm headphone jack"", ""Networking"": ""Integrated 802.11 b/g/n or 802.11 ac (WiDi) Built-in Bluetooth™ V4.0"", ""Storage"": ""512GB SSD"", ""Size height x width x depth"": ""14.1\"" x 10\"" x 0.70\"""", ""Battery"": ""84 Watt-Hours, 4-cell Li-ion  Battery Pack"", ""Keyboard"": ""Per-Key RGB Keyboard"", ""Weight"": ""4.63 lb"", ""Maximum Power Supply Wattage"": ""230 watt""}"
https://hexxone.com/laptops-by-brand/acer/acer-predator-triton-neo-16-2024-intel-core-ultra-9-185h-3-year-warranty-in-nepal-rtx-4060-32gb-ram-1tb-ssd-16-inch-wqxga-240hz-display-ptn16-51-96gk?limit=30,Acer Predator Triton Neo 16 2024 Intel Core Ultra 9 185H - 3 Year Warranty in Nepal - RTX 4060 - 32GB RAM - 1TB SSD - 16-inch WQXGA 240Hz display-PTN16-51-96GK,"NPR 264,500.00",Availability: Out Of Stock,"Model : Acer Predator Triton NEO 162024 ( PTN16-51-96GK ) | Processor : Intel Core Ultra 9-185H Processor | RAM : 32GB LPDDR5X RAM (OnBoard) | Storage : 1TB SSD | Display : 16"" 1240Hz WQXGA (2560 x 1600) In-plane Switching (IPS) Technology, 16:10, sRGB 100% | Graphic : NVIDIA GeForce RTX 4060 Graphics with 6GB of dedicated GDDR6 VRAM | Warranty : 3 Year Warranty","{""Brand"": ""Acer"", ""Series"": ""Predator Helios Series"", ""Model"": ""Acer Predator Triton NEO 16 2024  (  PTN16-51-96GK )"", ""Type"": ""Powerful gaming laptops"", ""CPU"": ""Intel® Core™ Ultra 9 Processor 185H 2.3 GHz (24MB Cache, up to 5.1 GHz, 16 cores, 22 Threads); Intel® AI Boost NPU"", ""Processor Core"": ""Sixteen-core (16 Core)"", ""Graphics"": ""Nvidia RTX4060 8GB GDDR6"", ""Memory"": ""32GB LPDDR5X RAM (OnBoard)"", ""Display"": ""16\"" display with IPS (In-Plane Switching) technology, WQXGA 2560 x 1600, supporting 240 Hz, 16:10 aspect ratio, 100% sRGB Color Gamut"", ""Connections"": ""2 x USB Type-C™ ports supporting: • USB 3.2 Gen 2 (up to 10 Gbps) • DisplayPort over USB-C • Thunderbolt™ 4 • USB charging 5 V; 3 A • DC-in port 20 V; 65 or 100 W 3 x USB Standard-A ports supporting: • One port for USB 3.2 Gen 1 • One port for USB"", ""Networking"": ""Killer Wi-Fi 6E AX1675i IEEE 802.11ax"", ""Storage"": ""1TB SSD"", ""Size height x width x depth"": ""0.74\"" x 14.02\"" x 9.81\"""", ""Battery"": ""76 Wh 4-cell Lithium Ion (Li-Ion) battery"", ""Audio & Video"": ""DTS® X:Ultra Audio, featuring optimized Bass, Loudness, Speaker"", ""Camera Webcam"": ""1080p FHD webcam at 60 fps with Temporal Noise Reduction"", ""Weight"": ""2.05Kg"", ""Maximum Power Supply Wattage"": ""230 watt"", ""Acer Predator Helios Neo 14 2024 Price in Nepal"": ""Rs. 2,65,000/-"", ""Link To check Authorised Warranty For Nepal"": ""https://support.acer.com.sg/regional/""}"
https://hexxone.com/laptops-by-brand/acer/acer-spin-3-2021-i7-11th-gen-8gb-ram-512gb-ssd-14-inchwqxga-360-touchscreen-rechargeable-stylus?limit=30,Acer Spin 3 2021 i7 11th Gen / 8GB RAM / 512GB SSD / 14-inchWQXGA 360 TouchScreen / Rechargeable Stylus,"NPR 124,500.00",Availability: Out Of Stock,"Model: Acer Spin 3 2021 | Processor: Intel Core i7-1165G7 | RAM: 8GB LPDDR4 RAM | Storage: 512GB SSD | Display: 14""WQXGA 360 TouchScreen | Graphic: Intel Iris Xe Graphics | Warranty: 1 Year Warranty","{""Brand"": ""Acer"", ""CPU"": ""Intel® Core™ i7-1165G7 processor Quad-core 2.80 GHz"", ""Operating System"": ""Windows 10"", ""Display"": ""13.3-inch IPS Multi-touch display; WUXGA (2560 x 1600 pixels) resolution; LED-backlit Display with AES Pen Support; 16:10 Aspect Ratio"", ""Laptop Type"": ""2-in-1 Convertible Laptop"", ""RAM"": ""8GB LPDDR4x"", ""Hard Drive"": ""512GB NVMe SSD"", ""Graphics Coprocessor"": ""Intel Iris Xe Graphic"", ""Wireless"": ""WiFi 6 Gig+ (Intel AX201), Bluetooth 5.0"", ""Connections"": ""2- USB Type C ports supporting USB 3.2 Gen 2 (up to 10 Gbps), DisplayPort over USB-C, Thunderbolt 4, USB Charging, DC-in | 1 - USB 3.2 Gen 2 port (featuring power-off charging) | 1 - USB 3.2 Gen 1 port | 1 - HDMI 2.0 Port with HDCP support"", ""Computer Memory"": ""DDR4 SDRAM"", ""Batteries"": ""48Wh, 3-cell"", ""Dimensions"": ""(11.90\"" x 8.8\"" x 0.63\"")"", ""Weight"": ""3.31 Lbs"", ""Acer Spin 3 2021 Price in Nepal"": ""Rs. 146,000""}"
https://hexxone.com/laptops-by-brand/acer/acer-spin-5-2023-core-i5-1335u-16gb-ram-512gb-ssd-14-inch-wuxga-touchscreen-display-rechargeable-stylus-2-year-warranty-in-nepal?limit=30,Acer Spin 5 2023 Core i5 1335U - 16GB RAM - 512GB SSD - 14-inch WUXGA TouchScreen Display - Rechargeable Stylus - 2 Year Warranty in Nepal,"NPR 107,500.00",Availability: Out Of Stock,"Model: Acer Spin 5 -59NB 2023 | Processor: Intel Core i5-1335U | RAM: 16GB LPDDR5 RAM | Storage: 512GB SSD | Display: 14"" WUXGA (1920 x 1200 pixels) 16:10 Touchscreen | Graphic: Intel Iris Xe Graphics | Warranty: 2 Year Warranty","{""Brand"": ""Acer"", ""CPU"": ""Intel® Core™ i5-1335U processor (Up to 4.6GHz, 12MB smart cache , Deca Core )"", ""Operating System"": ""Windows 10"", ""Display"": ""14-inch IPS Multi-touch display; WUXGA (1920 x 1200 pixels) resolution; LED-backlit Display with AES Pen Support; 16:9 Aspect Ratio"", ""Laptop Type"": ""2-in-1 Convertible Laptop"", ""RAM"": ""16GB DDR4"", ""Hard Drive"": ""512GB NVMe SSD"", ""Graphics Coprocessor"": ""Intel Iris Xe Graphic"", ""Wireless"": ""WiFi 6E , Bluetooth 5.2"", ""Connections"": ""2- USB Type C ports supporting USB 3.2 Gen 2 (up to 10 Gbps), DisplayPort over USB-C, Thunderbolt 4, USB Charging, DC-in | 1 - USB 3.2 Gen 2 port (featuring power-off charging) | 1 - USB 3.2 Gen 1 port | 1 - HDMI 2.0 Port with HDCP support"", ""Computer Memory"": ""DDR5 SDRAM"", ""Batteries"": ""56Wh, 4-cell"", ""Dimensions"": ""31.1 x 21.8 x 1.69 cm"", ""Weight"": ""1.6Kg"", ""Acer Spin 5 2023 Price in Nepal"": ""Rs. 121,000""}"
https://hexxone.com/laptops-by-brand/acer/acer-spin-5-2023-i7-1355u-16gb-ram-512gb-ssd-14-inch-wuxga-touchscreen-display-rechargeable-stylus-2-year-warranty-in-nepal?limit=30,Acer Spin 5 2023 i7 1355U - 16GB RAM - 512GB SSD - 14-inch WUXGA TouchScreen Display - Rechargeable Stylus - 2 Year Warranty in Nepal,"NPR 132,500.00",Availability: Out Of Stock,"Model: Acer Spin 5 2023 (Acer Spin 5-72SG) | Processor: Intel Core i7-1355U | RAM: 16GB LPDDR5 RAM | Storage: 512GB SSD | Display: 14"" WUXGA (1920 x 1200 pixels) 16:10 Touchscreen | Graphic: Intel Iris Xe Graphics | Warranty: 2 Year Warranty","{""Brand"": ""Acer"", ""Processor"": ""Intel® Core™ i7-1355U processor (Up to 5GHz, 12MB smart cache , Deca Core )"", ""Operating System"": ""Windows 10"", ""Display"": ""14-inch IPS Multi-touch display; WUXGA (1920 x 1200 pixels) resolution; LED-backlit Display with AES Pen Support; 16:9 Aspect Ratio"", ""Laptop Type"": ""2-in-1 Convertible Laptop"", ""RAM"": ""16GB DDR4"", ""Storage"": ""512GB NVMe SSD"", ""Graphics"": ""Intel Iris Xe Graphic"", ""Wireless"": ""WiFi 6E , Bluetooth 5.2"", ""Connections"": ""2- USB Type C ports supporting USB 3.2 Gen 2 (up to 10 Gbps), DisplayPort over USB-C, Thunderbolt 4, USB Charging, DC-in | 1 - USB 3.2 Gen 2 port (featuring power-off charging) | 1 - USB 3.2 Gen 1 port | 1 - HDMI 2.0 Port with HDCP support"", ""Computer Memory"": ""DDR5 SDRAM"", ""Battery"": ""56Wh, 4-cell"", ""Dimensions"": ""31.1 x 21.8 x 1.69 cm"", ""Weight"": ""1.6Kg"", ""Acer Spin 5 2023 Price in Nepal"": ""Rs. 133,000""}"
https://hexxone.com/laptops-by-brand/acer/acer-swift-3-2021-ryzen-7-5700u-amd-vega-8-8gb-ram-512gb-ssd-14-inch-fhd-display?limit=30,Acer Swift 3 2021 Ryzen 7 5700U - AMD Vega 8 - 8GB RAM - 512GB SSD - 14-inch FHD Display,"NPR 73,500.00",Availability: Out Of Stock,"Model: Acer Swift 3 2021 | Processor: AMD Ryzen 7 5700U Hexa-core processor | RAM: 8GB LPDDR4 RAM | Storage: 512GB SSD | Display: 14-inch IPS (In-Plane Switching) display, Full-HD (1920 x 1080 pixels) resolution | Graphic: AMD Radeon Graphics | Warranty: 1 Year Warranty","{""Brand"": ""Acer"", ""CPU"": ""AMD Ryzen 7 5700U Hexa-core processor (up to 3 MB L2 cache, up to 8 MB L3 cache, 2.1 GHz with Precision Boost up to 4.0 GHz)"", ""Operating System"": ""Free Dos"", ""Screen"": ""14-inch IPS (In-Plane Switching) display, Full-HD (1920 x 1080 pixels) resolution; high-brightness (300nits) Acer ComfyViewTM LED-backlit TFT LCD 16:9 aspect ratio, 72% NTSC color gamut, 100% SRGB"", ""Type"": ""Thin and light ultrabook"", ""RAM"": ""8GB LPDDR4 RAM"", ""Hard Drive"": ""512GB SSD"", ""Graphics Coprocessor"": ""AMD Radeon Graphics"", ""Wireless"": ""IEEE 802.11ac Bluetooth 5.0 Intel® Wireless Wi-Fi 6 AX201 supporting dual band 2.4Ghz & 5Ghz"", ""USB Ports"": ""2x USB 3.2 Gen 1 ports with one featuring power-off USB charging 1x 3.5 mm headphone/speaker jack, supporting headsets with built-in microphone 1x DC-in jack for AC adapter 1x HDMI® 2.0 port with HDCP support 1x USB Type-C port, supporting: • USB 3.2 Gen 2 (up to 10 Gbps) • DisplayPort over USB-C • USB charging 5 V; 3 A • DC-in port 19 V; 65 W"", ""Dimensions"": ""322.8 x 212.2 x 15.9 m"", ""Webcam"": ""720P"", ""Securities"": ""fingerprint reader"", ""Batteries"": ""48 Whr Battery"", ""Weight"": ""1.2Kg"", ""Acer Swift 3 2021 Price in Nepal"": ""Rs. 90,000 (Ryzen 7)""}"
https://hexxone.com/laptops-by-brand/acer/acer-swift-5-2020-i7-10th-gen-8gb-ram-512gb-ssd-14-inch-fhd-touch-display?limit=30,Acer Swift 5 2020 i7 10Th Gen - 8GB RAM - 512GB SSD - 14-inch FHD Touch Display,"NPR 119,500.00",Availability: Out Of Stock,"Model: Acer Swift 5 2020 | Processor: Intel Core i7-1065G7 | RAM: 8GB LPDDR4 RAM | Storage: 512GB SSD | Display: 14-inch IPS display; Full-HD, Touch Display | Graphic: Intel Iris Xe | Warranty: 1 Year Warranty","{""Brand"": ""Acer"", ""CPU"": ""Intel Core i7-1065G7 Processor 1.3 GHz (8M Cache, up to 3.9 GHz, 4 cores)"", ""Operating System"": ""Windows 10 Home"", ""Screen"": ""14-inch IPS display; Full-HD (1920 x 1080 Pixels); Touch Display ; Acer CineCrystal (Glare) In-plane Switching (IPS) Technology"", ""Type"": ""Thin and Light Ultrabook"", ""RAM"": ""8GB LPDDR4 RAM"", ""Storage"": ""512GB M.2 NVMe PCIe SSD"", ""Graphics Coprocessor"": ""Intel Iris Xe Graphics"", ""Wireless"": ""Wi-Fi 6 (802.11ax); Dual-Band (2.4 & 5 GHz) Bluetooth 5.0"", ""USB Ports"": ""1x USB Type-A 2.0 1x USB Type-A 3.2 Gen 1 (5 Gbps) 1x USB Type-C 3.2 Gen 2 (10 Gbps), Thunderbolt 3, DisplayPort, Sleep and Charge HDMI Wi-Fi 802.11ax Bluetooth 5.0 Audio jack 3.5 mm combo"", ""Dimensions"": ""318.7 x 210.5 x 15 mm (12.55\"" x 8.29\"" x 0.59\"")"", ""Webcam"": ""720P"", ""Securities"": ""fingerprint reader"", ""Batteries"": ""3 Cell 9 Hours"", ""Weight"": ""0.99Kg"", ""Acer Swift 5 2020 Price in Nepal"": ""Rs. 135,000""}"
https://hexxone.com/laptops-by-brand/acer/acer-swift-go-14-2023-amd-ryzen-5-7530u-16gb-ram-512gb-ssd-14-inch-fhd-display-2-year-warranty-in-nepal-backlight-keyboard-win-11-home-genuine?limit=30,Acer Swift Go 14 2023 AMD Ryzen 5 7530U - 16GB RAM - 512GB SSD - 14-inch FHD display - 2 Year Warranty in Nepal - Backlight Keyboard - WIN 11 Home Genuine,"NPR 95,500.00",Availability: Out Of Stock,Model: Acer Swift Go 14 2023 | Processor: AMD Ryzen 5 7530U | RAM: 16GB DDR4 RAM | Storage: 512GB | Display: 14-inch IPS display; Full-HD (1920 x 1080 Pixels) Resolution | Graphic: AMD Radeon Graphics | Warranty: 2 Year Warranty,"{""Brand"": ""Acer"", ""Series"": ""Acer Swift Series"", ""CPU"": ""AMD Ryzen 5 7530U (6C / 12T, 2.0 / 4.5GHz, 3MB L2 / 16MB L3)"", ""Operating System"": ""Windows 11"", ""Screen"": ""14-inch IPS (In-Plane Switching) display, Full-HD (1920 x 1080 pixels) resolution; high-brightness (300nits) Acer ComfyViewTM LED-backlit TFT LCD 16:9 aspect ratio, 72% NTSC color gamut, 100% SRGB"", ""Type"": ""Thin and light ultrabook"", ""RAM"": ""16GB LPDDR4 RAM"", ""Hard Drive"": ""512Gb SSD"", ""Graphics Coprocessor"": ""AMD Radeon Graphics"", ""Wireless"": ""IEEE 802.11ac Bluetooth 5.2 Intel® Wireless Wi-Fi 6E AX201 supporting dual band 2.4Ghz & 5Ghz"", ""USB Ports"": ""2x USB Type-C ports supporting: • USB 3.2 Gen 2 (up to 10 Gbps) • DisplayPort over USB-C • USB charging 5 V; 3A • DC-in port 20 V; 65W 2x USB Standard-A ports, supporting: • One port for USB 3.2 Gen 1 • One port for USB 3.2 Gen 1 featuring power off USB charging 1x HDMI® 2.1 port with HDCP support 1x Headphone/speaker jack"", ""Dimensions"": ""322.8 x 212.2 x 15.9 m"", ""Webcam"": ""1080P"", ""Securities"": ""fingerprint reader"", ""Batteries"": ""50 Whr Battery"", ""Weight"": ""1.25Kg"", ""Acer Swift 3 2023 Price in Nepal"": ""Rs. 1,05,000 (Ryzen 5)"", ""Link To check Authorised Warranty For Nepal"": ""https://support.acer.com.sg/regional/""}"
https://hexxone.com/laptops-by-brand/acer/acer-swift-go-14-2023-amd-ryzen-5-7530u-2-year-warranty-in-nepal-8gb-ram-512gb-ssd-14-inch-fhd-display-backlight-keyboard?limit=30,Acer Swift Go 14 2023 AMD Ryzen 5 7530U - 2 Year Warranty in Nepal - 8GB RAM - 512GB SSD - 14-inch FHD display - Backlight Keyboard,"NPR 84,500.00",Availability: Out Of Stock,Model: Acer Swift Go 14 2024 | Processor: AMD Ryzen 5 7530U | RAM: 8GB DDR4 RAM | Storage: 512GB | Display: 14-inch IPS display; Full-HD (1920 x 1080 Pixels) Resolution | Graphic: AMD Radeon Graphics | Warranty: 2 Year Warranty,"{""Brand"": ""Acer"", ""Series"": ""Acer Swift Series"", ""CPU"": ""AMD Ryzen 5 7530U (6C / 12T, 2.0 / 4.5GHz, 3MB L2 / 16MB L3)"", ""Operating System"": ""windows 11 Genuine"", ""Screen"": ""14-inch IPS (In-Plane Switching) display, Full-HD (1920 x 1080 pixels) resolution; high-brightness (300nits) Acer ComfyViewTM LED-backlit TFT LCD 16:9 aspect ratio, 72% NTSC color gamut, 100% SRGB"", ""Type"": ""Thin and light ultrabook"", ""RAM"": ""8GB LPDDR4 RAM"", ""Hard Drive"": ""512Gb SSD"", ""Graphics Coprocessor"": ""AMD Radeon Graphics"", ""Wireless"": ""IEEE 802.11ac Bluetooth 5.2 Intel® Wireless Wi-Fi 6E AX201 supporting dual band 2.4Ghz & 5Ghz"", ""USB Ports"": ""2x USB Type-C ports supporting: • USB 3.2 Gen 2 (up to 10 Gbps) • DisplayPort over USB-C • USB charging 5 V; 3A • DC-in port 20 V; 65W 2x USB Standard-A ports, supporting: • One port for USB 3.2 Gen 1 • One port for USB 3.2 Gen 1 featuring power off USB charging 1x HDMI® 2.1 port with HDCP support 1x Headphone/speaker jack"", ""Dimensions"": ""322.8 x 212.2 x 15.9 m"", ""Webcam"": ""1080P"", ""Securities"": ""fingerprint reader"", ""Batteries"": ""50 Whr Battery"", ""Weight"": ""1.25Kg"", ""Link To check Authorised Warranty For Nepal"": ""https://support.acer.com.sg/regional/"", ""Acer Swift 3 2023 Price in Nepal"": ""Rs. 95000 (Ryzen 5)""}"
https://hexxone.com/laptops-by-brand/acer/acer-swift-go-14-2023-amd-ryzen-7-7730u-16gb-ram-512gb-ssd-14-inch-fhd-display-2-year-warranty-in-nepal-backlight-keyboard-win-11-home-genuine?limit=30,Acer Swift GO 14 2023 AMD Ryzen 7 7730U - 16GB RAM - 512GB SSD - 14-inch FHD display - 2 Year Warranty in Nepal - Backlight Keyboard - Win 11 Home Genuine,"NPR 115,500.00",Availability: Out Of Stock,Model: Acer Swift Go 14 2023 | Processor: AMD Ryzen 7 7730U | RAM: 16GB DDR4 RAM | Storage: 512GB | Display: 14-inch IPS display; Full-HD (1920 x 1080 Pixels) Resolution | Graphic: AMD Radeon Graphics | Warranty: 2 Year Warranty,"{""Brand"": ""Acer"", ""Series"": ""Acer Swift Series"", ""CPU"": ""AMD Ryzen 7 7730U (8C / 16T, 2.0 / 4.5GHz, 4MB L2 / 16MB L3)"", ""Operating System"": ""Windows 11"", ""Screen"": ""14-inch IPS (In-Plane Switching) display, Full-HD (1920 x 1080 pixels) resolution; high-brightness (300nits) Acer ComfyViewTM LED-backlit TFT LCD 16:9 aspect ratio, 72% NTSC color gamut, 100% SRGB"", ""Type"": ""Thin and light ultrabook"", ""RAM"": ""16GB LPDDR4 RAM"", ""Hard Drive"": ""512Gb SSD"", ""Graphics Coprocessor"": ""AMD Radeon Graphics"", ""Wireless"": ""IEEE 802.11ac Bluetooth 5.2 Intel® Wireless Wi-Fi 6E AX201 supporting dual band 2.4Ghz & 5Ghz"", ""USB Ports"": ""2x USB Type-C ports supporting: • USB 3.2 Gen 2 (up to 10 Gbps) • DisplayPort over USB-C • USB charging 5 V; 3A • DC-in port 20 V; 65W 2x USB Standard-A ports, supporting: • One port for USB 3.2 Gen 1 • One port for USB 3.2 Gen 1 featuring power off USB charging 1x HDMI® 2.1 port with HDCP support 1x Headphone/speaker jack"", ""Dimensions"": ""322.8 x 212.2 x 15.9 m"", ""Webcam"": ""1080P"", ""Securities"": ""fingerprint reader"", ""Batteries"": ""50 Whr Battery"", ""Weight"": ""1.25Kg"", ""Acer Swift GO 2023 Price in Nepal"": ""Rs. 1,23,000 (Ryzen 7)"", ""Link To check Authorised Warranty For Nepal"": ""https://support.acer.com.sg/regional/""}"
https://hexxone.com/laptops-by-brand/acer/acer-swift-go-14-2024-intel-core-i7-13th-gen-1355u-16gb-ram-512gb-ssd-14-wuxga-touch-display-1-year-warranty-in-nepal-backlight-keyboard-win-11-home-genuine?limit=30,Acer Swift Go 14 2024 Intel Core i7 13th Gen 1355U - 16GB RAM - 512GB SSD - 14'' WUXGA Touch Display - 1 Year Warranty in Nepal - Backlight Keyboard - Win 11 Home Genuine,"NPR 111,500.00",Availability: Out Of Stock,Model: Acer Swift Go 14 2023 | Processor: 13th Gen Intel Core i7 1355U Processor | RAM: 16GB DDR5 RAM | Storage: 512GB SSD | Display: 14″ FHD WUXGA ( 1920 x 1200 ) Touch Display | Graphic: Intel Iris Xe Integrated Graphics | Warranty: 1 Year Warranty,"{""Brand"": ""Acer"", ""Series"": ""Acer Swift Series"", ""CPU"": ""Intel® Core™ Ultra 7 155H, 16C (6P + 8E + 2LPE) / 22T, Max Turbo up to 4.8Ghz, 24MB"", ""Operating System"": ""Windows 11"", ""Screen"": ""14″ 1920×1200 IPS Touchscreen Refresh Rate: 60Hz Color Range: 100% sRGB"", ""Type"": ""Thin and light ultrabook"", ""RAM"": ""16GB LPDDR5 RAM"", ""Hard Drive"": ""512GB SSD"", ""Graphics Coprocessor"": ""Intel Iris Xe Graphics"", ""Wireless"": ""IEEE 802.11ac Bluetooth 5.2 Killer Wireless Wi-Fi 6E 1675i supporting dual band 2.4Ghz & 5Ghz"", ""USB Ports"": ""2x USB Type-C ports supporting: • USB 3.2 Gen 2 (up to 10 Gbps) • DisplayPort over USB-C • USB charging 5 V; 3A • DC-in port 20 V; 65W 2x USB Standard-A ports, supporting: • One port for USB 3.2 Gen 1 • One port for USB 3.2 Gen 1 featuring power off USB charging 1x HDMI® 2.1 port with HDCP support 1x Headphone/speaker jack"", ""Dimensions"": ""12.32 x 0.59 x 8.58 inches"", ""Webcam"": ""QHD Webcam (2560 x 1440) with Blue Glass Lens supporting 1440p QHD video"", ""Securities"": ""fingerprint reader"", ""Batteries"": ""65 Whr Battery"", ""Weight"": ""2.76Lb"", ""Acer Swift GO 2023 Price in Nepal"": ""Rs. 135000/- Intel® Core™ i7 13th Gen 1355U""}"
https://hexxone.com/laptops-by-brand/acer/acer-swift-go-14-2024-ultra-5-125h-processor-16gb-ram-1tb-ssd-14-inch-28k-90hz-oled-display-2-year-warranty-in-nepal-backlight-keyboard-win-11-home-genuine?limit=30,Acer Swift Go 14 2024 Ultra 5 125H Processor - 16GB RAM - 1TB SSD - 14-inch 2.8K 90Hz OLED display - 2 Year Warranty in Nepal - Backlight Keyboard - Win 11 Home Genuine,"NPR 114,500.00",Availability: Out Of Stock,Model: Acer Swift Go 14 2024 | Processor: Intel® Core™ Ultra 5 125H Processor | RAM: 16GB DDR5 RAM | Storage: 1TB SSD | Display: 14-inch 90Hz 2.8K (2880 x 1800 pixels) resolution OLED Display | Graphic: Intel ARC Graphic | Warranty: 2 Year Warranty,"{""Brand"": ""Acer"", ""Series"": ""Acer Swift Series"", ""CPU"": ""Intel® Core™ Ultra 5 125H, 14C (4P + 8E + 2LPE) / 18T, Max Turbo up to 4.5Ghz, 18MB"", ""Operating System"": ""Windows 11"", ""Screen"": ""14.0\"" 90Hz display with OLED (Organic Light-Emitting Diode) technology, WQXGA+ 2880 x 1800, high-brightness (400 nits) Acer CineCrystal™ 16:10 aspect ratio, color gamut DCI-P3 100%"", ""Type"": ""Thin and light ultrabook"", ""RAM"": ""16GB LPDDR5 RAM"", ""Hard Drive"": ""1TB SSD"", ""Graphics Coprocessor"": ""Intel® ARC Graphics shared memory"", ""Wireless"": ""IEEE 802.11ac Bluetooth 5.2 Killer Wireless Wi-Fi 6E 1675i supporting dual band 2.4Ghz & 5Ghz"", ""USB Ports"": ""2x USB Type-C ports supporting: • USB 3.2 Gen 2 (up to 10 Gbps) • DisplayPort over USB-C • USB charging 5 V; 3A • DC-in port 20 V; 65W 2x USB Standard-A ports, supporting: • One port for USB 3.2 Gen 1 • One port for USB 3.2 Gen 1 featuring power off USB charging 1x HDMI® 2.1 port with HDCP support 1x Headphone/speaker jack"", ""Dimensions"": ""0.59\"" x 12.32\"" x 8.58\"""", ""Webcam"": ""QHD Webcam (2560 x 1440) with Blue Glass Lens supporting 1440p QHD video"", ""Securities"": ""fingerprint reader"", ""Batteries"": ""65 Whr Battery"", ""Weight"": ""2.91Lb"", ""Acer Swift GO 2024 Price in Nepal"": ""Rs. 160000/- Intel® Core™ Ultra 7 155H"", ""Link To check Authorised Warranty For Nepal"": ""https://support.acer.com.sg/regional/""}"
https://hexxone.com/laptops-by-brand/acer/acer-swift-go-14-2024-ultra-5-125h-processor-16gb-ram-512gb-ssd-14-inch-28k-90hz-oled-display-2-year-warranty-in-nepal-backlight-keyboard-win-11-home-genuine?limit=30,Acer Swift Go 14 2024 Ultra 5 125H Processor - 16GB RAM - 512GB SSD - 14-inch 2.8K 90Hz OLED display - 2 Year Warranty in Nepal - Backlight Keyboard - Win 11 Home Genuine,"NPR 109,500.00",Availability: Out Of Stock,Model: Acer Swift Go 14 2024 | Processor: Intel® Core™ Ultra 5 125H Processor | RAM: 16GB DDR5 RAM | Storage: 512GB SSD | Display: 14-inch 90Hz 2.8K (2880 x 1800 pixels) resolution OLED Display | Graphic: Intel ARC Graphic | Warranty: 2 Year Warranty,"{""Brand"": ""Acer"", ""Series"": ""Acer Swift Series"", ""CPU"": ""Intel® Core™ Ultra 5 125H, 14C (4P + 8E + 2LPE) / 18T, Max Turbo up to 4.5Ghz, 18MB"", ""Operating System"": ""Windows 11"", ""Screen"": ""14.0\"" 90Hz display with OLED (Organic Light-Emitting Diode) technology, WQXGA+ 2880 x 1800, high-brightness (400 nits) Acer CineCrystal™ 16:10 aspect ratio, color gamut DCI-P3 100%"", ""Type"": ""Thin and light ultrabook"", ""RAM"": ""16GB LPDDR5 RAM"", ""Hard Drive"": ""1TB SSD"", ""Graphics Coprocessor"": ""Intel® ARC Graphics shared memory"", ""Wireless"": ""IEEE 802.11ac Bluetooth 5.2 Killer Wireless Wi-Fi 6E 1675i supporting dual band 2.4Ghz & 5Ghz"", ""USB Ports"": ""2x USB Type-C ports supporting: • USB 3.2 Gen 2 (up to 10 Gbps) • DisplayPort over USB-C • USB charging 5 V; 3A • DC-in port 20 V; 65W 2x USB Standard-A ports, supporting: • One port for USB 3.2 Gen 1 • One port for USB 3.2 Gen 1 featuring power off USB charging 1x HDMI® 2.1 port with HDCP support 1x Headphone/speaker jack"", ""Dimensions"": ""0.59\"" x 12.32\"" x 8.58\"""", ""Webcam"": ""QHD Webcam (2560 x 1440) with Blue Glass Lens supporting 1440p QHD video"", ""Securities"": ""fingerprint reader"", ""Batteries"": ""65 Whr Battery"", ""Weight"": ""2.91Lb"", ""Acer Swift GO 2024 Price in Nepal"": ""Rs. 125000/- Intel® Core™ Ultra 5 125H"", ""Link To check Authorised Warranty For Nepal"": ""https://support.acer.com.sg/regional/""}"
https://hexxone.com/laptops-by-brand/acer/acer-swift-go-14-2024-ultra-7-155h-processor-16gb-ram-1tb-ssd-14-inch-28k-90hz-oled-display-2-year-warranty-in-nepal-backlight-keyboard-win-11-home-genuine?limit=30,Acer Swift Go 14 2024 Ultra 7 155H Processor - 16GB RAM - 1TB SSD - 14-inch 2.8K 90Hz OLED display - 2 Year Warranty in Nepal - Backlight Keyboard - Win 11 Home Genuine,"NPR 142,500.00",Availability: Out Of Stock,Model: Acer Swift Go 14 2024 | Processor: Intel® Core™ Ultra 7 155H Processor | RAM: 16GB DDR5 RAM | Storage: 1TB SSD | Display: 14-inch 90Hz 2.8K (2880 x 1800 pixels) resolution OLED Display | Graphic: Intel ARC Graphic | Warranty: 2 Year Warranty,"{""Brand"": ""Acer"", ""Series"": ""Acer Swift Series"", ""CPU"": ""Intel® Core™ Ultra 7 155H, 16C (6P + 8E + 2LPE) / 22T, Max Turbo up to 4.8Ghz, 24MB"", ""Operating System"": ""Windows 11"", ""Screen"": ""14.0\"" 90Hz display with OLED (Organic Light-Emitting Diode) technology, WQXGA+ 2880 x 1800, high-brightness (400 nits) Acer CineCrystal™ 16:10 aspect ratio, color gamut DCI-P3 100%"", ""Type"": ""Thin and light ultrabook"", ""RAM"": ""16GB LPDDR5 RAM"", ""Hard Drive"": ""1TB SSD"", ""Graphics Coprocessor"": ""Intel® ARC Graphics shared memory"", ""Wireless"": ""IEEE 802.11ac Bluetooth 5.2 Killer Wireless Wi-Fi 6E 1675i supporting dual band 2.4Ghz & 5Ghz"", ""USB Ports"": ""2x USB Type-C ports supporting: • USB 3.2 Gen 2 (up to 10 Gbps) • DisplayPort over USB-C • USB charging 5 V; 3A • DC-in port 20 V; 65W 2x USB Standard-A ports, supporting: • One port for USB 3.2 Gen 1 • One port for USB 3.2 Gen 1 featuring power off USB charging 1x HDMI® 2.1 port with HDCP support 1x Headphone/speaker jack"", ""Dimensions"": ""0.59\"" x 12.32\"" x 8.58\"""", ""Webcam"": ""QHD Webcam (2560 x 1440) with Blue Glass Lens supporting 1440p QHD video"", ""Securities"": ""fingerprint reader"", ""Batteries"": ""65 Whr Battery"", ""Weight"": ""2.91Lb"", ""Acer Swift GO 2024 Price in Nepal"": ""Rs. 160000/- Intel® Core™ Ultra 7 155H"", ""Link To check Authorised Warranty For Nepal"": ""https://support.acer.com.sg/regional/""}"
https://hexxone.com/laptops-by-brand/acer/acer-swift-go-14-2024-ultra-7-155h-processor-16gb-ram-512gb-ssd-14-inch-wuxga-1920-x-1080-touch-display-1-year-warranty-in-nepal-backlight-keyboard-win-11-home-genuine?limit=30,Acer Swift Go 14 2024 Ultra 7 155H Processor - 16GB RAM - 512GB SSD - 14-inch WUXGA 1920 x 1080) Touch display - 1 Year Warranty in Nepal - Backlight Keyboard - Win 11 Home Genuine,"NPR 124,500.00",Availability: Out Of Stock,Model: Acer Swift Go 14 2024 | Processor: Intel® Core™ Ultra 7 155H Processor | RAM: 16GB DDR5 RAM | Storage: 512GB SSD | Display: 14-inch WUXGA (1920 x 1080) Touch Display | Graphic: Intel ARC Graphic | Warranty: 1 Year Warranty,"{""Brand"": ""Acer"", ""Series"": ""Acer Swift Series"", ""CPU"": ""Intel® Core™ Ultra 7 155H, 16C (6P + 8E + 2LPE) / 22T, Max Turbo up to 4.8Ghz, 24MB"", ""Operating System"": ""Windows 11"", ""Screen"": ""14-inch WUXGA (1920 x 1080) Touch IPS Display with 60Hz Refresh Rate, 16:10 aspect ratio and 100% sRGB"", ""Type"": ""Thin and light ultrabook"", ""RAM"": ""16GB LPDDR5 RAM"", ""Hard Drive"": ""512GB SSD"", ""Graphics Coprocessor"": ""Intel® ARC Graphics shared memory"", ""Wireless"": ""IEEE 802.11ac Bluetooth 5.2 Killer Wireless Wi-Fi 6E 1675i supporting dual band 2.4Ghz & 5Ghz"", ""USB Ports"": ""2x USB Type-C ports supporting: • USB 3.2 Gen 2 (up to 10 Gbps) • DisplayPort over USB-C • USB charging 5 V; 3A • DC-in port 20 V; 65W 2x USB Standard-A ports, supporting: • One port for USB 3.2 Gen 1 • One port for USB 3.2 Gen 1 featuring power off USB charging 1x HDMI® 2.1 port with HDCP support 1x Headphone/speaker jack"", ""Dimensions"": ""0.59\"" x 12.32\"" x 8.58\"""", ""Webcam"": ""QHD Webcam (2560 x 1440) with Blue Glass Lens supporting 1440p QHD video"", ""Securities"": ""fingerprint reader"", ""Batteries"": ""65 Whr Battery"", ""Weight"": ""2.91Lb"", ""Acer Swift GO 2024 Price in Nepal"": ""Rs. 160000/- Intel® Core™ Ultra 7 155H""}"
https://hexxone.com/laptops-by-brand/acer/acer-swift-go-16-2024-ultra-7-155h-processor-16gb-ram-1tb-ssd-16-inch-32k-120hz-oled-display-2-year-warranty-in-nepal-backlight-keyboard?limit=30,Acer Swift Go 16 2024 Ultra 7 155H Processor - 16GB RAM - 1TB SSD - 16-inch 3.2K 120Hz OLED display - 2 Year Warranty in Nepal - Backlight Keyboard,"NPR 154,500.00",Availability: Out Of Stock,Model: Acer Swift Go 16 2024 | Processor: Intel® Core™ Ultra 7 155H Processor | RAM: 16GB DDR5 RAM | Storage: 1TB SSD | Display: 16-inch 120Hz 3.2K (3200 x 2000 pixels) resolution OLED Display | Graphic: Intel ARC Graphic | Warranty: 2 Year Warranty,"{""Brand"": ""Acer"", ""Series"": ""Acer Swift Series"", ""CPU"": ""Intel® Core™ Ultra 7 155H, 16C (6P + 8E + 2LPE) / 22T, Max Turbo up to 4.8Ghz, 24MB"", ""Operating System"": ""Windows 11"", ""Screen"": ""16\"" 120Hz display with OLED (Organic Light-Emitting Diode) technology, WQXGA+(3200x2000) , high-brightness (400 nits) Acer CineCrystal™ 16:10 aspect ratio, color gamut DCI-P3 100%"", ""Type"": ""Thin and light ultrabook"", ""RAM"": ""16GB LPDDR5 RAM"", ""Hard Drive"": ""1TB SSD"", ""Graphics Coprocessor"": ""Intel® ARC Graphics shared memory"", ""Wireless"": ""IEEE 802.11ac Bluetooth 5.2 Killer Wireless 6E AX1675i"", ""USB Ports"": ""2x USB Type-C ports supporting: • USB 3.2 Gen 2 (up to 10 Gbps) • DisplayPort over USB-C • USB charging 5 V; 3A • DC-in port 20 V; 65W 2x USB Standard-A ports, supporting: • One port for USB 3.2 Gen 1 • One port for USB 3.2 Gen 1 featuring power off USB charging 1x HDMI® 2.1 port with HDCP support 1x Headphone/speaker jack"", ""Dimensions"": ""0.59\"" x 14\"" x 9.6\"""", ""Webcam"": ""QHD Webcam (2560 x 1440) with Blue Glass Lens supporting 1440p QHD video"", ""Securities"": ""fingerprint reader"", ""Batteries"": ""65 Whr Battery"", ""Weight"": ""3.53Lb"", ""Acer Swift GO 2024 Price in Nepal"": ""Rs. 171000/- Intel® Core™ Ultra 7 155H"", ""Link To check Authorised Warranty For Nepal"": ""https://support.acer.com.sg/regional/""}"
https://hexxone.com/laptops-by-brand/acer/acer-swift-x14-sfx14-2024-ultra-7-155h-processor-16gb-ram-512gb-ssd-nvidia-rtx-4050-6gb-2-year-warranty-in-nepal-14-inch-28k-oled-display-backlight-keyboard-win-11-home-genuine?limit=30,Acer Swift X14 SFX14 2024 Ultra 7 155H Processor - 16GB RAM - 512GB SSD - Nvidia RTX 4050 6GB - 2 Year Warranty in Nepal - 14-inch 2.8K OLED display - Backlight Keyboard - Win 11 Home Genuine,"NPR 192,500.00",Availability: Out Of Stock,"Model : Acer Swift X14 2024 | Processor : Intel Ultra 7 155H Processor | RAM : 16GB DDR5 RAM | Storage : 512 SSD | Display : 14-inch 2.8K (2880 x 1800 pixels) resolution OLED Display, 120Hz | Graphic : NVIDIA GeForce RTX 4060 6GB | Warranty : 2 Year Warranty","{""Brand"": ""Acer"", ""Series"": ""Acer Swift Series"", ""CPU"": ""Intel® Core™ Ultra 7 155H, 16C (6P + 8E + 2LPE) / 22T, Max Turbo up to 4.8Ghz, 24MB"", ""Operating System"": ""Windows 11"", ""Screen"": ""14.5\"" 120Hz, display with OLED (Organic Light-Emitting Diode) technology, WQXGA+ 2880 x 1800, high-brightness (400 nits) Acer CineCrystal™ 16:10 aspect ratio, color gamut DCI-P3 100%,"", ""Type"": ""Thin and light ultrabook"", ""RAM"": ""16GB LPDDR5 RAM"", ""Hard Drive"": ""512GB SSD"", ""Graphics Coprocessor"": ""NVIDIA® GeForce RTX™ 4050 with 6 GB dedicated memory"", ""Wireless"": ""IEEE 802.11ac Bluetooth 5.2 Intel® Wireless Killer Wi-Fi 6E AX1675i"", ""USB Ports"": ""2x USB Type-C ports supporting: • USB 3.2 Gen 2 (up to 40Gbps) • DisplayPort over USB-C • USB charging 5 V; 3A • DC-in port 20 V; 65W 2x USB Standard-A ports, supporting: • One port for USB 3.2 Gen 1 • One port for USB 3.2 Gen 1 featuring power off USB charging 1x HDMI® 2.1 port with HDCP support 1x Headphone/speaker jack USB Type-C port supporting: USB4 40Gbps, DisplayPort over USB-C, Thunderbolt 4, USB charging 5 V; 3 A, DC-in port 20 V; 100 W"", ""Dimensions"": ""12.7\"" x 9\""  x 0.70\"""", ""Webcam"": ""QHD Webcam (2560 x 1440) with Blue Glass Lens supporting 1440p QHD video"", ""Securities"": ""fingerprint reader"", ""Batteries"": ""76 Whr Battery"", ""Weight"": ""3.31 Lbs"", ""Acer Swift X14 SFX14 2024  Price Nepal"": ""Rs. 1,93000/- Ultra 7 155H Processor"", ""Link To check Authorised Warranty For Nepal"": ""https://support.acer.com.sg/regional/""}"
https://hexxone.com/laptops-by-brand/Apple/apple-imac-24-inch-8c-cpu-8c-gpu-8gb-ram-256gb-ssd?limit=30,Apple iMac 24-inch 8C CPU - 8C GPU - 8GB RAM - 256GB SSD,"NPR 224,500.00",Availability: Out Of Stock,"Model: Apple iMac 24"" 8/256 | Processor: Apple M3 chip | RAM: 8GB | Storage: 256GB SSD | Display: 24-inch 4.5K Retina display | Graphic: 8-Core GPU | Warranty: 1 Year Warranty","{""Chip"": ""Apple M3 chip 8-core CPU with 4 performance cores and 4 efficiency cores 8-core GPU Hardware-accelerated ray tracing 16-core Neural Engine"", ""Memory"": ""8GB"", ""Storage"": ""256GB SSD"", ""Camera"": ""1080p FaceTime HD camera"", ""Display"": ""24-inch 4.5K Retina display 4480-by-2520 resolution at 218 pixels per inch with support for 1 billion colors 500 nits brightness Wide color (P3) True Tone technolog."", ""Display Support"": ""One external display with up to 6K resolution at 60Hz Thunderbolt 3 digital video output Native DisplayPort output over USB-C VGA, HDMI, DVI, and Thunderbolt 2 output supported using adapters (sold separately)"", ""Wireless"": ""Wi-Fi 6E (802.11ax)3 Bluetooth 5.3"", ""Weight"": ""4.43 kg"", ""Connections and Expansion"": ""Two Thunderbolt / USB 4 ports with support for: DisplayPort Thunderbolt 3 (up to 40Gb/s) USB 4 (up to 40Gb/s) USB 3.1 Gen 2 (up to 10Gb/s) Thunderbolt 2, HDMI, DVI, and VGA supported using adapters (sold separately) 3.5 mm headphone jack with advanced support for high-impedance headphones"", ""In the Box"": ""iMac Magic Keyboard with Touch ID Magic Mouse 143W power adapter Power cord (2 m) USB-C to Lightning Cable""}"
https://hexxone.com/laptops-by-brand/Apple/apple-imac-24-inch-m3-8c-cpu-10c-gpu-16gb-ram-512gb-ssd?limit=30,Apple iMAC 24-inch M3 - 8C CPU - 10C GPU - 16GB RAM - 512GB SSD,"NPR 329,500.00",Availability: Out Of Stock,"Model: Apple iMac 24"" 8/512 | Processor: Apple M3 chip | RAM: 16GB | Storage: 512GB SSD | Display: 24-inch 4.5K Retina display | Graphic: 8-Core GPU | Warranty: 1 Year Warranty","{""Chip"": ""Apple M3 chip 8-core CPU with 4 performance cores and 4 efficiency cores 10-core GPU Hardware-accelerated ray tracing 16-core Neural Engine"", ""Memory"": ""16GB"", ""Storage"": ""512GB SSD"", ""Camera"": ""1080p FaceTime HD camera"", ""Display"": ""24-inch 4.5K Retina display 4480-by-2520 resolution at 218 pixels per inch with support for 1 billion colors 500 nits brightness Wide color (P3) True Tone technolog."", ""Display Support"": ""One external display with up to 6K resolution at 60Hz Thunderbolt 3 digital video output Native DisplayPort output over USB-C VGA, HDMI, DVI, and Thunderbolt 2 output supported using adapters (sold separately)"", ""Wireless"": ""Wi-Fi 6E (802.11ax)3 Bluetooth 5.3"", ""Weight"": ""4.43 kg"", ""Connections and Expansion"": ""Two Thunderbolt / USB 4 ports with support for: DisplayPort Thunderbolt 3 (up to 40Gb/s) USB 4 (up to 40Gb/s) USB 3.1 Gen 2 (up to 10Gb/s) Thunderbolt 2, HDMI, DVI, and VGA supported using adapters (sold separately) 3.5 mm headphone jack with advanced support for high-impedance headphones"", ""In the Box"": ""IMac Magic Keyboard with Touch ID Magic Mouse 143W power adapter Power cord (2 m) USB-C to Lightning Cable""}"
https://hexxone.com/laptops-by-brand/Apple/apple-imac-24-inch-m3-8c-cpu-10c-gpu-8gb-ram-512gb-ssd?limit=30,Apple iMAC 24-inch M3 - 8C CPU - 10C GPU - 8GB RAM - 512GB SSD,"NPR 294,500.00",Availability: Out Of Stock,"Model: Apple iMac 24"" 8/512 | Processor: Apple M3 chip | RAM: 8GB | Storage: 512GB SSD | Display: 24-inch 4.5K Retina display | Graphic: 8-Core GPU | Warranty: 1 Year Warranty","{""Chip"": ""Apple M3 chip 8-core CPU with 4 performance cores and 4 efficiency cores 10-core GPU Hardware-accelerated ray tracing 16-core Neural Engine"", ""Memory"": ""8GB"", ""Storage"": ""512GB SSD"", ""Camera"": ""1080p FaceTime HD camera"", ""Display"": ""24-inch 4.5K Retina display 4480-by-2520 resolution at 218 pixels per inch with support for 1 billion colors 500 nits brightness Wide color (P3) True Tone technolog."", ""Display Support"": ""One external display with up to 6K resolution at 60Hz Thunderbolt 3 digital video output Native DisplayPort output over USB-C VGA, HDMI, DVI, and Thunderbolt 2 output supported using adapters (sold separately)"", ""Wireless"": ""Wi-Fi 6E (802.11ax)3 Bluetooth 5.3"", ""Weight"": ""4.43 kg"", ""Connections and Expansion"": ""Two Thunderbolt / USB 4 ports with support for: DisplayPort Thunderbolt 3 (up to 40Gb/s) USB 4 (up to 40Gb/s) USB 3.1 Gen 2 (up to 10Gb/s) Thunderbolt 2, HDMI, DVI, and VGA supported using adapters (sold separately) 3.5 mm headphone jack with advanced support for high-impedance headphones"", ""In the Box"": ""IMac Magic Keyboard with Touch ID Magic Mouse 143W power adapter Power cord (2 m) USB-C to Lightning Cable""}"
https://hexxone.com/laptops-by-brand/Apple/apple-ipad-8th-generation-wificellular-102-inch-display-a12-bionic-8mp-camera-stereo-speakers-9-hours-battery-life?limit=30,"Apple iPad (8th Generation) Wifi+Cellular - 10.2-inch display, A12 Bionic, 8MP Camera, Stereo Speakers, 9 Hours Battery Life","NPR 74,500.00",Availability: Out Of Stock,,"{""Brand"": ""Apple"", ""Type"": ""Tablet"", ""Color"": ""Silver, Space Gray and Gold"", ""Storage"": ""32 GB"", ""Size and Weight"": ""Height: 9.8 inches (250.6 mm) Width: 6.8 inches (174.1 mm) Depth: 0.29 inch (7.5 mm) Weight: 1.09 pounds (495 grams)"", ""Buttons and Connectors"": ""Home/Touch ID sensor Stereo speakers Smart Connector Lightning connector 3.5 mm headphone jack On/Off - Sleep/Wake Volume up/down Nano-SIM tray (cellular models) Dual microphones"", ""In the Box"": ""iPad Lightning to USB-C Cable USB-C Power Adapter"", ""Display"": ""Retina display 10.2-inch (diagonal) LED-backlit Multi-Touch display with IPS technology 2160-by-1620-pixel resolution at 264 pixels per inch (ppi) 500 nits brightness Fingerprint-resistant oleophobic coating Supports Apple Pencil (1st generation)"", ""Chip"": ""A12 Bionic chip with 64-bit architecture Neural Engine"", ""Camera"": ""8MP camera"", ""Speakers"": ""Stereo speakers"", ""Sensors"": ""Touch ID Three-axis gyro Accelerometer Barometer Ambient light sensor"", ""Touch ID"": ""Unlock iPad Secure personal data within apps Make purchases from the iTunes Store, App Store, and Apple Books"", ""Power and Battery"": ""Up to 9 hours of surfing the web using cellular data network""}"
https://hexxone.com/laptops-by-brand/Apple/apple-ipad-air-4-2020-wifi-109-inch-display-a14-bionic-256gb-storage-12mp-camera-stereo-speakers-9-hours-battery-life?limit=30,"Apple iPad Air 4 2020 (Wifi) - 10.9-inch display, A14 Bionic, 256GB Storage, 12MP Camera, Stereo Speakers, 9 Hours battery life","NPR 118,500.00",Availability: Out Of Stock,,"{""Brand"": ""Apple"", ""Type"": ""Tablet"", ""Color"": ""Space Gray, Sky Blue, and Green"", ""Storage"": ""256 GB"", ""Buttons And Sensor"": ""Top Button/Touch ID Sensor Volume Up/Down Button USB-C Connector"", ""Weight"": ""1.01 pounds (460 grams)"", ""Display"": ""Liquid Retina display 10.9-inch (diagonal) LEDâ€‘backlit Multiâ€‘Touch display with IPS technology 2360-by-1640-pixel resolution at 264 pixels per inch (ppi) Wide color display (P3) True Tone display Fingerprint-resistant oleophobic coating Fully laminated display Antireflective coating 1.8% reflectivity 500 nits brightness Supports Apple Pencil (2nd generation) The iPad Air display has rounded corners. When measured diagonally as a rectangle, the screen is 10.86 inches. Actual viewable area is less."", ""Chip"": ""A14 Bionic chip with 64â€‘bit architecture Neural Engine"", ""Camera"": ""12MP Wide camera"", ""Speakers"": ""Stereo speakers"", ""Touch ID"": ""Unlock iPad Secure personal data within apps Make purchases from the iTunes Store, App Store, and Apple Books"", ""Charging And Expansion"": ""USBâ€‘C"", ""Battery"": ""Builtâ€in 28.6â€watt-hour rechargeable lithiumâ€‘polymer battery Up to 10 hours of surfing the web on Wiâ€Fi or watching video Charging via power adapter or USBâ€‘C to computer system"", ""OS"": ""iPadOS 15 iPadOS comes with powerful features and built-in apps designed to take advantage of the unique capabilities of iPad.""}"
https://hexxone.com/laptops-by-brand/Apple/apple-ipad-air-4-2020-wificellular-109-inch-display-256gb-storage-a14-bionic-12mp-camera-stereo-speakers-9-hours-battery-life?limit=30,"Apple iPad Air 4 2020 (Wifi+Cellular) - 10.9-inch display, 256GB Storage, A14 Bionic, 12MP Camera, Stereo Speakers, 9 Hours battery life","NPR 137,500.00",Availability: Out Of Stock,,"{""Brand"": ""Apple"", ""Type"": ""Tablet"", ""Color"": ""Space Gray"", ""Storage"": ""256 GB"", ""Buttons And Sensor"": ""Top Button/Touch ID Sensor Volume Up/Down Button USB-C Connector Nano Sim Tray"", ""Display"": ""Liquid Retina display 10.9-inch (diagonal) LEDâ€‘backlit Multiâ€‘Touch display with IPS technology 2360-by-1640-pixel resolution at 264 pixels per inch (ppi) Wide color display (P3) True Tone display Fingerprint-resistant oleophobic coating Fully laminated display Antireflective coating 1.8% reflectivity 500 nits brightness Supports Apple Pencil (2nd generation) The iPad Air display has rounded corners. When measured diagonally as a rectangle, the screen is 10.86 inches. Actual viewable area is less."", ""Chip"": ""A14 Bionic chip with 64â€‘bit architecture Neural Engine"", ""Camera"": ""12MP Wide camera"", ""Speakers"": ""Stereo speakers"", ""Touch ID"": ""Unlock iPad Secure personal data within apps Make purchases from the iTunes Store, App Store, and Apple Books"", ""Charging And Expansion"": ""USBâ€‘C"", ""Battery"": ""Up to 9 hours of surfing the web using cellular data network"", ""OS"": ""iPadOS 15 iPadOS comes with powerful features and built-in apps designed to take advantage of the unique capabilities of iPad.""}"
https://hexxone.com/laptops-by-brand/Apple/apple-ipad-air-4-2020-wificellular-109-inch-display-a14-bionic-64gb-storage-12mp-camera-stereo-speakers-9-hours-battery-life?limit=30,"Apple iPad Air 4 2020 (Wifi+Cellular) - 10.9-inch display, A14 Bionic, 64GB Storage, 12MP Camera, Stereo Speakers, 9 Hours battery life","NPR 114,500.00",Availability: Out Of Stock,,"{""Brand"": ""Apple"", ""Type"": ""Tablet"", ""Color"": ""Space Gray"", ""Storage"": ""64 GB"", ""Buttons And Sensor"": ""Top Button/Touch ID Sensor Volume Up/Down Button USB-C Connector Nano Sim Tray"", ""Display"": ""Liquid Retina display 10.9-inch (diagonal) LEDâ€‘backlit Multiâ€‘Touch display with IPS technology 2360-by-1640-pixel resolution at 264 pixels per inch (ppi) Wide color display (P3) True Tone display Fingerprint-resistant oleophobic coating Fully laminated display Antireflective coating 1.8% reflectivity 500 nits brightness Supports Apple Pencil (2nd generation) The iPad Air display has rounded corners. When measured diagonally as a rectangle, the screen is 10.86 inches. Actual viewable area is less."", ""Chip"": ""A14 Bionic chip with 64â€‘bit architecture Neural Engine"", ""Camera"": ""12MP Wide camera"", ""Speakers"": ""Stereo speakers"", ""Touch ID"": ""Unlock iPad Secure personal data within apps Make purchases from the iTunes Store, App Store, and Apple Books"", ""Charging And Expansion"": ""USBâ€‘C"", ""Battery"": ""Up to 9 hours of surfing the web using cellular data network"", ""OS"": ""iPadOS 15 iPadOS comes with powerful features and built-in apps designed to take advantage of the unique capabilities of iPad.""}"
https://hexxone.com/laptops-by-brand/Apple/apple-ipad-pro-11-2021-wi-fi-cellular-11-inch-display-m1-chip-256gb-storage-12mp-camera-stereo-speakers-10-hours-battery-life?limit=30,"Apple iPad Pro 11 2021 - Wi-Fi + Cellular, 11-inch display, M1 Chip, 256GB Storage, 12MP Camera, Stereo Speakers, 10 hours battery life","NPR 167,500.00",Availability: Out Of Stock,,"{""Brand"": ""Apple"", ""Type"": ""Tablet"", ""Color"": ""Space Gray"", ""Storage"": ""256 GB"", ""Chipset"": ""Apple M1"", ""CPU"": ""Octa Core"", ""GPU"": ""Apple GPU (8-core graphics)"", ""Display"": ""Liquid Retina display 11-inch (diagonal) LED backlit Multiâ€‘Touch display with IPS technology 2388-by-1668-pixel resolution at 264 pixels per inch (ppi) ProMotion technology Wide color display (P3) True Tone display Fingerprint-resistant oleophobic coating Fully laminated display Antireflective coating 1.8% reflectivity 600 nits max brightness Supports Apple Pencil (2nd generation) The 11-inch iPad Pro display has rounded corners that follow a beautiful curved design, and these corners are within a standard rectangle. When measured as a standard rectangular shape, the screen is 11 inches diagonally (actual viewable area is less)."", ""Camera"": ""12 MP"", ""Features"": ""Face ID, accelerometer, gyro, barometer Siri natural language commands and dictation"", ""In The Box"": ""iPad Pro USB-C Charge Cable (1 meter) 20W USB-C Power Adapter"", ""Detailed Chip Specification"": ""Apple M1 chip 8-core CPU with 4 performance cores and 4 efficiency cores 8-core GPU 16-core Neural Engine 8GB RAM on models with 128GB, 256GB, or 512GB storage"", ""Face ID"": ""Enabled by TrueDepth camera for facial recognition Unlock iPad Secure personal data within apps Make purchases from the iTunes Store, App Store, and Apple Books"", ""Charging and Expansion"": ""Thunderbolt / USB 4 port with support for: Charging DisplayPort Thunderbolt 3 (up to 40Gb/s) USB 4 (up to 40Gb/s) USB 3.1 Gen 2 (up to 10Gb/s)"", ""Speakers"": ""Four speaker audio"", ""Battery"": ""Up to 9 hours of surfing the web using cellular data network Charging via power adapter or USB-C to computer system"", ""OS"": ""iPadOS 15 iPadOS comes with powerful features and built-in apps designed to take advantage of the unique capabilities of iPad.""}"
https://hexxone.com/laptops-by-brand/Apple/apple-ipad-pro-11-2021-wi-fi-cellular-11-inch-display-m1-chip-128gb-storage-12mp-camera-stereo-speakers-10-hours-battery-life?limit=30,"Apple iPad Pro 11 2021 Wi-Fi + Cellular - 11-inch display, M1 Chip, 128GB Storage, 12MP Camera, Stereo Speakers, 10 hours battery life","NPR 152,500.00",Availability: Out Of Stock,"Model: Apple iPad Pro 11 2021 Wi-Fi + Cellular | Processor: Apple M1 | RAM: 8GB unified memory | Storage: 128GB SSD | Display: 11-inch LED backlit Multiâ€‘Touch display, IPS, Liquid Retina, 600nits | Graphic: 16-core GPU | Warranty: 1 Year Warranty","{""Brand"": ""Apple"", ""Type"": ""Tablet"", ""Color"": ""Space Gray"", ""Storage"": ""128 GB"", ""Chipset"": ""Apple M1"", ""CPU"": ""Octa Core"", ""GPU"": ""Apple GPU (8-core graphics)"", ""Display"": ""Liquid Retina display 11-inch (diagonal) LED backlit Multiâ€‘Touch display with IPS technology 2388-by-1668-pixel resolution at 264 pixels per inch (ppi) ProMotion technology Wide color display (P3) True Tone display Fingerprint-resistant oleophobic coating Fully laminated display Antireflective coating 1.8% reflectivity 600 nits max brightness Supports Apple Pencil (2nd generation) The 11-inch iPad Pro display has rounded corners that follow a beautiful curved design, and these corners are within a standard rectangle. When measured as a standard rectangular shape, the screen is 11 inches diagonally (actual viewable area is less)."", ""Camera"": ""12 MP"", ""Features"": ""Face ID, accelerometer, gyro, barometer Siri natural language commands and dictation"", ""In The Box"": ""iPad Pro USB-C Charge Cable (1 meter) 20W USB-C Power Adapter"", ""Detailed Chip Specification"": ""Apple M1 chip 8-core CPU with 4 performance cores and 4 efficiency cores 8-core GPU 16-core Neural Engine 8GB RAM on models with 128GB, 256GB, or 512GB storage"", ""Face ID"": ""Enabled by TrueDepth camera for facial recognition Unlock iPad Secure personal data within apps Make purchases from the iTunes Store, App Store, and Apple Books"", ""Charging and Expansion"": ""Thunderbolt / USB 4 port with support for: Charging DisplayPort Thunderbolt 3 (up to 40Gb/s) USB 4 (up to 40Gb/s) USB 3.1 Gen 2 (up to 10Gb/s)"", ""Speakers"": ""Four speaker audio"", ""Battery"": ""Up to 9 hours of surfing the web using cellular data network Charging via power adapter or USB-C to computer system"", ""OS"": ""iPadOS 15 iPadOS comes with powerful features and built-in apps designed to take advantage of the unique capabilities of iPad.""}"
https://hexxone.com/laptops-by-brand/Apple/apple-ipad-pro-11-2021-wi-fi-11-inch-display-m1-chip-128gb-storage-12mp-camera-stereo-speakers-10-hours-battery-life?limit=30,"Apple iPad Pro 11 2021 Wi-Fi - 11-inch display, M1 Chip, 128GB Storage, 12MP Camera, Stereo Speakers, 10 hours battery life","NPR 128,500.00",Availability: Out Of Stock,"Model: Apple iPad Pro 11 2021 Wi-Fi | Processor: Apple M1 | RAM: 8GB unified memory | Storage: 128GB SSD | Display: 11-inch LED backlit Multiâ€‘Touch display, IPS, Liquid Retina, 600nits | Graphic: 16-core GPU | Warranty: 1 Year Warranty","{""Brand"": ""Apple"", ""Type"": ""Tablet"", ""Color"": ""Space Gray"", ""Storage"": ""128 GB"", ""Chipset"": ""Apple M1"", ""CPU"": ""Octa-Core"", ""GPU"": ""Apple GPU (8-core graphics)"", ""Display"": ""Liquid Retina display 11-inch (diagonal) LED backlit Multiâ€‘Touch display with IPS technology 2388-by-1668-pixel resolution at 264 pixels per inch (ppi) ProMotion technology Wide color display (P3) True Tone display Fingerprint-resistant oleophobic coating Fully laminated display Antireflective coating 1.8% reflectivity 600 nits max brightness Supports Apple Pencil (2nd generation) The 11-inch iPad Pro display has rounded corners that follow a beautiful curved design, and these corners are within a standard rectangle. When measured as a standard rectangular shape, the screen is 11 inches diagonally (actual viewable area is less)."", ""Camera"": ""12 MP"", ""Features"": ""Face ID, accelerometer, gyro, barometer Siri natural language commands and dictation"", ""In The Box"": ""iPad Pro USB-C Charge Cable (1 meter) 20W USB-C Power Adapter"", ""Detailed Chip Specification"": ""Apple M1 chip 8-core CPU with 4 performance cores and 4 efficiency cores 8-core GPU 16-core Neural Engine 8GB RAM on models with 128GB, 256GB, or 512GB storage"", ""Face ID"": ""Enabled by TrueDepth camera for facial recognition Unlock iPad Secure personal data within apps Make purchases from the iTunes Store, App Store, and Apple Books"", ""Charging and Expansion"": ""Thunderbolt / USB 4 port with support for: Charging DisplayPort Thunderbolt 3 (up to 40Gb/s) USB 4 (up to 40Gb/s) USB 3.1 Gen 2 (up to 10Gb/s)"", ""Speakers"": ""Four speaker audio"", ""Battery"": ""Up to 10 hours of surfing the web on Wi-Fi or watching video Charging via power adapter or USB-C to computer system""}"
https://hexxone.com/laptops-by-brand/Apple/apple-ipad-pro-11-2021-wi-fi-11-inch-display-m1-chip-1tb-storage-12mp-camera-stereo-speakers-10-hours-battery-life?limit=30,"Apple iPad Pro 11 2021 Wi-Fi - 11-inch display, M1 Chip, 1TB Storage, 12MP Camera, Stereo Speakers, 10 hours battery life","NPR 224,500.00",Availability: Out Of Stock,,"{""Brand"": ""Apple"", ""Type"": ""Tablet"", ""Color"": ""Space Gray"", ""Storage"": ""1 TB"", ""Chipset"": ""Apple M1"", ""CPU"": ""Octa Core"", ""GPU"": ""Apple GPU (8-core graphics)"", ""Display"": ""Liquid Retina display 11-inch (diagonal) LED backlit Multiâ€‘Touch display with IPS technology 2388-by-1668-pixel resolution at 264 pixels per inch (ppi) ProMotion technology Wide color display (P3) True Tone display Fingerprint-resistant oleophobic coating Fully laminated display Antireflective coating 1.8% reflectivity 600 nits max brightness Supports Apple Pencil (2nd generation) The 11-inch iPad Pro display has rounded corners that follow a beautiful curved design, and these corners are within a standard rectangle. When measured as a standard rectangular shape, the screen is 11 inches diagonally (actual viewable area is less)."", ""Camera"": ""12 MP"", ""Features"": ""Face ID, accelerometer, gyro, barometer Siri natural language commands and dictation"", ""In The Box"": ""iPad Pro USB-C Charge Cable (1 meter) 20W USB-C Power Adapter"", ""Detailed Chip Specification"": ""Apple M1 chip 8-core CPU with 4 performance cores and 4 efficiency cores 8-core GPU 16-core Neural Engine 8GB RAM on models with 128GB, 256GB, or 512GB storage"", ""Face ID"": ""Enabled by TrueDepth camera for facial recognition Unlock iPad Secure personal data within apps Make purchases from the iTunes Store, App Store, and Apple Books"", ""Charging and Expansion"": ""Thunderbolt / USB 4 port with support for: Charging DisplayPort Thunderbolt 3 (up to 40Gb/s) USB 4 (up to 40Gb/s) USB 3.1 Gen 2 (up to 10Gb/s)"", ""Speakers"": ""Four speaker audio"", ""Battery"": ""Up to 10 hours of surfing the web on Wi-Fi or watching video Charging via power adapter or USB-C to computer system""}"
https://hexxone.com/laptops-by-brand/Apple/apple-ipad-pro-11-2021-wi-fi-11-inch-display-m1-chip-256gb-storage-12mp-camera-stereo-speakers-10-hours-battery-life?limit=30,"Apple iPad Pro 11 2021 Wi-Fi - 11-inch display, M1 Chip, 256GB Storage, 12MP Camera, Stereo Speakers, 10 hours battery life","NPR 144,500.00",Availability: Out Of Stock,"Model: Apple iPad Pro 11 2021 | Processor: Apple M1 chip | RAM: 8GB unified memory | Storage: 256GB SSD | Display: 11-inch LED backlit Multiâ€‘Touch display, IPS, Liquid Retina, 600nits | Graphic: 8-core GPU | Warranty: 1 Year Warranty","{""Brand"": ""Apple"", ""Type"": ""Tablet"", ""Color"": ""Space Gray"", ""Storage"": ""256 GB"", ""Chipset"": ""Apple M1"", ""CPU"": ""Octa Core"", ""GPU"": ""Apple GPU (8-core graphics)"", ""Display"": ""Liquid Retina display 11-inch (diagonal) LED backlit Multiâ€‘Touch display with IPS technology 2388-by-1668-pixel resolution at 264 pixels per inch (ppi) ProMotion technology Wide color display (P3) True Tone display Fingerprint-resistant oleophobic coating Fully laminated display Antireflective coating 1.8% reflectivity 600 nits max brightness Supports Apple Pencil (2nd generation) The 11-inch iPad Pro display has rounded corners that follow a beautiful curved design, and these corners are within a standard rectangle. When measured as a standard rectangular shape, the screen is 11 inches diagonally (actual viewable area is less)."", ""Camera"": ""12 MP"", ""Features"": ""Face ID, accelerometer, gyro, barometer Siri natural language commands and dictation"", ""In The Box"": ""iPad Pro USB-C Charge Cable (1 meter) 20W USB-C Power Adapter"", ""Detailed Chip Specification"": ""Apple M1 chip 8-core CPU with 4 performance cores and 4 efficiency cores 8-core GPU 16-core Neural Engine 8GB RAM on models with 128GB, 256GB, or 512GB storage"", ""Face ID"": ""Enabled by TrueDepth camera for facial recognition Unlock iPad Secure personal data within apps Make purchases from the iTunes Store, App Store, and Apple Books"", ""Charging and Expansion"": ""Thunderbolt / USB 4 port with support for: Charging DisplayPort Thunderbolt 3 (up to 40Gb/s) USB 4 (up to 40Gb/s) USB 3.1 Gen 2 (up to 10Gb/s)"", ""Speakers"": ""Four speaker audio"", ""Battery"": ""Up to 10 hours of surfing the web on Wi-Fi or watching video Charging via power adapter or USB-C to computer system""}"
https://hexxone.com/laptops-by-brand/Apple/apple-ipad-pro-11-2021-wi-fi-11-inch-display-m1-chip-512gb-storage-12mp-camera-stereo-speakers-10-hours-battery-life?limit=30,"Apple iPad Pro 11 2021 Wi-Fi - 11-inch display, M1 Chip, 512GB Storage, 12MP Camera, Stereo Speakers, 10 hours battery life","NPR 174,500.00",Availability: Out Of Stock,,"{""Brand"": ""Apple"", ""Type"": ""Tablet"", ""Color"": ""Space Gray"", ""Storage"": ""256 GB"", ""Chipset"": ""Apple M1"", ""CPU"": ""Octa Core"", ""GPU"": ""Apple GPU (8-core graphics)"", ""Display"": ""Liquid Retina display 11-inch (diagonal) LED backlit Multiâ€‘Touch display with IPS technology 2388-by-1668-pixel resolution at 264 pixels per inch (ppi) ProMotion technology Wide color display (P3) True Tone display Fingerprint-resistant oleophobic coating Fully laminated display Antireflective coating 1.8% reflectivity 600 nits max brightness Supports Apple Pencil (2nd generation) The 11-inch iPad Pro display has rounded corners that follow a beautiful curved design, and these corners are within a standard rectangle. When measured as a standard rectangular shape, the screen is 11 inches diagonally (actual viewable area is less)."", ""Camera"": ""12 MP"", ""Features"": ""Face ID, accelerometer, gyro, barometer Siri natural language commands and dictation"", ""In The Box"": ""iPad Pro USB-C Charge Cable (1 meter) 20W USB-C Power Adapter"", ""Detailed Chip Specification"": ""Apple M1 chip 8-core CPU with 4 performance cores and 4 efficiency cores 8-core GPU 16-core Neural Engine 8GB RAM on models with 128GB, 256GB, or 512GB storage"", ""Face ID"": ""Enabled by TrueDepth camera for facial recognition Unlock iPad Secure personal data within apps Make purchases from the iTunes Store, App Store, and Apple Books"", ""Charging and Expansion"": ""Thunderbolt / USB 4 port with support for: Charging DisplayPort Thunderbolt 3 (up to 40Gb/s) USB 4 (up to 40Gb/s) USB 3.1 Gen 2 (up to 10Gb/s)"", ""Speakers"": ""Four speaker audio"", ""Battery"": ""Up to 10 hours of surfing the web on Wi-Fi or watching video Charging via power adapter or USB-C to computer system""}"
https://hexxone.com/laptops-by-brand/Apple/apple-ipad-pro-129-2021-wifi-1tb-m1-chip-129-inch-liquid-retina-display-12mp-camera-quad-speakers-10-hours-battery-life?limit=30,"Apple iPad Pro 12.9 2021 WiFi 1TB - M1 Chip, 12.9-inch Liquid Retina display, 12MP Camera, Quad Speakers, 10 hours battery life","NPR 297,500.00",Availability: Out Of Stock,,"{""Brand"": ""Apple"", ""Type"": ""Tablet"", ""Color"": ""Space Gray"", ""Storage"": ""1 TB"", ""Chipset"": ""Apple M1"", ""CPU"": ""Octa Core"", ""GPU"": ""Apple GPU (8-core graphics)"", ""Display"": ""Liquid Retina XDR display 12.9-inch (diagonal) mini-LED backlit Multiâ€‘Touch display with IPS technology 2D backlighting system with 2596 fullâ€‘array local dimming zones 2732-by-2048-pixel resolution at 264 pixels per inch (ppi) ProMotion technology Wide color display (P3) True Tone display Fingerprint-resistant oleophobic coating Fully laminated display Antireflective coating 1.8% reflectivity 600 nits max brightness 1000 nits max full-screen brightness; 1600 nits peak brightness (HDR) 1,000,000:1 contrast ratio Supports Apple Pencil (2nd generation) The 12.9-inch iPad Pro display has rounded corners that follow a beautiful curved design, and these corners are within a standard rectangle. When measured as a standard rectangular shape, the screen is 12.9 inches diagonally (actual viewable area is less)."", ""Camera"": ""12 MP"", ""Features"": ""Face ID, accelerometer, gyro, barometer Siri natural language commands and dictation"", ""In The Box"": ""iPad Pro USB-C Charge Cable (1 meter) 20W USB-C Power Adapter"", ""Detailed Chip Specification"": ""Apple M1 chip 8-core CPU with 4 performance cores and 4 efficiency cores 8-core GPU 16-core Neural Engine 8GB RAM on models with 128GB, 256GB, or 512GB storage"", ""Face ID"": ""Enabled by TrueDepth camera for facial recognition Unlock iPad Secure personal data within apps Make purchases from the iTunes Store, App Store, and Apple Books"", ""Charging and Expansion"": ""Thunderbolt / USB 4 port with support for: Charging DisplayPort Thunderbolt 3 (up to 40Gb/s) USB 4 (up to 40Gb/s) USB 3.1 Gen 2 (up to 10Gb/s)"", ""Speakers"": ""Four speaker audio"", ""Battery"": ""Built-in 40.88-watt-hour rechargeable lithium-polymer battery Up to 10 hours of surfing the web on Wi-Fi or watching video Charging via power adapter or USB-C to computer system""}"
https://hexxone.com/laptops-by-brand/Apple/apple-ipad-pro-129-wi-fi-cellular-128gb-m1-chip-129-inch-liquid-retina-display-12mp-camera-quad-speakers-10-hours-battery-life?limit=30,"Apple iPad Pro 12.9 Wi-Fi + Cellular 128GB - M1 Chip, 12.9-inch Liquid Retina display, 12MP Camera, Quad Speakers, 10 hours battery life","NPR 189,500.00",Availability: Out Of Stock,,"{""Brand"": ""Apple"", ""Type"": ""Tablet"", ""Color"": ""Space Gray"", ""Storage"": ""128 GB"", ""Chipset"": ""Apple M1"", ""CPU"": ""Octa Core"", ""GPU"": ""Apple GPU (8-core graphics)"", ""Display"": ""Liquid Retina XDR display 12.9-inch (diagonal) mini-LED backlit Multiâ€‘Touch display with IPS technology 2D backlighting system with 2596 fullâ€‘array local dimming zones 2732-by-2048-pixel resolution at 264 pixels per inch (ppi) ProMotion technology Wide color display (P3) True Tone display Fingerprint-resistant oleophobic coating Fully laminated display Antireflective coating 1.8% reflectivity 600 nits max brightness 1000 nits max full-screen brightness; 1600 nits peak brightness (HDR) 1,000,000:1 contrast ratio Supports Apple Pencil (2nd generation) The 12.9-inch iPad Pro display has rounded corners that follow a beautiful curved design, and these corners are within a standard rectangle. When measured as a standard rectangular shape, the screen is 12.9 inches diagonally (actual viewable area is less)."", ""Camera"": ""12 MP"", ""Features"": ""Face ID, accelerometer, gyro, barometer Siri natural language commands and dictation"", ""In The Box"": ""iPad Pro USB-C Charge Cable (1 meter) 20W USB-C Power Adapter"", ""Detailed Chip Specification"": ""Apple M1 chip 8-core CPU with 4 performance cores and 4 efficiency cores 8-core GPU 16-core Neural Engine 8GB RAM on models with 128GB, 256GB, or 512GB storage"", ""Face ID"": ""Enabled by TrueDepth camera for facial recognition Unlock iPad Secure personal data within apps Make purchases from the iTunes Store, App Store, and Apple Books"", ""Charging and Expansion"": ""Thunderbolt / USB 4 port with support for: Charging DisplayPort Thunderbolt 3 (up to 40Gb/s) USB 4 (up to 40Gb/s) USB 3.1 Gen 2 (up to 10Gb/s)"", ""Speakers"": ""Four speaker audio"", ""Battery"": ""Built-in 40.88-watt-hour rechargeable lithium-polymer battery Up to 9 hours of surfing the web using cellular data network Charging via power adapter or USB-C to computer system"", ""OS"": ""iPadOS 15 iPadOS comes with powerful features and built-in apps designed to take advantage of the unique capabilities of iPad.""}"
https://hexxone.com/laptops-by-brand/Apple/apple-ipad-pro-129-wi-fi-cellular-256gb-m1-chip-129-inch-liquid-retina-display-12mp-camera-quad-speakers-10-hours-battery-life?limit=30,"Apple iPad Pro 12.9 Wi-Fi + Cellular 256GB - M1 Chip, 12.9-inch Liquid Retina display, 12MP Camera, Quad Speakers, 10 hours battery life","NPR 204,500.00",Availability: Out Of Stock,,"{""Brand"": ""Apple"", ""Type"": ""Tablet"", ""Color"": ""Space Gray"", ""Storage"": ""256 GB"", ""Chipset"": ""Apple M1"", ""CPU"": ""Octa Core"", ""GPU"": ""Apple GPU (8-core graphics)"", ""Display"": ""Liquid Retina XDR display 12.9-inch (diagonal) mini-LED backlit Multiâ€‘Touch display with IPS technology 2D backlighting system with 2596 fullâ€‘array local dimming zones 2732-by-2048-pixel resolution at 264 pixels per inch (ppi) ProMotion technology Wide color display (P3) True Tone display Fingerprint-resistant oleophobic coating Fully laminated display Antireflective coating 1.8% reflectivity 600 nits max brightness 1000 nits max full-screen brightness; 1600 nits peak brightness (HDR) 1,000,000:1 contrast ratio Supports Apple Pencil (2nd generation) The 12.9-inch iPad Pro display has rounded corners that follow a beautiful curved design, and these corners are within a standard rectangle. When measured as a standard rectangular shape, the screen is 12.9 inches diagonally (actual viewable area is less)."", ""Camera"": ""12 MP"", ""Features"": ""Face ID, accelerometer, gyro, barometer Siri natural language commands and dictation"", ""In The Box"": ""iPad Pro USB-C Charge Cable (1 meter) 20W USB-C Power Adapter"", ""Detailed Chip Specification"": ""Apple M1 chip 8-core CPU with 4 performance cores and 4 efficiency cores 8-core GPU 16-core Neural Engine 8GB RAM on models with 128GB, 256GB, or 512GB storage"", ""Face ID"": ""Enabled by TrueDepth camera for facial recognition Unlock iPad Secure personal data within apps Make purchases from the iTunes Store, App Store, and Apple Books"", ""Charging and Expansion"": ""Thunderbolt / USB 4 port with support for: Charging DisplayPort Thunderbolt 3 (up to 40Gb/s) USB 4 (up to 40Gb/s) USB 3.1 Gen 2 (up to 10Gb/s)"", ""Speakers"": ""Four speaker audio"", ""Battery"": ""Built-in 40.88-watt-hour rechargeable lithium-polymer battery Up to 9 hours of surfing the web using cellular data network Charging via power adapter or USB-C to computer system"", ""OS"": ""iPadOS 15 iPadOS comes with powerful features and built-in apps designed to take advantage of the unique capabilities of iPad.""}"
https://hexxone.com/laptops-by-brand/Apple/apple-ipad-pro-129-wi-fi-cellular-512gb-m1-chip-129-inch-liquid-retina-display-12mp-camera-quad-speakers-10-hours-battery-life?limit=30,"Apple iPad Pro 12.9 Wi-Fi + Cellular 512GB - M1 Chip, 12.9-inch Liquid Retina display, 12MP Camera, Quad Speakers, 10 hours battery life","NPR 239,500.00",Availability: Out Of Stock,,"{""Brand"": ""Apple"", ""Type"": ""Tablet"", ""Color"": ""Space Gray"", ""Storage"": ""512 GB"", ""Chipset"": ""Apple M1"", ""CPU"": ""Octa Core"", ""GPU"": ""Apple GPU (8-core graphics)"", ""Display"": ""Liquid Retina XDR display 12.9-inch (diagonal) mini-LED backlit Multiâ€‘Touch display with IPS technology 2D backlighting system with 2596 fullâ€‘array local dimming zones 2732-by-2048-pixel resolution at 264 pixels per inch (ppi) ProMotion technology Wide color display (P3) True Tone display Fingerprint-resistant oleophobic coating Fully laminated display Antireflective coating 1.8% reflectivity 600 nits max brightness 1000 nits max full-screen brightness; 1600 nits peak brightness (HDR) 1,000,000:1 contrast ratio Supports Apple Pencil (2nd generation) The 12.9-inch iPad Pro display has rounded corners that follow a beautiful curved design, and these corners are within a standard rectangle. When measured as a standard rectangular shape, the screen is 12.9 inches diagonally (actual viewable area is less)."", ""Camera"": ""12 MP"", ""Features"": ""Face ID, accelerometer, gyro, barometer Siri natural language commands and dictation"", ""In The Box"": ""iPad Pro USB-C Charge Cable (1 meter) 20W USB-C Power Adapter"", ""Detailed Chip Specification"": ""Apple M1 chip 8-core CPU with 4 performance cores and 4 efficiency cores 8-core GPU 16-core Neural Engine 8GB RAM on models with 128GB, 256GB, or 512GB storage"", ""Face ID"": ""Enabled by TrueDepth camera for facial recognition Unlock iPad Secure personal data within apps Make purchases from the iTunes Store, App Store, and Apple Books"", ""Charging and Expansion"": ""Thunderbolt / USB 4 port with support for: Charging DisplayPort Thunderbolt 3 (up to 40Gb/s) USB 4 (up to 40Gb/s) USB 3.1 Gen 2 (up to 10Gb/s)"", ""Speakers"": ""Four speaker audio"", ""Battery"": ""Built-in 40.88-watt-hour rechargeable lithium-polymer battery Up to 9 hours of surfing the web using cellular data network Charging via power adapter or USB-C to computer system"", ""OS"": ""iPadOS 15 iPadOS comes with powerful features and built-in apps designed to take advantage of the unique capabilities of iPad.""}"
https://hexxone.com/laptops-by-brand/Apple/apple-ipad-pro-129-wi-fi-128gb-m1-chip-129-inch-liquid-retina-display-12mp-camera-quad-speakers-10-hours-battery-life?limit=30,"Apple iPad Pro 12.9 Wi-Fi 128GB - M1 Chip, 12.9-inch Liquid Retina display, 12MP Camera, Quad Speakers, 10 hours battery life","NPR 164,500.00",Availability: Out Of Stock,,"{""Brand"": ""Apple"", ""Type"": ""Tablet"", ""Color"": ""Space Gray"", ""Storage"": ""128 GB"", ""Chipset"": ""Apple M1"", ""CPU"": ""Octa Core"", ""GPU"": ""Apple GPU (8-core graphics)"", ""Display"": ""Liquid Retina XDR display 12.9-inch (diagonal) mini-LED backlit Multiâ€‘Touch display with IPS technology 2D backlighting system with 2596 fullâ€‘array local dimming zones 2732-by-2048-pixel resolution at 264 pixels per inch (ppi) ProMotion technology Wide color display (P3) True Tone display Fingerprint-resistant oleophobic coating Fully laminated display Antireflective coating 1.8% reflectivity 600 nits max brightness 1000 nits max full-screen brightness; 1600 nits peak brightness (HDR) 1,000,000:1 contrast ratio Supports Apple Pencil (2nd generation) The 12.9-inch iPad Pro display has rounded corners that follow a beautiful curved design, and these corners are within a standard rectangle. When measured as a standard rectangular shape, the screen is 12.9 inches diagonally (actual viewable area is less)."", ""Camera"": ""12 MP"", ""Features"": ""Face ID, accelerometer, gyro, barometer Siri natural language commands and dictation"", ""In The Box"": ""iPad Pro USB-C Charge Cable (1 meter) 20W USB-C Power Adapter"", ""Detailed Chip Specification"": ""Apple M1 chip 8-core CPU with 4 performance cores and 4 efficiency cores 8-core GPU 16-core Neural Engine 8GB RAM on models with 128GB, 256GB, or 512GB storage"", ""Face ID"": ""Enabled by TrueDepth camera for facial recognition Unlock iPad Secure personal data within apps Make purchases from the iTunes Store, App Store, and Apple Books"", ""Charging and Expansion"": ""Thunderbolt / USB 4 port with support for: Charging DisplayPort Thunderbolt 3 (up to 40Gb/s) USB 4 (up to 40Gb/s) USB 3.1 Gen 2 (up to 10Gb/s)"", ""Speakers"": ""Four speaker audio"", ""Battery"": ""Built-in 40.88-watt-hour rechargeable lithium-polymer battery Up to 10 hours of surfing the web on Wi-Fi or watching video Charging via power adapter or USB-C to computer system""}"
https://hexxone.com/laptops-by-brand/Apple/apple-ipad-pro-129-wi-fi-512gb-m1-chip-129-inch-liquid-retina-display-12mp-camera-quad-speakers-10-hours-battery-life?limit=30,"Apple iPad Pro 12.9 Wi-Fi 512GB - M1 Chip, 12.9-inch Liquid Retina display, 12MP Camera, Quad Speakers, 10 hours battery life","NPR 214,500.00",Availability: Out Of Stock,,"{""Brand"": ""Apple"", ""Type"": ""Tablet"", ""Color"": ""Space Gray"", ""Storage"": ""512 GB"", ""Chipset"": ""Apple M1"", ""CPU"": ""Octa Core"", ""GPU"": ""Apple GPU (8-core graphics)"", ""Display"": ""Liquid Retina XDR display 12.9-inch (diagonal) mini-LED backlit Multiâ€‘Touch display with IPS technology 2D backlighting system with 2596 fullâ€‘array local dimming zones 2732-by-2048-pixel resolution at 264 pixels per inch (ppi) ProMotion technology Wide color display (P3) True Tone display Fingerprint-resistant oleophobic coating Fully laminated display Antireflective coating 1.8% reflectivity 600 nits max brightness 1000 nits max full-screen brightness; 1600 nits peak brightness (HDR) 1,000,000:1 contrast ratio Supports Apple Pencil (2nd generation) The 12.9-inch iPad Pro display has rounded corners that follow a beautiful curved design, and these corners are within a standard rectangle. When measured as a standard rectangular shape, the screen is 12.9 inches diagonally (actual viewable area is less)."", ""Camera"": ""12 MP"", ""Features"": ""Face ID, accelerometer, gyro, barometer Siri natural language commands and dictation"", ""In The Box"": ""iPad Pro USB-C Charge Cable (1 meter) 20W USB-C Power Adapter"", ""Detailed Chip Specification"": ""Apple M1 chip 8-core CPU with 4 performance cores and 4 efficiency cores 8-core GPU 16-core Neural Engine 8GB RAM on models with 128GB, 256GB, or 512GB storage"", ""Face ID"": ""Enabled by TrueDepth camera for facial recognition Unlock iPad Secure personal data within apps Make purchases from the iTunes Store, App Store, and Apple Books"", ""Charging and Expansion"": ""Thunderbolt / USB 4 port with support for: Charging DisplayPort Thunderbolt 3 (up to 40Gb/s) USB 4 (up to 40Gb/s) USB 3.1 Gen 2 (up to 10Gb/s)"", ""Speakers"": ""Four speaker audio"", ""Battery"": ""Built-in 40.88-watt-hour rechargeable lithium-polymer battery Up to 10 hours of surfing the web on Wi-Fi or watching video Charging via power adapter or USB-C to computer system""}"
https://hexxone.com/laptops-by-brand/Apple/apple-m1-macbook-air-2020-133-inch-retina-display-apple-m1-chip-8gb-ram-256gb-ssd-warranty-in-nepal?limit=30,Apple M1 MacBook Air 2020 13.3-inch Retina display - Apple M1 Chip - 8GB RAM - 256GB SSD - Warranty in Nepal,"NPR 104,500.00",Availability: Out Of Stock,"Model: Apple M1 MacBook Air 2020 | Processor: Apple M1 Chip 8-core CPU | RAM: 8GB unified memory | Storage: 256GB SSD | Display: 13.3-inch LED-backlit display, IPS, 400 nits | Graphic: 7-core GPU | Warranty: 1 Year Warranty","{""CPU"": ""Apple M1 chip 8-core CPU with 4 performÂ­ance cores and 4 efficiency cores 7-core GPU 16-core Neural Engine"", ""RAM"": ""8GB unified memory"", ""Audio"": ""Stereo speakers Wide stereo sound Support for Dolby Atmos playback Three-mic array with directional beamforming 3.5 mm headphone jack"", ""Display"": ""Retina display 13.3-inch (diagonal) LED-backlit display with IPS technology; 2560-by-1600 native resolution at 227 pixels per inch with support for millions of colors Supported scaled resolutions: 1680 by 1050 1440 by 900 1024 by 640 400 nits brightness Wide color (P3) True Tone technology"", ""Connections"": ""Two Thunderbolt / USB 4 ports with support for: Charging DisplayPort Thunderbolt 3 (up to 40Gb/s) USB 4 (up to 40Gb/s) USB 3.1 Gen 2 (up to 10Gb/s)"", ""Networking"": ""Wi-Fi 802.11ax Wi-Fi 6 wireless networking IEEE 802.11a/b/g/n/ac compatible Bluetooth Bluetooth 5.0 wireless technology"", ""Storage"": ""256GB"", ""Size height x width x depth (in mm)"": ""Height: 0.16â€“0.63 inch (0.41â€“1.61 cm) Width: 11.97 inches (30.41 cm) Depth: 8.36 inches (21.24 cm) Weight: 2.8 pounds (1.29 kg) 3"", ""Battery"": ""Up to 15 hours wireless web Up to 18 hours Apple TV app movie playback Built-in 49.9â€‘watt-hour lithiumâ€‘polymer battery 30W USB-C Power Adapter"", ""camera webcam"": ""720p FaceTime HD camera"", ""Weight"": ""1.29Kg"", ""Keyboard and Trackpad"": ""Backlit Magic Keyboard with: 78 (U.S.) or 79 (ISO) keys including 12 function keys and 4 arrow keys in an inverted-T arrangement Ambient light sensor Force Touch trackpad for precise cursor control and pressure-sensing capabilities; enables Force clicks, accelerators, pressure-sensitive drawing, and Multi-Touch gestures"", ""Apple M1 MacBook Air 2020 Price in Nepal"": ""Rs. 120,000""}"
https://hexxone.com/laptops-by-brand/Apple/apple-m1-pro-macbook-pro-16-inch-m1-pro-chip-16gb-ram-512gb-storage-162-inch-120hz-liquid-retina-xdr-display-product?limit=30,"Apple M1 Pro MacBook Pro 16-inch M1 Pro Chip, 16GB RAM, 512GB Storage, 16.2-inch 120Hz Liquid Retina XDR display - Product","NPR 309,500.00",Availability: Out Of Stock,"Model: Apple M1 Pro MacBook Pro 2021 | Processor: Apple M1 Pro Chip 10-core CPU | RAM: 16GB unified memory | Storage: 512GB/1TB SSD | Display: 16.2-inch Liquid Retina XDR display, 1000 nits | Graphic: 16-core GPU | Warranty: 1 Year Warranty","{""Brand"": ""Apple"", ""CPU"": ""Apple M1 Pro Chip 10-core CPU with 8 performance cores and 2 efficiency cores 16-core GPU 16-core Neural Engine 200GB/s memory bandwidth"", ""RAM"": ""16GB unified memory"", ""Storage"": ""512GB / 1TB SSD"", ""Audio"": ""High-fidelity six-speaker sound system with force-cancelling woofers Wide stereo sound Support for spatial audio when playing music or video with Dolby Atmos on built-in speakers Spatial audio with dynamic head tracking when using AirPods (3rd generation), AirPods Pro, and AirPods Max Studio-quality three-mic array with high signal-to-noise ratio and directional beamforming 3.5 mm headphone jack with advanced support for high-impedance headphones"", ""Display"": ""Liquid Retina XDR display 16.2-inch (diagonal) Liquid Retina XDR display; 3456 x 2234 pixels native resolution at 254 pixels per inch Up to 1000 nits sustained (full-screen) brightness, 1600 nits peak brightness 1,000,000:1 contrast ratio Wide color (P3) True Tone technology ProMotion technology for adaptive refresh rates up to 120Hz"", ""Connectivity"": ""SDXC card slot HDMI port 3.5 mm headphone jack MagSafe 3 port Three Thunderbolt 4 (USB-C) ports with support for: Charging DisplayPort Thunderbolt 4 (up to 40Gb/s) USB 4 (up to 40Gb/s)"", ""Wireless"": ""Wi-Fi 802.11ax Wi-Fi 6 wireless networking IEEE 802.11a/b/g/n/ac compatible Bluetooth Bluetooth 5.0 wireless technology"", ""Size height x width x depth (in mm)"": ""Height: 0.66 inch (1.68 cm) Width: 14.01 inches (35.57 cm) Depth: 9.77 inches (24.81 cm)"", ""Battery"": ""Up to 21 hours Apple TV app movie playback Up to 14 hours wireless web 100-watt-hour lithium-polymer battery2 140W USB-C Power Adapter USB-C to MagSafe 3 Cable Fast-charge capable with included 140W USB-C Power Adapter"", ""Camera webcam"": ""1080p FaceTime HD camera Advanced image signal processor with computational video"", ""Weight"": ""2.1Kg"", ""Keyboard and Trackpad"": ""Backlit Magic Keyboard with: 78 (U.S.) or 79 (ISO) keys including 12 function keys and 4 arrow keys in an inverted-T arrangement Ambient light sensor Force Touch trackpad for precise cursor control and pressure-sensing capabilities; enables Force clicks, accelerators, pressure-sensitive drawing, and Multi-Touch gestures"", ""Operating Requirements"": ""Line voltage : 100V to 240V AC Frequency : 50Hz to 60Hz Operating temperature : 50Â° to 95Â° F (10Â° to 35Â° C) Storage temperature : â€“13Â° to 113Â° F (â€“25Â° to 45Â° C) Relative humidity : 0% to 90% noncondensing Operating altitude : tested up to 10,000 feet Maximum storage altitude : 15,000 feet Maximum shipping altitude : 35,000 feet"", ""Color Options"": ""Space Grey, Silver"", ""Apple M1 Pro MacBook Pro 16-inch Price in Nepal"": ""Rs. 370,000 (512GB Storage) Rs. 400,000 (1TB Storage)""}"
https://hexxone.com/laptops-by-brand/Apple/apple-m2-macbook-air-apple-m2-chip-8gb-ram-256gb-ssd-153-inch-retina-display-warranty-in-nepal?limit=30,Apple M2 MacBook Air - Apple M2 Chip - 8GB RAM - 256GB SSD - 15.3-inch Retina display - Warranty in Nepal,"NPR 188,500.00",Availability: Out Of Stock,Model: Apple M2 MacBook Air 15 2023 | Processor: Apple M2 Chip 8-core CPU | RAM: 8GB unified memory | Storage: 256GB SSD | Display: 15.3-inch (diagonal) LED-backlit Graphic: 10-core GPU | Warranty: 1 Year Warranty,"{""CPU"": ""Apple M2 chip 8-core CPU with 4 performance cores and 4 efficiency cores 10-core GP 16-core Neural Engine 100GB/s memory bandwidt"", ""RAM"": ""8GB unified memory"", ""Audio"": ""Six-speaker sound system with force-cancelling woofers Wide stereo sound Support for Spatial Audio when playing music or video with Dolby Atmos on built-in speakers Spatial Audio with dynamic head tracking when using AirPods (3rd generation), AirPods Pro, and AirPods Max Three-mic array with directional beamforming 3.5 mm headphone jack with advanced support for high-impedance headphones"", ""Display"": ""15.3-inch (diagonal) LED-backlit display with IPS technology; 1 2880-by-1864 native resolution at 224 pixels per inch 500 nits brightness"", ""Connections"": ""Charging DisplayPort Thunderbolt 3 (up to 40Gb/s) USB 4 (up to 40Gb/s) USB 3.1 Gen 2 (up to 10Gb/s)"", ""Networking"": ""Wi-Fi Wi-Fi 6 (802.11ax) Bluetooth 5.3"", ""Storage"": ""512GB"", ""Size height x width x depth (in mm)"": ""Height: 0.45 inch (1.15 cm) Width: 13.40 inches (34.04 cm) Depth: 9.35 inches (23.76 cm) Weight: 3.3 pounds (1.51 kg)"", ""Battery"": ""Up to 18 hours Apple TV app movie playback Up to 15 hours wireless web 66.5-watt-hour lithium-polymer battery 35W Dual USB-C Port Compact Power Adapter USB-C to MagSafe 3 Cable Fast-charge capable with 70W USB-C Power adapterr"", ""camera webcam"": ""1080p FaceTime HD camera Advanced image signal processor with computational video"", ""Weight"": ""1.51Kg"", ""Keyboard and Trackpad"": ""78 (U.S.) or 79 (ISO) keys including 12 full-height function keys and 4 arrow keys in an inverted-T arrangement Touch ID Ambient light sensor Force Touch trackpad for precise cursor control and pressure-sensing capabilities; enables Force clicks, accelerators, pressure-sensitive drawing, and Multi-Touch gestures"", ""Apple M2 MacBook Air 2023 Price in Nepal"": ""Rs. 205000 (256GB)""}"
https://hexxone.com/laptops-by-brand/Apple/apple-m2-macbook-air-2022-apple-m2-chip-8gb-ram-256gb-ssd-136-inch-retina-display-warranty-in-nepal?limit=30,Apple M2 MacBook Air 2022 - Apple M2 Chip - 8GB RAM - 256GB SSD - 13.6-inch Retina display - Warranty in Nepal,"NPR 128,500.00",Availability: Out Of Stock,Model: Apple M2 Air MacBook 2022 | Processor: Apple M2 Chip 8-core CPU | RAM: 8GB unified memory | Storage: 256GB SSD | Display: 13.6-inch (diagonal) LED-backlit Graphic: 10-core GPU | Warranty: 1 Year Warranty,"{""CPU"": ""Apple M2 chip 8-core CPU with 4 performance cores and 4 efficiency cores 8-core GPU 16-core Neural Engine 100GB/s memory bandwidth"", ""RAM"": ""8GB unified memory"", ""Audio"": ""Four-speaker sound system Wide stereo sound Support for Spatial Audio when playing music or video with Dolby Atmos on built-in speakers Spatial Audio with dynamic head tracking when using AirPods (3rd generation), AirPods Pro, and AirPods Max Three-mic array with directional beamforming 3.5 mm headphone jack with advanced support for high-impedance headphones"", ""Display"": ""Liquid Retina display 13.6-inch (diagonal) LED-backlit display with IPS technology; 1 2560-by-1664 native resolution at 224 pixels per inch with support for 1 billion colors"", ""Connections"": ""Charging DisplayPort Thunderbolt 3 (up to 40Gb/s) USB 4 (up to 40Gb/s) USB 3.1 Gen 2 (up to 10Gb/s)"", ""Networking"": ""802.11ax Wi-Fi 6 wireless networking IEEE 802.11a/b/g/n/ac compatible Bluetooth 5.0 wireless technology"", ""Storage"": ""256GB"", ""Size height x width x depth (in mm)"": ""Height: 0.16â€“0.63 inch (0.41â€“1.61 cm) Width: 11.97 inches (30.41 cm) Depth: 8.36 inches (21.24 cm) Weight: 2.8 pounds (1.29 kg)"", ""Battery"": ""Up to 18 hours Apple TV app movie playback Up to 15 hours wireless web 52.6-wattâ€‘hour lithiumâ€‘polymer battery 30W USB-C Power Adapter (included with M2 with 8-core GPU)"", ""camera webcam"": ""1080p FaceTime HD camera Advanced image signal processor with computational video"", ""Weight"": ""1.29Kg"", ""Keyboard and Trackpad"": ""Backlit Magic Keyboard with: 78 (U.S.) or 79 (ISO) keys including 12 full-height function keys and 4 arrow keys in an inverted-T arrangement Touch ID Ambient light sensor Force Touch trackpad for precise cursor control and pressure-sensing capabilities; enables Force clicks, accelerators, pressure-sensitive drawing, and Multi-Touch gestures"", ""Apple M2 MacBook Air 2022 Price in Nepal"": ""Rs. 155000 (8GB, 256GB)""}"
https://hexxone.com/laptops-by-brand/Apple/apple-m2-macbook-pro-2022-apple-m2-chip-16gb-ram-512gb-ssd-142-inch-retina-display-warranty-in-nepal?limit=30,Apple M2 MacBook Pro 2022 - Apple M2 Chip - 16GB RAM - 512GB SSD - 14.2-inch Retina display - Warranty in Nepal,"NPR 289,500.00",Availability: Out Of Stock,Model: Apple M2 Pro MacBook Pro 2022 | Processor: Apple M2 Chip 10-core CPU | RAM: 16GB unified memory | Storage: 512GB SSD | Display: 14.2-inch (diagonal) Liquid Retina XDR display; 1 3024-by-1964 | Graphic: 16-core GPU | Warranty: 1 Year Warranty,"{""Brand"": ""Apple"", ""CPU"": ""Apple M2 Pro Chip 10-core CPU with 6 performance cores and 4 efficiency cores 16-core GPU 16-core Neural Engine 200GB/s memory bandwidth"", ""RAM"": ""16GB unified memory"", ""Storage"": ""512GB SSD"", ""Audio"": ""High-fidelity six-speaker sound system with force-cancelling woofers Wide stereo sound Support for Spatial Audio when playing music or video with Dolby Atmos on built-in speakers Spatial Audio with dynamic head tracking when using AirPods (3rd generation), AirPods Pro, and AirPods Max Studio-quality three-mic array with high signal-to-noise ratio and directional beamforming 3.5 mm headphone jack with advanced support for high-impedance headphones HDMI port supports multichannel audio output"", ""Display"": ""14.2-inch (diagonal) Liquid Retina XDR display; 1 3024-by-1964 native resolution at 254 pixels per inch Color 1 billion colors Wide color (P3) True Tone technology Refresh rates ProMotion technology for adaptive refresh rates up to 120Hz Fixed refresh rates: 47.95Hz, 48.00Hz, 50.00Hz, 59.94Hz, 60.00Hz Display Support M2 Pro Simultaneously supports full native resolution on the built-in display at 1 billion colors and: Up to two external displays with up to 6K resolution at 60Hz over Thunderbolt, or one external display with up to 6K resolution at 60Hz over Thunderbolt and one external display with up to 4K resolution at 144Hz over HDMI One external display supported at 8K resolution at 60Hz or one external display at 4K resolution at 240Hz over HDMI"", ""Connectivity"": ""SDXC card slot HDMI port 3.5 mm headphone jack MagSafe 3 port Three Thunderbolt 4 (USB-C) ports with support for: Charging DisplayPort Thunderbolt 4 (up to 40Gb/s) USB 4 (up to 40Gb/s)"", ""Wireless"": ""Wi-Fi Wi-Fi 6E (802.11ax) Bluetooth Bluetooth 5.3"", ""Size height x width x depth (in mm)"": ""Height 0.61 inch (1.55 cm) Width: 12.31 inches (31.26 cm) Depth: 8.71 inches (22.12 cm) Weight (M2 Pro): 3.5 pounds (1.60 kg)"", ""Battery"": ""Up to 18 hours Apple TV app movie playback Up to 12 hours wireless web 70-watt-hour lithium-polymer battery 67W USB-C Power Adapter (included with M2 Pro with 10â€‘core CPU) 96W USB-C Power Adapter (included with M2 Pro with 12â€‘core CPU or M2 Max, configurable with M2 Pro with 10â€‘core CPU) USB-C to MagSafe 3 Cable Fast-charge capable with 96W USBâ€‘C Power Adapter"", ""Camera webcam"": ""1080p FaceTime HD camera Advanced image signal processor with computational video"", ""Weight"": ""3.5 pounds (1.6 kg)"", ""Keyboard and Trackpad"": ""Backlit Magic Keyboard with: 78 (U.S.) or 79 (ISO) keys including 12 full-height function keys and 4 arrow keys in an inverted-T arrangement Touch ID Ambient light sensor Force Touch trackpad for precise cursor control and pressure-sensing capabilities; enables Force clicks, accelerators, pressure-sensitive drawing, and Multi-Touch gestures"", ""Secure Authentication"": ""Touch ID sensor"", ""Color Options"": ""Space Grey, Silver"", ""Apple M2 Pro MacBook Pro 14-inch Price in Nepal"": ""Rs. 290,000 (10-core CPU, 16-core GPU, 512GB storage Variant)""}"
https://hexxone.com/laptops-by-brand/Apple/apple-m3-macbook-air-2024-apple-m3-chip-8gb-ram-256gb-ssd-136-inch-retina-display-warranty-in-nepal?limit=30,Apple M3 MacBook Air 2024 - Apple M3 Chip - 8GB RAM - 256GB SSD - 13.6-inch Retina display - Warranty in Nepal,"NPR 154,500.00",Availability: Out Of Stock,"Model: Apple M3 Air MacBook 2023 | Processor: Apple M3 Chip 8-core CPU | RAM: 8GB unified memory | Storage: 256GB SSD | Display: 13.6"" 2560 x 1664 Liquid Retina Display Graphic: 8-Core GPU | 16-Core Neural Engine | Warranty: 1 Year Authorised Warranty","{""CPU"": ""Apple M3 chip 8-core CPU with 4 performance cores and 4 efficiency cores 8-core GPU, 10-core GPU Hardware-accelerated ray tracing 16-core Neural Engine 100GB/s memory bandwidth Media Engine Hardware-accelerated H.264, HEVC, ProRes, and ProRes RAW Video decode engine Video encode engine ProRes encode and decode engine AV1 decode engine"", ""RAM"": ""8GB unified memory"", ""Audio"": ""Four-speaker sound system Support for Spatial Audio when playing music or video with Dolby Atmos on built-in speakers Spatial Audio with dynamic head tracking when using AirPods (3rd generation), AirPods Pro, and AirPods Max Three-mic array with directional beamforming Voice Isolation and Wide Spectrum microphone modes Enhanced voice clarity in audio and video calls (M3) 3.5 mm headphone jack with advanced support for highâ€‘impedance headphones"", ""Display"": ""Liquid Retina display 13.6-inch (diagonal) LED-backlit display with IPS technology;1 2560-by-1664 native resolution at 224 pixels per inch 500 nits brightness Color Support for 1 billion colors Wide color (P3) True Tone technology"", ""Connections"": ""MagSafe 3 charging port 3.5 mm headphone jack Two Thunderbolt / USB 4 ports with support for: Charging DisplayPort Thunderbolt 3 (up to 40Gb/s) USB 4 (up to 40Gb/s)"", ""Networking"": ""M3 Wi-Fi 6E (802.11ax)4 Bluetooth 5.3"", ""Storage"": ""256GB"", ""Size height x width x depth (in mm)"": ""Height: 0.44 inch (1.13 cm) Width: 11.97 inches (30.41 cm) Depth: 8.46 inches (21.5 cm) Weight: 2.7 pounds (1.24 kg)5"", ""Battery"": ""Up to 18 hours Apple TV app movie playback Up to 15 hours wireless web 52.6-wattâ€‘hour lithiumâ€‘polymer battery 30W USB-C Power Adapter (included with M2 and M3 with 8â€‘core GPU) 35W Dual USB-C Port Compact Power Adapter (included with M2 and M3 with 10-core GPU and 512GB storage, configurable with M2 and M3 with 8â€‘core GPU) USB-C to MagSafe 3 Cable Fast-charge capable with 70W USB-C Power Adapter"", ""camera webcam"": ""1080p FaceTime HD camera Advanced image signal processor with computational video"", ""Weight"": ""1.24Kg"", ""Keyboard and Trackpad"": ""Backlit Magic Keyboard with: 78 (U.S.) or 79 (ISO) keys including 12 full-height function keys and 4 arrow keys in an inverted-T arrangement Touch ID Ambient light sensor Force Touch trackpad for precise cursor control and pressure-sensing capabilities; enables Force clicks, accelerators, pressure-sensitive drawing, and Multi-Touch gestures"", ""Apple M3 MacBook Air 2024 Price in Nepal"": ""Rs. 180000 (256GB)""}"
https://hexxone.com/laptops-by-brand/Apple/apple-m3-macbook-air-2024-apple-m3-chip-8gb-ram-512gb-ssd-136-inch-retina-display-warranty-in-nepal?limit=30,Apple M3 MacBook Air 2024 - Apple M3 Chip - 8GB RAM - 512GB SSD - 13.6-inch Retina display - Warranty in Nepal,"NPR 194,500.00",Availability: Out Of Stock,"Model: Apple M3 Air MacBook 2023 | Processor: Apple M3 Chip 8-core CPU | RAM: 8GB unified memory | Storage: 512GB SSD | Display: 13.6"" 2560 x 1664 Liquid Retina Display Graphic: 10-Core GPU | 16-Core Neural Engine | Warranty: 1 Year Authorised Warranty","{""CPU"": ""Apple M3 chip 8-core CPU with 4 performance cores and 4 efficiency cores 8-core GPU, 10-core GPU Hardware-accelerated ray tracing 16-core Neural Engine 100GB/s memory bandwidth Media Engine Hardware-accelerated H.264, HEVC, ProRes, and ProRes RAW Video decode engine Video encode engine ProRes encode and decode engine AV1 decode engine Configurable to: M3 with 8â€‘core CPU and 10â€‘core GPU"", ""RAM"": ""8GB unified memory"", ""Audio"": ""Four-speaker sound system Support for Spatial Audio when playing music or video with Dolby Atmos on built-in speakers Spatial Audio with dynamic head tracking when using AirPods (3rd generation), AirPods Pro, and AirPods Max Three-mic array with directional beamforming Voice Isolation and Wide Spectrum microphone modes Enhanced voice clarity in audio and video calls (M3) 3.5 mm headphone jack with advanced support for highâ€‘impedance headphones"", ""Display"": ""Liquid Retina display 13.6-inch (diagonal) LED-backlit display with IPS technology;1 2560-by-1664 native resolution at 224 pixels per inch 500 nits brightness Color Support for 1 billion colors Wide color (P3) True Tone technology"", ""Connections"": ""MagSafe 3 charging port 3.5 mm headphone jack Two Thunderbolt / USB 4 ports with support for: Charging DisplayPort Thunderbolt 3 (up to 40Gb/s) USB 4 (up to 40Gb/s)"", ""Networking"": ""M3 Wi-Fi 6E (802.11ax)4 Bluetooth 5.3"", ""Storage"": ""512GB"", ""Size height x width x depth (in mm)"": ""Height: 0.44 inch (1.13 cm) Width: 11.97 inches (30.41 cm) Depth: 8.46 inches (21.5 cm) Weight: 2.7 pounds (1.24 kg)5"", ""Battery"": ""Up to 18 hours Apple TV app movie playback Up to 15 hours wireless web 52.6-wattâ€‘hour lithiumâ€‘polymer battery 30W USB-C Power Adapter (included with M2 and M3 with 8â€‘core GPU) 35W Dual USB-C Port Compact Power Adapter (included with M2 and M3 with 10-core GPU and 512GB storage, configurable with M2 and M3 with 8â€‘core GPU) USB-C to MagSafe 3 Cable Fast-charge capable with 70W USB-C Power Adapter"", ""camera webcam"": ""1080p FaceTime HD camera Advanced image signal processor with computational video"", ""Weight"": ""1.24Kg"", ""Keyboard and Trackpad"": ""Backlit Magic Keyboard with: 78 (U.S.) or 79 (ISO) keys including 12 full-height function keys and 4 arrow keys in an inverted-T arrangement Touch ID Ambient light sensor Force Touch trackpad for precise cursor control and pressure-sensing capabilities; enables Force clicks, accelerators, pressure-sensitive drawing, and Multi-Touch gestures"", ""Apple M3 MacBook Air 2024 Price in Nepal"": ""Rs. 218000 (512GB)""}"
https://hexxone.com/laptops-by-brand/Apple/apple-m3-macbook-pro-2023-apple-m3-chip-8gb-ram-1tb-ssd-14-inch-retina-display-warranty-in-nepal?limit=30,Apple M3 MacBook Pro 2023 - Apple M3 Chip - 8GB RAM - 1TB SSD - 14-inch Retina display - Warranty in Nepal,"NPR 289,500.00",Availability: Out Of Stock,Model: Apple M3 Pro MacBook Pro 2023 | Processor: Apple M3 Chip 8-core CPU | RAM: 8GB unified memory | Storage: 1TB SSD SSD | Display: 14-inch Liquid Retina XDR displayÂ² | Graphic: 10-core GPU | Warranty: 1 Year Warranty,"{""Brand"": ""Apple"", ""CPU"": ""Apple M3 Chip 8-core CPU with 4 performance cores and 4 efficiency cores 10-core GPU 16-core Neural Engine 100GB/s memory bandwidth"", ""RAM"": ""8GB unified memory"", ""Storage"": ""1TB SSD"", ""Audio"": ""High-fidelity six-speaker sound system with force-cancelling woofers Wide stereo sound Support for Spatial Audio when playing music or video with Dolby Atmos on built-in speakers Spatial Audio with dynamic head tracking when using AirPods (3rd generation), AirPods Pro, and AirPods Max Studio-quality three-mic array with high signal-to-noise ratio and directional beamforming 3.5 mm headphone jack with advanced support for high-impedance headphones HDMI port supports multichannel audio output"", ""Display"": ""14.2-inch (diagonal) mini-LED backlit display Liquid Retina XDR display 3024 by 1964 pixels XDR brightness: 1000 nits sustained full-screen, 1600 nits peak (HDR content only) SDR brightness: 600 nits max Wide color (P3) True Tone technology ProMotion technology for adaptive refresh rates up to 120Hz"", ""Connectivity"": ""Two Thunderbolt / USB 4 (USB-C) ports HDMI port SDXC card slot"", ""Wireless"": ""Wi-Fi 6E (802.11ax) 10 Bluetooth 5.3 wireless technology"", ""Size height x width x depth (in mm)"": ""3.4 pounds (1.55 kg)"", ""Battery"": ""Integrated 70-watt-hour lithium-polymer battery Up to 15 hours wireless web 70W USB-C Power Adapter Fast-charge capable with 96W USB-C Power Adapter"", ""Camera webcam"": ""1080p FaceTime HD camera Advanced image signal processor with computational video"", ""Keyboard and Trackpad"": ""Backlit Magic Keyboard with: 78 (U.S.) or 79 (ISO) keys including 12 full-height function keys and 4 arrow keys in an inverted-T arrangement Force Touch trackpad for precise cursor control and pressure-sensing capabilities; enables Force clicks, accelerators, pressure-sensitive drawing, and Multi-Touch gestures"", ""Secure Authentication"": ""Touch ID sensor"", ""Color Options"": ""Space Grey,"", ""Apple M3 Pro MacBook Pro 14-inch Price in Nepal"": ""Rs. 259,000 (8-core CPU, 10-core GPU, 8GB RAM, 512GB storage Variant)""}"
https://hexxone.com/laptops-by-brand/Apple/apple-m3-macbook-pro-2023-apple-m3-chip-8gb-ram-512gb-ssd-14-inch-retina-display-warranty-in-nepal?limit=30,Apple M3 MacBook Pro 2023 - Apple M3 Chip - 8GB RAM - 512GB SSD - 14-inch Retina display - Warranty in Nepal,"NPR 228,500.00",Availability: Out Of Stock,Model: Apple M3 Pro MacBook Pro 2023 | Processor: Apple M3 Chip 8-core CPU | RAM: 8GB unified memory | Storage: 512GB SSD | Display: 14-inch Liquid Retina XDR displayÂ² | Graphic: 10-core GPU | Warranty: 1 Year Warranty,"{""Brand"": ""Apple"", ""CPU"": ""Apple M3 Chip 8-core CPU with 4 performance cores and 4 efficiency cores 10-core GPU 16-core Neural Engine 100GB/s memory bandwidth"", ""RAM"": ""8GB unified memory"", ""Storage"": ""512GB SSD"", ""Audio"": ""High-fidelity six-speaker sound system with force-cancelling woofers Wide stereo sound Support for Spatial Audio when playing music or video with Dolby Atmos on built-in speakers Spatial Audio with dynamic head tracking when using AirPods (3rd generation), AirPods Pro, and AirPods Max Studio-quality three-mic array with high signal-to-noise ratio and directional beamforming 3.5 mm headphone jack with advanced support for high-impedance headphones HDMI port supports multichannel audio output"", ""Display"": ""14.2-inch (diagonal) mini-LED backlit display Liquid Retina XDR display 3024 by 1964 pixels XDR brightness: 1000 nits sustained full-screen, 1600 nits peak (HDR content only) SDR brightness: 600 nits max Wide color (P3) True Tone technology ProMotion technology for adaptive refresh rates up to 120Hz"", ""Connectivity"": ""Two Thunderbolt / USB 4 (USB-C) ports HDMI port SDXC card slot"", ""Wireless"": ""Wi-Fi 6E (802.11ax) 10 Bluetooth 5.3 wireless technology"", ""Size height x width x depth (in mm)"": ""3.4 pounds (1.55 kg)"", ""Battery"": ""Integrated 70-watt-hour lithium-polymer battery Up to 15 hours wireless web 70W USB-C Power Adapter Fast-charge capable with 96W USB-C Power Adapter"", ""Camera webcam"": ""1080p FaceTime HD camera Advanced image signal processor with computational video"", ""Keyboard and Trackpad"": ""Backlit Magic Keyboard with: 78 (U.S.) or 79 (ISO) keys including 12 full-height function keys and 4 arrow keys in an inverted-T arrangement Force Touch trackpad for precise cursor control and pressure-sensing capabilities; enables Force clicks, accelerators, pressure-sensitive drawing, and Multi-Touch gestures"", ""Secure Authentication"": ""Touch ID sensor"", ""Color Options"": ""Space Grey,"", ""Apple M3 Pro MacBook Pro 14-inch Price in Nepal"": ""Rs. 259,000 (8-core CPU, 10-core GPU, 8GB RAM, 512GB storage Variant)""}"
https://hexxone.com/laptops-by-brand/Apple/apple-m3-pro-macbook-pro-14-2023-apple-m3-pro-chip-18gb-ram-512gb-ssd-14-inch-retina-display-product?limit=30,Apple M3 Pro MacBook Pro 14 2023 - Apple M3 Pro Chip - 18GB RAM - 512GB SSD - 14-inch Retina display - Product,"NPR 314,500.00",Availability: Out Of Stock,Model: Apple M3 Pro MacBook Pro 2023 | Processor: Apple M3 Pro Chip 11-core CPU | RAM: 18GB unified memory | Storage: 512GB SSD | Display: 14.2-inch Liquid Retina XDR displayÂ² | Graphic: 14-core GPU | Warranty: 1 Year Warranty,"{""Brand"": ""Apple"", ""CPU"": ""Apple M3 Pro Chip 11-core CPU with 7 performance cores and 4 efficiency cores 14-core GPU 16-core Neural Engine 150GB/s memory bandwidth"", ""RAM"": ""18GB unified memory"", ""Storage"": ""512GB SSD"", ""Audio"": ""High-fidelity six-speaker sound system with force-cancelling woofers Wide stereo sound Support for Spatial Audio when playing music or video with Dolby Atmos on built-in speakers Spatial Audio with dynamic head tracking when using AirPods (3rd generation), AirPods Pro, and AirPods Max Studio-quality three-mic array with high signal-to-noise ratio and directional beamforming 3.5 mm headphone jack with advanced support for high-impedance headphones HDMI port supports multichannel audio output"", ""Display"": ""14.2-inch (diagonal) mini-LED backlit display Liquid Retina XDR display 3024 by 1964 pixels XDR brightness: 1000 nits sustained full-screen, 1600 nits peak (HDR content only) SDR brightness: 600 nits max Wide color (P3) True Tone technology ProMotion technology for adaptive refresh rates up to 120Hz"", ""Connectivity"": ""Two Thunderbolt / USB 4 (USB-C) ports HDMI port SDXC card slot"", ""Wireless"": ""Wi-Fi 6E (802.11ax) 10 Bluetooth 5.3 wireless technology"", ""Size height x width x depth (in mm)"": ""3.6 pounds (1.62 kg)"", ""Battery"": ""Integrated 72.4-watt-hour lithium-polymer battery Up to 12 hours wireless web 70W USB-C Power Adapter Fast-charge capable with 96W USB-C Power Adapter"", ""Camera webcam"": ""1080p FaceTime HD camera Advanced image signal processor with computational video"", ""Keyboard and Trackpad"": ""Backlit Magic Keyboard with: 78 (U.S.) or 79 (ISO) keys including 12 full-height function keys and 4 arrow keys in an inverted-T arrangement Force Touch trackpad for precise cursor control and pressure-sensing capabilities; enables Force clicks, accelerators, pressure-sensitive drawing, and Multi-Touch gestures"", ""Secure Authentication"": ""Touch ID sensor"", ""Color Options"": ""Space Grey,"", ""Apple M3 Pro MacBook Pro 14.2-inch Price in Nepal"": ""Rs. 325,000 (11-core CPU, 14-core GPU, 18GB RAM, 512GB storage Variant)""}"
https://hexxone.com/laptops-by-brand/asus/asus-rog-strix-g16-2024-g614jir-core-i9-14900hx-rtx-4070-16gb-ram-512gb-ssd-16-inch-wqxga-240hz-display-2-years-warranty-in-nepal?limit=30,Asus ROG Strix G16 2024 G614JIR Core i9 14900HX - RTX 4070 - 16GB RAM - 512GB SSD - 16-inch WQXGA 240Hz display - 2 Years Warranty in Nepal,"NPR 319,500.00",Availability: Out Of Stock,"Model :   Asus ROG Strix G16 2023 G614JIR | Processor : Intel Core i9 Processor 14900HX 2.2 GHz (36MB Cache, up to 5.8 GHz, 24 cores, 32 Threads) | Storage : 512GB SSD | Display : 16"" QHD+ 16:10 (2560 x 1600, WQXGA) 240Hz | Graphic : NVIDIA GeForce RTX 4070 Laptop GPU | Warranty: 2 Years Warranty & Genuine Windows 11 Home","{""Brand"": ""ASUS"", ""CPU"": ""Intel® Core™ i9 Processor 14900HX 2.2 GHz (36MB Cache, up to 5.8 GHz, 24 cores, 32 Threads)"", ""Graphics"": ""NVIDIA® GeForce RTX™ 4070 Laptop GPU ROG Boost: 2225MHz* at 140W (2175MHz Boost Clock+50MHz OC, 115W+25W Dynamic Boost) 8GB GDDR6"", ""Memory"": ""16GB DDR5-5600 SO-DIMM, the memory speed of the systems vary by CPU SPEC x 2 Max Capacity:32GB Support dual channel memory"", ""Display"": ""ROG Nebula Display 16-inch QHD+ 16:10 (2560 x 1600, WQXGA) IPS-level Anti-glare display DCI-P3:100% Refresh Rate:240Hz Response Time:3ms G-Sync Pantone Validated MUX Switch + NVIDIA® Advanced Optimus Support Dolby Vision HDR :Yes"", ""Type"": ""Gaming Laptop"", ""Connections"": ""1x 3.5mm Combo Audio Jack 1x HDMI 2.1 FRL 2x USB 3.2 Gen 2 Type-A 1x USB 3.2 Gen 2 Type-C support DisplayPort™ / power delivery / G-SYNC 1x RJ45 LAN port 1x Thunderbolt™ 4 support DisplayPort™"", ""Networking"": ""Wi-Fi 6E(802.11ax) (Triple band) 2*2 + Bluetooth® 5.3 Wireless Card (*Bluetooth® version may change with OS version different.)"", ""Storage"": ""1TB PCIe® 4.0 NVMe™ M.2 SSD"", ""Battery"": ""4-cell Li-ion, 90WHrs, 4S1P"", ""Keyboard"": ""Backlit Chiclet Keyboard 4-Zone RGB Touchpad Support NumberPad Touchpad"", ""Device Lighting"": ""Aura Sync Light Bar"", ""Weight"": ""2.5 KG"", ""Dimensions (W x D x H)"": ""35.4 x 26.4 x 2.26 ~ 3.04 cm (13.94\"" x 10.39\"" x 0.89\"" ~ 1.20\"")"", ""Audio"": ""AI noise-canceling technology Dolby Atmos Hi-Res certification Support Microsoft Cortana near field/Far field Smart Amp Technology Built-in array microphone 2-speaker system with Smart Amplifier Technology"", ""Asus ROG Strix G16 2024 Price in Nepal"": ""Rs 3,26,000/-""}"
https://hexxone.com/laptops-by-brand/asus/asus-rog-strix-g16-2024-g614jvr-core-i9-14900hx-rtx-4060-16gb-ram-512gb-ssd-16-inch-wqxga-240hz-display-2-years-warranty-in-nepal?limit=30,Asus ROG Strix G16 2024 G614JVR Core i9 14900HX - RTX 4060 - 16GB RAM - 512GB SSD - 16-inch WQXGA 240Hz display - 2 Years Warranty in Nepal,"NPR 269,500.00",Availability: Out Of Stock,"Model :   Asus ROG Strix G16 2023 G614JVR | Processor : Intel Core i9 Processor 14900HX 2.2 GHz (36MB Cache, up to 5.8 GHz, 24 cores, 32 Threads) | Storage : 512GB SSD | Display : 16"" QHD+ 16:10 (2560 x 1600, WQXGA) 240Hz | Graphic : NVIDIA GeForce RTX 4060 Laptop GPU | Warranty: 2 Years Warranty & Genuine Windows 11 Home","{""Brand"": ""ASUS"", ""CPU"": ""Intel® Core™ i9 Processor 14900HX 2.2 GHz (36MB Cache, up to 5.8 GHz, 24 cores, 32 Threads)"", ""Graphics"": ""NVIDIA® GeForce RTX™ 4060 Laptop GPU ROG Boost: 1830MHz* at 115W (2460MHz Boost Clock+50MHz OC, 100W+15W Dynamic Boost) 8GB GDDR6"", ""Memory"": ""16GB DDR5-5600 SO-DIMM, the memory speed of the systems vary by CPU SPEC x 2 Max Capacity:32GB Support dual channel memory"", ""Display"": ""ROG Nebula Display 16-inch QHD+ 16:10 (2560 x 1600, WQXGA) IPS-level Anti-glare display DCI-P3:100% Refresh Rate:240Hz Response Time:3ms G-Sync Pantone Validated MUX Switch + NVIDIA® Advanced Optimus Support Dolby Vision HDR :Yes"", ""Type"": ""Gaming Laptop"", ""Connections"": ""1x 3.5mm Combo Audio Jack 1x HDMI 2.1 FRL 2x USB 3.2 Gen 2 Type-A 1x USB 3.2 Gen 2 Type-C support DisplayPort™ / power delivery / G-SYNC 1x RJ45 LAN port 1x Thunderbolt™ 4 support DisplayPort™"", ""Networking"": ""Wi-Fi 6E(802.11ax) (Triple band) 2*2 + Bluetooth® 5.3 Wireless Card (*Bluetooth® version may change with OS version different.)"", ""Storage"": ""1TB PCIe® 4.0 NVMe™ M.2 SSD"", ""Battery"": ""4-cell Li-ion, 90WHrs, 4S1P"", ""Keyboard"": ""Backlit Chiclet Keyboard 4-Zone RGB Touchpad Support NumberPad Touchpad"", ""Device Lighting"": ""Aura Sync Light Bar"", ""Weight"": ""2.5 KG"", ""Dimensions (W x D x H)"": ""35.4 x 26.4 x 2.26 ~ 3.04 cm (13.94\"" x 10.39\"" x 0.89\"" ~ 1.20\"")"", ""Audio"": ""AI noise-canceling technology Dolby Atmos Hi-Res certification Support Microsoft Cortana near field/Far field Smart Amp Technology Built-in array microphone 2-speaker system with Smart Amplifier Technology"", ""Asus ROG Strix G16 2024 Price in Nepal"": ""Rs 2,92,000/-""}"
https://hexxone.com/laptops-by-brand/asus/asus-rog-strix-g18-2024-g618jir-core-i9-14900hx-rtx-4070-16gb-ram-512gb-ssd-18-inch-wqxga-240hz-display-2-years-warranty-in-nepal?limit=30,Asus ROG Strix G18 2024 G618JIR Core i9 14900HX - RTX 4070 - 16GB RAM - 512GB SSD - 18-inch WQXGA 240Hz display - 2 Years Warranty in Nepal,"NPR 331,500.00",Availability: Out Of Stock,"Model :   Asus ROG Strix G18 2023 G614JIR | Processor : Intel Core i9 Processor 14900HX 2.2 GHz (36MB Cache, up to 5.8 GHz, 24 cores, 32 Threads) | Storage : 512GB SSD | Display : 18"" QHD+ 16:10 (2560 x 1600, WQXGA) 240Hz | Graphic : NVIDIA GeForce RTX 4070 Laptop GPU | Warranty: 2 Years Warranty & Genuine Windows 11 Home","{""Brand"": ""ASUS"", ""CPU"": ""Intel Core i9 Processor 14900HX 2.2 GHz (36MB Cache, up to 5.8 GHz, 24 cores, 32 Threads)"", ""Graphics"": ""NVIDIA GeForce RTX 4070 Laptop GPU ROG Boost: 2225MHz* at 140W (2175MHz Boost Clock+50MHz OC, 115W+25W Dynamic Boost) 8GB GDDR6"", ""Memory"": ""16GB DDR5-5600 SO-DIMM, the memory speed of the systems vary by CPU SPEC x 2 Max Capacity:32GB Support dual channel memory"", ""Display"": ""ROG Nebula Display 18-inch QHD+ 16:10 (2560 x 1600, WQXGA) IPS-level Anti-glare display DCI-P3:100.00% Refresh Rate:240Hz Response Time:3ms G-Sync Pantone Validated MUX Switch + NVIDIA® Advanced Optimus Support Dolby Vision HDR: Yes"", ""Type"": ""Gaming Laptop"", ""Connections"": ""1x 3.5mm Combo Audio Jack 1x HDMI 2.1 FRL 2x USB 3.2 Gen 2 Type-A 1x USB 3.2 Gen 2 Type-C support DisplayPort / power delivery / G-SYNC 1x RJ45 LAN port 1x Thunderbolt 4 support DisplayPort"", ""Networking"": ""Wi-Fi 6E(802.11ax) (Triple band) 2*2 + Bluetooth® 5.3 Wireless Card (*Bluetooth® version may change with OS version different.)"", ""Storage"": ""512GB PCIe® 4.0 NVMe™ M.2 SSD"", ""Battery"": ""4-cell Li-ion, 90WHrs, 4S1P"", ""Keyboard"": ""Backlit Chiclet Keyboard Per-Key RGB Support NumberPad Touchpad"", ""Device Lighting"": ""Aura Sync Light Bar"", ""Weight"": ""3 KG"", ""Dimensions (W x D x H)"": ""39.9 x 29.4 x 2.31 ~ 3.08 cm (15.71\"" x 11.57\"" x 0.91\"" ~ 1.21\"")"", ""Audio"": ""AI noise-canceling technology Dolby Atmos Hi-Res certification Support Microsoft Cortana near field/Far field Smart Amp Technology Built-in array microphone 2-speaker system with Smart Amplifier Technology"", ""Asus ROG Strix G18 2024 Price in Nepal"": ""Rs 3,41,000/-""}"
https://hexxone.com/laptops-by-brand/asus/asus-rog-strix-scar-15-2021-g533qr-ryzen-9-5900hx-rtx-3070-16gb-ram-1tb-ssd-156-inch-fhd-300hz-display-in-nepal?limit=30,Asus ROG Strix Scar 15 2021 G533QR Ryzen 9 5900HX - RTX 3070 - 16GB RAM - 1TB SSD - 15.6-inch FHD 300Hz display in Nepal,"NPR 268,500.00",Availability: Out Of Stock,Model: Asus ROG Strix Scar 15 2021 G533QR | Processor: AMD  Ryzen 9 5900HX | Graphics: NVIDIA GeForce RTX 3070 | RAM: 16GB RAM | Storage: 1TB SSD | Display: 15.6-inch FHD with 300Hz display | 2 Years Warranty & Genuine Windows 11 Home,"{""CPU"": ""AMD Ryzen 9 5900HX Processor 3.3 GHz (16M Cache, up to 4.6 GHz)"", ""Graphics Card"": ""NVIDIA GeForce RTX 3070 GPU; 8GB GDDR6 VRAM With ROG Boost"", ""Storage"": ""1TB M.2 NVMe PCIe 3.0"", ""Memory"": ""16GB DDR4 3200MHz SDRAM"", ""Display"": ""15.6-inch, FHD (1920 x 1080 pixels) 16:9, anti-glare display, sRGB:100.00%, Adobe:75.35%, Refresh Rate:300Hz, Response Time:3ms, IPS-level, Adaptive-Sync"", ""Connections"": ""1x 3.5mm Combo Audio Jack 1x HDMI 2.0b 3x USB 3.2 Gen 1 Type-A 1x USB 3.2 Gen 2 Type-C support DisplayPort / power delivery"", ""Keyboard"": ""Optical Mech Keyboard Per-Key RGB"", ""Networking"": ""Wi-Fi 6 + Bluetooth 5.1"", ""Battery"": ""90 Whr, lithium-polymer battery Battery"", ""Weight"": ""2.3 KG"", ""ASUS ROG Strix Scar 15 2021 G533QR Price in Nepal"": ""Rs. 361,000""}"
https://hexxone.com/laptops-by-brand/asus/asus-rog-zephyrus-duo-15-se-gx551qm-amd-ryzen-7-5800h-rtx-3060-16gb-ram-512gb-ssd-156-inch-fhd-300hz-14-inch-screenpad-plus?limit=30,Asus ROG Zephyrus Duo 15 SE GX551QM AMD Ryzen 7 5800H - RTX 3060 - 16GB RAM - 512GB SSD - 15.6-inch FHD 300Hz + 14-inch ScreenPad Plus,"NPR 254,500.00",Availability: Out Of Stock,"Model: Asus ROG Zephyrus Duo 15 GX551 (GX551QM) | Processor: AMD Ryzen 7 5800H processor | Graphics: NVIDIA GeForce RTX 3060 | RAM: 16GB RAM | Storage: 512GB SSD | Display: 15.6-inch FHD with 300Hz Display +  14"" FHD  Touch ScreenPad Plus | 2 Years Warranty & Genuine Windows 11 Home","{""CPU"": ""AMD Ryzen 7 5800H Processor 3.2GHz (16M Cache, up to 4.4 GHz)"", ""RAM"": ""16GB DDR4 onboard RAM Max Capacity: 32GB"", ""Graphics"": ""NVIDIA GeForce RTX 3060 Laptop GPU With ROG Boost up to 1802MHz at 115W (130W with Dynamic Boost) 6GB GDDR6"", ""Audio"": ""Smart Amp Technology Audio by Dolby Atmos Built-in array microphone 2x 4W speaker with Smart Amp Technology 2x 2W tweeter"", ""Display"": ""15.6-inch FHD anti-glare display, sRGB:100%, Adobe:75.35%, Pantone Validated, Refresh Rate:300Hz, Response Time:3ms, IPS-level, FreeSync"", ""Additional Display (ScreenPad Plus)"": ""14.1-inch secondary screen (ScreenPad Plus); Touch Panel; Ultra-HD (3840 x 1100 pixels) resolution; 32:9 aspect ratio; 60Hz refresh rate"", ""Connections"": ""1x 3.5mm Combo Audio Jack 1x HDMI 2.0b 3x USB 3.2 Gen 2 Type-A 1x USB 3.2 Gen 2 Type-C support DisplayPort / power delivery 1x RJ45 LAN port 1x card reader (microSD)"", ""Networking"": ""Wi-Fi 6(802.11ax) + Bluetooth 5.1 (Dual band) 2*2; (*BT version may change with OS upgrades.) -RangeBoos"", ""Storage"": ""512GB M.2 NVMe PCIe 3.0"", ""Sizeheight x width x depth (in mm)"": ""36.0 x 26.8 x 2.09 ~ 2.09 cm (14.17\"" x 10.55\"" x 0.82\"" ~ 0.82\"")"", ""Battery"": ""90WHrs, 4S1P, 4-cell Li-ion"", ""Keyboard"": ""Backlit Chiclet Keyboard Per-Key RGB"", ""Weight"": ""2.48KG"", ""Camera"": ""Bundled with FHD 1080P@60FPS external camera"", ""What’s In The Box"": ""ROG Ranger BP2701 Gaming Backpack ROG Delta headset Palm rest Bundled with FHD 1080P@60FPS external camera ROG Chakram Core mouse P511 TYPE-C, 100W AC Adapter, Output: 20V DC, 5A, 100W, Input: 100~240V AC 50/60Hz universal ROG X DL2 - Thank you card"", ""Asus ROG Zephyrus Duo 15 SE Price in Nepal"": ""Rs. 344,000 (GX551QM)""}"
https://hexxone.com/laptops-by-brand/asus/asus-rog-zephyrus-g14-2024-ga403uv-amd-ryzen-9-8945hs-nvidia-geforce-rtx-4060-16gb-ram-512gb-ssd-14-inch-rog-nebula-display-in-nepal-3k-2880-x-1800-120hz-oled-display-slash-lighting?limit=30,Asus ROG Zephyrus G14 2024 GA403UV AMD Ryzen 9 8945HS - NVIDIA GeForce RTX 4060 - 16GB RAM - 512GB SSD - 14-inch ROG Nebula display in Nepal 3K (2880 x 1800) 120Hz OLED display - Slash Lighting,"NPR 303,500.00",Availability: Out Of Stock,"Model: Asus ROG Zephyrus G14 2024 GA403UV | Processor: AMD Ryzen™ 9 8945HS Processor 4GHz (24MB Cache, up to 5.2 GHz, 8 cores, 16 Threads); AMD Ryzen™ AI up to 39 TOPs | Graphics: NVIDIA GeForce RTX 4060 Laptop GPU 8GB GDDR6 | RAM: 16GB LPDDR5X 6400 | Storage: 512GB SSD | Display: 14"" 3K (2880 x 1800) OLED 16:10 aspect ratio ROG Nebula Display | 2 Years Warranty & Genuine Windows 11 Home","{""Brand"": ""Asus"", ""Series"": ""ROG Zephyrus Series"", ""CPU"": ""AMD Ryzen™ 9 8945HS Processor 4GHz (24MB Cache, up to 5.2 GHz, 8 cores, 16 Threads); AMD Ryzen™ AI up to 39 TOPs"", ""Graphics"": ""NVIDIA® GeForce RTX™ 4060 Laptop GPU 8GB GDDR6"", ""Memory"": ""16GB LPDDR5X 6400 on board(Rated speed of RAM module. Actual memory speeds may vary by CPU configuration.) Max Capacity:32GB Support dual channel memory"", ""Display"": ""ROG Nebula Display 14-inch 3K (2880 x 1800) OLED 16:10 aspect ratio OLED Glossy display DCI-P3:100% Refresh Rate:120Hz Response Time:0.2ms G-Sync / Adaptive-Sync Pantone Validated MUX Switch + NVIDIA® Advanced Optimus Support Dolby Vision HDR :Yes"", ""Type"": ""Content Creation Laptop"", ""Connections"": ""1x 3.5mm Combo Audio Jack 1x HDMI 2.1 FRL 2x USB 3.2 Gen 2 Type-A 1x USB 3.2 Gen 2 Type-C support DisplayPort™ 1x Type C USB 4 support DisplayPort™ / power delivery 1x card reader (microSD) (UHS-II)"", ""Networking"": ""Wi-Fi 6E(802.11ax) (Triple band) 2*2 + Bluetooth® 5.3 Wireless Card (*Bluetooth® version may change with OS version different.)"", ""Storage"": ""1TB PCIe® 4.0 NVMe™ M.2 SSD"", ""Size height x width x depth"": ""1TB PCIe® 4.0 NVMe™ M.2 SSD"", ""Battery"": ""73WHrs, 4S1P, 4-cell Li-ion"", ""Camera Webcam"": ""1080P FHD IR Camera for Windows Hello"", ""Weight"": ""1.5 Kg"", ""Keyboard and Touchpad"": ""Backlit Chiclet Keyboard 1-Zone RGB Touchpad"", ""Audio"": ""Smart Amp Technology AI noise-canceling technology Dolby Atmos Hi-Res certification Built-in 3-microphone array 4-speaker (dual force woofer) system with Smart Amplifier Technology, 2 Tweeters"", ""Included in the Box"": ""ROG Zephyrus G14 Sleeve (2024)(optional) ROG Impact Gaming Mouse(optional) TYPE-C, 100W AC Adapter, Output: 20V DC, 5A, 100W, Input: 100~240V AC 50/60Hz universal(optional)"", ""Asus ROG Zephyrus G14 2024 Price in Nepal"": ""Rs 3,04,000/-""}"
https://hexxone.com/laptops-by-brand/asus/asus-rog-zephyrus-g16-2024-gu605mi-intel-core-ultra-9-processor-185h-rtx-4070-32gb-ram-1tb-ssd-16-inch-25k-2560-x-1600-wqxga-240hz-2-years-warranty-in-nepal?limit=30,"Asus ROG Zephyrus G16 2024 GU605MI Intel Core Ultra 9 Processor 185H - RTX 4070 - 32GB RAM - 1TB SSD - 16-inch 2.5K (2560 x 1600, WQXGA) 240Hz - 2 Years Warranty in Nepal","NPR 354,500.00",Availability: Out Of Stock,"Model :   Asus ROG Zephyrus G16 2024 GU605MI | Processor : Intel® Core™ Ultra 9 Processor 185H 2.3 GHz (24MB Cache, up to 5.1 GHz, 16 cores, 22 Threads); Intel® AI Boost NPU | RAM : 16GB*2 LPDDR5X 7467 | Storage : 1TB SSD | Display : 16-inch 2.5K (2560 x 1600, WQXGA) , 240Hz | Graphic : NVIDIA® GeForce RTX™ 4070 Laptop GPU | 2 Years Warranty & Genuine Windows 11 Home","{""Brand"": ""ASUS"", ""CPU"": ""Intel® Core™ Ultra 9 Processor 185H 2.3 GHz (24MB Cache, up to 5.1 GHz, 16 cores, 22 Threads); Intel® AI Boost NPU"", ""Graphics"": ""NVIDIA® GeForce RTX™ 4070 Laptop GPU with 8GBGDDR6 Memory"", ""Neural Processor"": ""Intel® AI Boost NPU"", ""Memory"": ""16GB*2 LPDDR5X 7467 on board(Rated speed of RAM module. Actual memory speeds may vary by CPU configuration.) Max Capacity:32GB Support dual channel memory"", ""Camera"": ""1080P FHD IR Camera for Windows Hello"", ""Display"": ""ROG Nebula Display 16-inch 2.5K (2560 x 1600, WQXGA) 16:10 aspect ratio IPS-level Glossy display DCI-P3:100% Refresh Rate:240Hz Response Time:3ms G-Sync Pantone Validated MUX Switch + NVIDIA® Advanced Optimus Support Dolby Vision HDR :Yes"", ""Type"": ""Gaming Laptop"", ""Connections"": ""1x 3.5mm Combo Audio Jack 1x HDMI 2.1 FRL 2x USB 3.2 Gen 1 Type-A 1x USB 3.2 Gen 2 Type-C support DisplayPort™ / power delivery 1x Thunderbolt™ 4 support DisplayPort™ / power delivery 1x card reader (SD) (UHS-II, 312MB/s)"", ""Networking"": ""Wi-Fi 6E(802.11ax) (Triple band) 2*2 + Bluetooth® 5.3 Wireless Card (*Bluetooth® version may change with OS version different.)"", ""Storage"": ""1TB PCIe® 4.0 NVMe™ M.2 SSD"", ""Battery"": ""4-cell Li-ion, 90WHrs, 4S1P"", ""Keyboard"": ""Backlit Chiclet Keyboard 1-Zone RGB Touchpad"", ""Device Lighting"": ""Slash Lighting"", ""Weight"": ""1.85 Kg (4.08 lbs)"", ""Dimensions"": ""35.4 x 24.6 x 1.62 ~ 1.72 cm (13.94\"" x 9.69\"" x 0.64\"" ~ 0.68\"")"", ""Audio"": ""AI noise-canceling technology Dolby Atmos Hi-Res certification Smart Amp Technology Built-in 3-microphone array 4-speaker (dual force woofer) system with Smart Amplifier Technology, 2 Tweeters"", ""Asus ROG Zephyrus G16 2024 Price in Nepal"": ""Nrs, 3,69,900/-""}"
https://hexxone.com/laptops-by-brand/asus/asus-rog-zephyrus-m16-gu603he-i7-11th-gen-rtx-3050ti-16gb-ram-512gb-ssd-16-inch-wqxga-display-in-nepal-144hz-display-in-nepal?limit=30,Asus ROG Zephyrus M16 GU603HE i7 11th Gen - RTX 3050TI - 16GB RAM - 512GB SSD - 16-inch WQXGA display in Nepal 144Hz display in Nepal,"NPR 174,500.00",Availability: Out Of Stock,"Model: Asus ROG Zephyrus M16 GU603 GU603HE | Processor: Intel® Core™ i7-11800H Processor 2.3 GHz | Graphics: NVIDIA GeForce RTX 3050ti Laptop GPU,4GB GDDR6 | RAM: 16GB RAM | Storage: 512GB SSD | Display: 16"" IPS display with WQXGA and 144Hz Refresh Rate | 2 Years Warranty & Genuine Windows 11 Home","{""Brand"": ""Asus"", ""CPU"": ""Intel® Core™ i7-11800H Processor 2.3 GHz (24M Cache, up to 4.6 GHz, 8 Cores)"", ""Graphics"": ""NVIDIA® GeForce RTX™ 3050 Ti Laptop GPU With ROG Boost up to 1585MHz at 60W (75W with Dynamic Boost) 4GB GDDR6"", ""Operating System"": ""Windows 10 Pro - ASUS recommends Windows 10 Pro for business (Free upgrade to Windows 11, when available)"", ""Screen"": ""16-inch IPS display; WQXGA (2560 x 1600 pixels) resolution; 144Hz refresh rate; 3ms response time; 16:10 aspect ratio; anti-glare display; DCI-P3: 100%; Pantone Validated: Yes"", ""Type"": ""Gaming Laptop"", ""RAM"": ""16GB (8GB DDR4 onboard + 8GB DDR4-3200 SO-DIMM) Max Capacity: 40GB"", ""Storage"": ""512GB M.2 NVMe PCIe 4.0 SSD"", ""Wireless"": ""Wi-Fi 6(802.11ax) + Bluetooth 5.2 (Dual-band) 2*2;(*BT version may change with OS upgrades.)"", ""I/O Ports"": ""1x 3.5mm Combo Audio Jack 1x HDMI 2.0b 1x USB 3.2 Gen 2 Type-A 1x USB 3.2 Gen 1 Type-A 1x USB 3.2 Gen 2 Type-C support DisplayPort / power delivery 1x RJ45 LAN port 1x card reader (microSD) 1x Thunderbolt™ 4 support DisplayPort™ / power delivery"", ""Keyboard and Touchpad"": ""Backlit Chiclet Keyboard RGB"", ""Camera"": ""720P HD camera"", ""Audio"": ""Smart Amp Technology Audio by Dolby Atmos AI mic noise-canceling Built-in array microphone 2x 2W tweeter 4x 2W woofer with Smart Amp Technology"", ""Battery"": ""90WHrs, 4S1P, 4-cell Li-ion"", ""Power Supply"": ""ø6.0, 240W AC Adapter, Output: 20V DC, 12A, 240W, Input: 100~240C AC 50/60Hz universal"", ""Weight"": ""1.90 Kg (4.19 lbs)"", ""Dimensions (W x D x H)"": ""35.5 x 24.3 x 1.99 ~ 1.99 cm (13.98\"" x 9.57\"" x 0.78\"" ~ 0.78\"")"", ""Security"": ""BIOS Administrator Password and User Password Protection Kensington Lock FingerPrint: YES"", ""Asus ROG Zephyrus M16 GU603HE Price in Nepal"": ""Rs. 255,000""}"
https://hexxone.com/laptops-by-brand/asus/asus-tuf-a15-2023-fa507nu-ryzen-7-7735hs-rtx-4050-16gb-ram-1tb-ssd-156-inch-fhd-144hz-display-in-nepal?limit=30,Asus TUF A15 2023 FA507NU Ryzen 7 7735HS - RTX 4050 - 16GB RAM - 1TB SSD - 15.6-inch FHD 144Hz display in Nepal,"NPR 161,500.00",Availability: Out Of Stock,"Model: Asus TUF A15 2023 FA507NU | Processor: AMD Ryzen™ 7 7735HS Mobile Processor | Storage: 1TB SSD | Ram: 16GB DDR5 | Display: 15.6-inch, FHD (1920 x 1080) | Graphic: NVIDIA® GeForce RTX™ 4050 Laptop GPU | 2 Years Warranty & Genuine Windows 11 Home","{""Brand"": ""Asus"", ""Series"": ""Asus TUF Gaming Series"", ""Model"": ""Asus TUF A15 2023 FA507NU"", ""Processor"": ""AMD Ryzen™ 7 7735HS Mobile Processor (8-core/16-thread, 16MB L3 cache, up to 4.7 GHz max boost)"", ""Gaming Series"": ""FA series"", ""Graphics"": ""NVIDIA® GeForce RTX™ 4050 Laptop GPU, 2420MHz* at 140W (2370MHz Boost Clock+50MHz OC, 115W+25W Dynamic Boost), 6GB GDDR6"", ""RAM"": ""8GB DDR5-4800, SO-DIMM x 2 slot, Max Capacity: 32GB"", ""Display"": ""15.6-inch, FHD (1920 x 1080) 16:9, Value IPS-level, Anti-glare display, sRGB:100%, Adobe:75.35%, Refresh Rate:144Hz, G-Sync, MUX Switch + NVIDIA® Advanced Optimus"", ""Type"": ""Gaming Laptop"", ""Connections"": ""1x 3.5mm Combo Audio Jack 1x HDMI 2.1 FRL 2x USB 3.2 Gen 1 Type-A 1x USB 3.2 Gen 2 Type-C support DisplayPort™ / power delivery / G-SYNC 1x RJ45 LAN port 1x Type C USB 4 support DisplayPort™ / G-SYNC"", ""Networking"": ""Wi-Fi 6(802.11ax) (Dual band) 2*2 + Bluetooth® 5.3 Wireless Card (*Bluetooth version may change with OS version different.)"", ""Storage"": ""1TB PCIe 4.0 NVMe M.2 SSD"", ""Size: Height x width x depth"": ""35.4 x 25.1 x 2.24 ~ 2.49 cm (13.94\"" x 9.88\"" x 0.88\"" ~ 0.98\"")"", ""Battery"": ""90WHrs, 4S1P, 4-cell Li-ion"", ""Camera Webcam"": ""N/A"", ""Weight"": ""2.2 KG"", ""Audio"": ""Dolby Atmos AI noise-canceling technology Hi-Res certification Support Microsoft Cortana near field/Far field Built-in array microphone 2-speaker system"", ""Asus TUF A15 2023 Price in Nepal"": ""Rs. 162000""}"
https://hexxone.com/laptops-by-brand/asus/asus-tuf-a15-2023-fa507nvr-ryzen-7-7435hs-rtx-4060-16gb-ram-1tb-ssd-156-inch-fhd-144hz-display-in-nepal?limit=30,Asus TUF A15 2023 FA507NVR Ryzen 7 7435HS - RTX 4060 - 16GB RAM - 1TB SSD - 15.6-inch FHD 144Hz display in Nepal,"NPR 173,500.00",Availability: Out Of Stock,"Model: Asus TUF A15 2024 FA507NVR | Processor: AMD Ryzen™ 7 7435HS Mobile Processor | Storage: 1TB SSD | Ram: 16GB DDR5 | Display: 15.6-inch, FHD (1920 x 1080) | Graphic: NVIDIA® GeForce RTX™ 4050 Laptop GPU | 2 Years Warranty & Genuine Windows 11 Home","{""Brand"": ""Asus"", ""Series"": ""Asus TUF Gaming Series"", ""Model"": ""Asus TUF A15 2024 FA507NVR"", ""Processor"": ""AMD Ryzen™ 7 7435HS Mobile Processor 3.1GHz (20MB Cache, up to 4.5 GHz, 8 cores, 16 Threads)"", ""Gaming Series"": ""FA series"", ""Graphics"": ""NVIDIA® GeForce RTX™ 4060 Laptop GPU, 8GB GDDR6, 2420MHz* at 140W (2370MHz Boost Clock+50MHz OC, 115W+25W Dynamic Boost)"", ""RAM"": ""16GB DDR5-4800, SO-DIMM x 2 slot, Max Capacity: 32GB"", ""Display"": ""15.6-inch, FHD (1920 x 1080) 16:9, Value IPS-level, Anti-glare display, sRGB:100%, Adobe:75.35%, Refresh Rate:144Hz, G-Sync, MUX Switch + NVIDIA® Advanced Optimus"", ""Type"": ""Gaming Laptop"", ""Connections"": ""1x 3.5mm Combo Audio Jack 1x HDMI 2.1 FRL 2x USB 3.2 Gen 1 Type-A 1x USB 3.2 Gen 2 Type-C support DisplayPort™ / power delivery / G-SYNC 1x RJ45 LAN port 1x Type C USB 4 support DisplayPort™ / G-SYNC"", ""Networking"": ""Wi-Fi 6(802.11ax) (Dual band) 2*2 + Bluetooth® 5.3 Wireless Card (*Bluetooth version may change with OS version different.)"", ""Storage"": ""1TB PCIe 4.0 NVMe M.2 SSD"", ""Size: Height x width x depth"": ""35.4 x 25.1 x 2.24 ~ 2.49 cm (13.94\"" x 9.88\"" x 0.88\"" ~ 0.98\"")"", ""Battery"": ""90WHrs, 4S1P, 4-cell Li-ion"", ""Camera Webcam"": ""N/A"", ""Weight"": ""2.2 KG"", ""Audio"": ""Dolby Atmos AI noise-canceling technology Hi-Res certification Support Microsoft Cortana near field/Far field Built-in array microphone 2-speaker system"", ""Asus TUF A15 2024 Price in Nepal"": ""Rs. 185000""}"
https://hexxone.com/laptops-by-brand/asus/asus-tuf-dash-f15-2022-fx517zr-i7-12th-gen-12650h-rtx-3070-16gb-ram-1tb-ssd-156-inch-fhd-144hz-display-in-nepal?limit=30,Asus TUF DASH F15 2022 FX517ZR i7 12Th Gen 12650H - RTX 3070 - 16GB RAM - 1TB SSD - 15.6-inch FHD 144Hz display in Nepal,"NPR 209,500.00",Availability: Out Of Stock,"Model: Asus TUF DASH F15 2022 FX517ZR | Processor: 12th Generation Intel Core i7-12650H | RAM: 16GB DDR5-4800MHz | Storage: 1TB SSD | Display: 15.6-inch display with IPS, | Graphics: NVIDIA GeForce RTX 3070 Graphics with 8GB of dedicated GDDR6 VRAM | Warranty: 2 Year Warranty","{""Brand"": ""Asus"", ""CPU"": ""12th Gen Intel® Core™ i7-12650H Processor 2.3 GHz (24M Cache, up to 4.7 GHz, 10 cores: 6 P-cores and 4 E-cores)"", ""Gaming Series"": ""DASH series"", ""Graphics"": ""NVIDIA® GeForce RTX™ 3070 Laptop GPU 1340MHz* at 105W (1290MHz Boost Clock+50MHz OC, 80W+25W Dynamic Boost)"", ""Memory"": ""16GB DDR5-4800, SO-DIMM x 2 slot, Max Capacity: 32GB"", ""Display"": ""15.6-inch, FHD (1920 x 1080) 16:9, anti-glare display, sRGB:62.5%, Adobe:47.34%, Refresh Rate:144Hz, IPS-level, Adaptive-Sync, MUX Switch + Optimus"", ""Type"": ""Gaming Laptop"", ""Connections"": ""1x 3.5mm Combo Audio Jack 1x HDMI 2.0b 1x Thunderbolt™ 4 support DisplayPort™ 1x USB 3.2 Gen 2 Type-C support DisplayPort™ / power delivery / G-SYNC 2x USB 3.2 Gen 1 Type-A 1x RJ45 LAN port"", ""Networking"": ""Wi-Fi 6(802.11ax)+Bluetooth 5.2 (Dual band) 2*2;(*BT version may change with OS upgrades.)"", ""Storage"": ""1TB SSD"", ""Size: Height x width x depth"": ""35.4 x 25.1 x 1.99 ~ 2.07 cm (13.94″ x 9.88″ x 0.78″ ~ 0.81″)"", ""Battery"": ""76WHrs, 4S1P, 4-cell Li-ion"", ""Camera Webcam"": ""N/A"", ""Weight"": ""2.3 KG"", ""Audio"": ""DTS software Built-in array microphone 2x 2W speaker"", ""Asus TUF DASH F15 2022 Price in Nepal"": ""Rs. 210000 RTX 3070 Version""}"
https://hexxone.com/laptops-by-brand/asus/asus-tuf-f15-2021-fx506heb-i7-11th-gen-8-core-rtx-3050ti-16gb-ram-512gb-ssd-156-inch-fhd-144hz-display-in-nepal?limit=30,Asus TUF F15 2021 FX506HEB i7 11Th Gen 8 Core - RTX 3050Ti - 16GB RAM - 512GB SSD - 15.6-inch FHD 144Hz display in Nepal,"NPR 148,500.00",Availability: Out Of Stock,"Model: Asus TUF F15 2021 FX506HEB | Processor: Intel® Core™ i7-11800H Processor 2.3 GHz | Graphics: NVIDIA GeForce RTX 3050ti Laptop GPU,4GB GDDR6 | RAM: 16GB RAM | Storage: 512GB SSD | Display: 15.6-inch FHD with 144Hz Refresh Rate | 2 Years Warranty & Genuine Windows 11 Home","{""Brand"": ""Asus"", ""CPU"": ""Intel® Core™ i7-11800H Processor 2.3 GHz (24M Cache, up to 4.6 GHz, 8 Cores)"", ""Gaming Series"": ""FA series"", ""Graphics"": ""NVIDIA GeForce RTX 3050ti Laptop GPU,4GB GDDR6"", ""Memory"": ""16GB DDR4 3200 MHz SDRAM (8GB On-Board); Max 32GB"", ""Display"": ""15.6-inch IPS display; Full-HD (1920 x 1080 pixels) resolution; 144Hz refresh rate with Adaptive Sync; 16:9 aspect ratio; sRGB: 100%%, Adobe: 47.34%, Pantone Validated: N/A"", ""Type"": ""Gaming Laptop"", ""Connections"": ""1x 3.5mm Combo Audio Jack 1x HDMI 2.0b 3x USB 3.2 Gen 1 Type-A 1x RJ45 LAN port 1x USB 3.2 Gen 2 Type-C support DisplayPort™ 1x Thunderbolt™ 4 support DisplayPort™ Thunderbolt 4 not supported on FX506HCB/HEB"", ""Networking"": ""Wi-Fi 6(802.11ax) + Bluetooth 5.1 (Dual band) 2*2; (*BT version may change with OS upgrades.)"", ""Storage"": ""512GB SSD"", ""Size: Height x width x depth"": ""35.9 x 25.6 x 2.28 ~ 2.43 cm (14.13\"" x 10.08\"" x 0.90\"" ~ 0.96\"")"", ""Battery"": ""90WHrs, 4S1P, 4-cell Li-ion"", ""Camera Webcam"": ""N/A"", ""Weight"": ""2.3 KG"", ""Audio"": ""DTS software Built-in array microphone 2x 2W speaker"", ""Asus TUF F15 2021 Price in Nepal"": ""Rs. 172,000 (i7 Variant)""}"
https://hexxone.com/laptops-by-brand/asus/asus-tuf-f15-2021-fx506hm-i5-11th-gen-6-core-rtx-3060-8gb-ram-512gb-ssd-156-inch-fhd-144hz-display-in-nepal?limit=30,Asus TUF F15 2021 FX506HM i5 11Th Gen 6 Core - RTX 3060 - 8GB RAM - 512GB SSD - 15.6-inch FHD 144Hz display in Nepal,"NPR 139,500.00",Availability: Out Of Stock,"Model : Asus TUF DASH F15 2021 FX506HM | Processor: 11th Generation Intel Core i5-12650H | RAM: 8GB DDR4-3200MHz | Storage: 512GB SSD | Display: 15.6-inch display with IPS, | Graphics: NVIDIA GeForce RTX 3060 Graphics with 6GB of dedicated GDDR6 VRAM | Warranty: 2 Year Warranty","{""Brand"": ""Asus"", ""CPU"": ""Intel Core i5-11400H Processor 2.7 GHz (12M Cache, up to 4.5 GHz, 6 Cores)"", ""Gaming Series"": ""FA series"", ""Graphics"": ""NVIDIA GeForce RTX 3060 Laptop GPU, Up to 1630MHz at 90W (95W with Dynamic Boost), 6GB GDDR6"", ""Memory"": ""8GB DDR4 3200 MHz SDRAM (8GB On-Board); Max 32GB"", ""Display"": ""15.6-inch IPS display; Full-HD (1920 x 1080 pixels) resolution; 144Hz refresh rate with Adaptive Sync; 16:9 aspect ratio; sRGB: 100%%, Adobe: 47.34%, Pantone Validated: N/A"", ""Type"": ""Gaming Laptop"", ""Connections"": ""1x 3.5mm Combo Audio Jack 1x HDMI 2.0b 3x USB 3.2 Gen 1 Type-A 1x RJ45 LAN port 1x USB 3.2 Gen 2 Type-C support DisplayPort™ 1x Thunderbolt™ 4 support DisplayPort™ Thunderbolt 4 not supported on FX506HCB/HEB"", ""Networking"": ""Wi-Fi 6(802.11ax) + Bluetooth 5.1 (Dual band) 2*2; (*BT version may change with OS upgrades.)"", ""Storage"": ""512GB SSD"", ""Size: Height x width x depth"": ""35.9 x 25.6 x 2.28 ~ 2.43 cm (14.13\"" x 10.08\"" x 0.90\"" ~ 0.96\"")"", ""Battery"": ""90WHrs, 4S1P, 4-cell Li-ion"", ""Camera Webcam"": ""N/A"", ""Weight"": ""2.3 KG"", ""Audio"": ""DTS software Built-in array microphone 2x 2W speaker"", ""Asus TUF F15 2021 Price in Nepal"": ""Rs. 160,000 (i5 Variant)""}"
https://hexxone.com/laptops-by-brand/asus/asus-tuf-f15-2022-fx507zm-i7-12th-gen-14-core-rtx-3060-16gb-ram-1tb-ssd-156-inch-wqhd-165hz-display-in-nepal?limit=30,Asus TUF F15 2022 FX507ZM i7 12Th Gen 14 Core - RTX 3060 - 16GB RAM - 1TB SSD - 15.6-inch WQHD 165Hz display in Nepal,"NPR 204,500.00",Availability: Out Of Stock,"Model: Asus TUF F15 2022 FX507ZM | Processor: Intel® Core™ i7-12700H Processor 2.3 GHz (24M Cache, up to 4.7 GHz, 14 cores: 6 P-cores and 8 E-cores) | Graphics: NVIDIA® GeForce RTX™ 3060 Laptop GPU 1752MHz* at 140W (1702MHz Boost Clock+50MHz OC, 115W+25W Dynamic Boost) | RAM: 16GB RAM | Storage: 1TB SSD | Display: 15.6"" WQHD IPS display and 165Hz refresh rate | 2 Years Warranty & Genuine Windows 11 Home","{""Brand"": ""Asus"", ""CPU"": ""12th Gen Intel® Core™ i7-12700H Processor 2.3 GHz (24M Cache, up to 4.7 GHz, 14 cores: 6 P-cores and 8 E-cores)"", ""Gaming Series"": ""FA series"", ""Graphics"": ""NVIDIA® GeForce RTX™ 3060 Laptop GPU 1752MHz* at 140W (1702MHz Boost Clock+50MHz OC, 115W+25W Dynamic Boost)"", ""Memory"": ""16GB DDR5-4800, SO-DIMM x 2 slot, Max Capacity: 32GB"", ""Display"": ""15.6-inch, WQHD (2560 x 1440)) 16:9, anti-glare display, sRGB:100%, Adobe:75.35%, Refresh Rate:165Hz, IPS-level, Adaptive-Sync, MUX Switch + Optimus"", ""Type"": ""Gaming Laptop"", ""Connections"": ""1x 3.5mm Combo Audio Jack 1x HDMI 2.0b 1x Thunderbolt™ 4 support DisplayPort™ 1x USB 3.2 Gen 2 Type-C support DisplayPort™ / G-SYNC 2x USB 3.2 Gen 1 Type-A 1x RJ45 zLAN port"", ""Networking"": ""Wi-Fi 6(802.11ax)+Bluetooth 5.2 (Dual band) 2*2;(*BT version may change with OS upgrades.)"", ""Storage"": ""1TB SSD"", ""Size: Height x width x depth"": ""35.4 x 25.1 x 2.24 ~ 2.49 cm (13.94″ x 9.88″ x 0.88″ ~ 0.98″)"", ""Battery"": ""90WHrs, 4S1P, 4-cell Li-ion"", ""Camera Webcam"": ""N/A"", ""Weight"": ""2.2 KG"", ""Audio"": ""Dolby Atmos Hi-Res certification AI noise-canceling technology Built-in array microphone 2-speaker system"", ""Asus TUF F15 2022 Price in Nepal"": ""Rs. 225000 (i7 Variant)""}"
https://hexxone.com/laptops-by-brand/asus/asus-tuf-f15-2024-fx507vu-i7-13th-gen-14-core-rtx-4050-8gb-ram-512gb-ssd-156-inch-fhd-144hz-display-in-nepal?limit=30,Asus TUF F15 2024 FX507VU i7 13Th Gen 14 Core - RTX 4050 - 8GB RAM - 512GB SSD - 15.6-inch FHD 144Hz display in Nepal,"NPR 168,500.00",Availability: Out Of Stock,"Model: ASUS TUF GAMING F15 (FX507VU) | Processor: 13th Gen Intel® Core™ i7-13620H Processor | Storage: 512GB SSD | Ram: 8GB DDR5 | Display: 15.6-inch, FHD (1920 x 1080) | Graphic: NVIDIA® GeForce RTX™ 4050 Laptop GPU | 2 Years Warranty & Genuine Windows 11 Home","{""Brand"": ""Asus"", ""CPU"": ""13th Gen Intel® Core™ i7-13620H Processor 2.4 GHz (24M Cache, up to 4.9 GHz, 10 cores: 6 P-cores and 4 E-cores)"", ""Gaming Series"": ""FA series"", ""Graphics"": ""NVIDIA® GeForce RTX™ 4050 Laptop GPU (194 AI TOPs) 2420MHz* at 140W (2370MHz Boost Clock+50MHz OC, 115W+25W Dynamic Boost) 6GB GDDR6"", ""Memory"": ""8GB DDR5-4800, SO-DIMM x 2 slot, Max Capacity: 32GB"", ""Display"": ""15.6-inch FHD (1920 x 1080) 16:9 Value IPS-level Anti-glare display sRGB:100% Adobe:75.35% Refresh Rate:144Hz G-Sync MUX Switch + NVIDIA® Advanced Optimus"", ""Type"": ""Gaming Laptop"", ""Connections"": ""1x 3.5mm Combo Audio Jack 1x HDMI 2.1 FRL 2x USB 3.2 Gen 1 Type-A 1x USB 3.2 Gen 2 Type-C support DisplayPort™ / power delivery / G-SYNC 1x RJ45 LAN port 1x Type C USB 4 support DisplayPort™ / G-SYNC"", ""Networking"": ""Wi-Fi 6(802.11ax) (Dual band) 2*2 + Bluetooth® 5.3 Wireless Card (*Bluetooth version may change with OS version different.)"", ""Storage"": ""512GB SSD"", ""Size: Height x width x depth"": ""35.4 x 25.1 x 2.24 ~ 2.49 cm (13.94″ x 9.88″ x 0.88″ ~ 0.98″)"", ""Battery"": ""90WHrs, 4S1P, 4-cell Li-ion"", ""Camera Webcam"": ""N/A"", ""Weight"": ""2.2 KG"", ""Audio"": ""Dolby Atmos Hi-Res certification AI noise-canceling technology Built-in array microphone 2-speaker system"", ""Asus TUF F15 2024 Price in Nepal"": ""Rs. 1,77,000 /-(i7 Variant)""}"
https://hexxone.com/laptops-by-brand/asus/asus-tuf-gaming-a14-2025-fa401wu-amd-ryzen-ai-9-hx-370-rtx-4050-16gb-ram-1tb-ssd-14-inch-25k-165hz-display-2-years-warranty-in-nepal?limit=30,ASUS TUF Gaming A14 (2025) FA401WU AMD RYZEN AI 9 HX 370 - RTX 4050 - 16GB RAM - 1TB SSD - 14-inch 2.5K 165Hz display - 2 Years Warranty in Nepal,"NPR 251,500.00",Availability: Out Of Stock,"Model : Asus TUF A14 2025 FA401 | Processor : AMD RYZEN AI 9 HX 370 | Storage : 1TB SSD | Ram : 16GB LPDDR5 | Display : 14-inch, 2.5K (2560 x 1600, WQXGA) 165Hz | Graphic : NVIDIA® GeForce RTX™ 4050 Laptop GPU | 2 Years Warranty & Genuine Windows 11 Home","{""Brand"": ""Asus"", ""Series"": ""Asus TUF Gaming Series"", ""Model"": ""Asus TUF A14 2024 FA401"", ""Processor"": ""AMD Ryzen™ AI 9 HX 370 Processor 2.0GHz (36MB Cache, up to 5.1GHz, 12 cores, 24 Threads); AMD Ryzen™ AI up to 81 TOPs"", ""Gaming Series"": ""FA series"", ""Graphics"": ""NVIDIA® GeForce RTX™ 4050 Laptop GPU (194 AI TOPs), 2345Mhz* at 100W(2295MHz Boost Clock+50MHz O.C.,75W+25W Dynamic Boost), 8GB GDDR6"", ""RAM"": ""8GB*2 LPDDR5X 7500 on board, Max Capacity:16GB"", ""Display"": ""14-inch, 2.5K (2560 x 1600, WQXGA) 16:10 aspect ratio, IPS-level, Anti-glare display, sRGB:100.00%, Refresh Rate:165Hz, G-Sync, MUX Switch + NVIDIA® Advanced Optimus"", ""Type"": ""Gaming Laptop"", ""Connections"": ""1x 3.5mm Combo Audio Jack 1x HDMI 2.1 FRL 2x USB 3.2 Gen 2 Type-A (data speed up to 10Gbps) 1x USB 3.2 Gen 2 Type-C with support for DisplayPort™ (data speed up to 10Gbps) 1x Type-C USB 4 with support for DisplayPort™ / power delivery (data speed up to 40Gbps) 1x card reader (microSD) (UHS-II)"", ""Networking"": ""Wi-Fi 6E(802.11ax) (Triple band) 2*2 + Bluetooth® 5.3 Wireless Card (*Bluetooth® version may change with OS version different.)"", ""Storage"": ""1TB PCIe 4.0 NVMe M.2 SSD"", ""Size: Height x width x depth"": ""31.1 x 22.7 x 1.69 ~ 1.99 cm (12.24\"" x 8.94\"" x 0.67\"" ~ 0.78\"")"", ""Battery"": ""73WHrs, 4S1P, 4-cell Li-ion"", ""Camera Webcam"": ""1080P FHD IR Camera for Windows Hello"", ""Weight"": ""2.3 KG"", ""Audio"": ""Dolby Atmos AI noise-canceling technology Hi-Res certification (for headphone) Support Microsoft Cortana near field/far field Built-in array microphone 2-speaker system"", ""Asus TUF A14 FA401 2025 Price in Nepal"": ""Rs. 252000/-""}"
https://hexxone.com/laptops-by-brand/asus/asus-tuf-gaming-a14-2025-fa401wv-amd-ryzen-ai-9-hx-370-rtx-4060-16gb-ram-1tb-ssd-14-inch-25k-165hz-display-2-years-warranty-in-nepal?limit=30,ASUS TUF Gaming A14 (2025) FA401WV AMD RYZEN AI 9 HX 370 - RTX 4060 - 16GB RAM - 1TB SSD - 14-inch 2.5K 165Hz display - 2 Years Warranty in Nepal,"NPR 278,500.00",Availability: Out Of Stock,"Model : Asus TUF A14 2025 FA401WV | Processor : AMD RYZEN AI 9 HX 370 | Storage : 1TB SSD | Ram : 16GB LPDDR5 | Display : 14-inch, 2.5K (2560 x 1600, WQXGA) 165Hz | Graphic : NVIDIA® GeForce RTX™ 4060 Laptop GPU | 2 Years Warranty & Genuine Windows 11 Home","{""Brand"": ""Asus"", ""Series"": ""Asus TUF Gaming Series"", ""Model"": ""Asus TUF A14 2024 FA401WV"", ""Processor"": ""AMD Ryzen™ AI 9 HX 370 Processor 2.0GHz (36MB Cache, up to 5.1GHz, 12 cores, 24 Threads); AMD Ryzen™ AI up to 81 TOPs"", ""Gaming Series"": ""FA series"", ""Graphics"": ""NVIDIA® GeForce RTX™ 4060"", ""RAM"": ""8GB*2 LPDDR5X 7500 on board, Max Capacity:16GB"", ""Display"": ""14-inch, 2.5K (2560 x 1600, WQXGA) 16:10 aspect ratio, IPS-level, Anti-glare display, sRGB:100.00%, Refresh Rate:165Hz, G-Sync, MUX Switch + NVIDIA® Advanced Optimus"", ""Type"": ""Gaming Laptop"", ""Connections"": ""1x 3.5mm Combo Audio Jack 1x HDMI 2.1 FRL 2x USB 3.2 Gen 2 Type-A (data speed up to 10Gbps) 1x USB 3.2 Gen 2 Type-C with support for DisplayPort™ (data speed up to 10Gbps) 1x Type-C USB 4 with support for DisplayPort™ / power delivery (data speed up to 40Gbps) 1x card reader (microSD) (UHS-II)"", ""Networking"": ""Wi-Fi 6E(802.11ax) (Triple band) 2*2 + Bluetooth® 5.3 Wireless Card (*Bluetooth® version may change with OS version different.)"", ""Storage"": ""1TB PCIe 4.0 NVMe M.2 SSD"", ""Size: Height x width x depth"": ""31.1 x 22.7 x 1.69 ~ 1.99 cm (12.24\"" x 8.94\"" x 0.67\"" ~ 0.78\"")"", ""Battery"": ""73WHrs, 4S1P, 4-cell Li-ion"", ""Camera Webcam"": ""1080P FHD IR Camera for Windows Hello"", ""Weight"": ""2.3 KG"", ""Audio"": ""Dolby Atmos AI noise-canceling technology Hi-Res certification (for headphone) Support Microsoft Cortana near field/far field Built-in array microphone 2-speaker system"", ""Asus TUF A14 FA401 2025 Price in Nepal"": ""Rs. 279000/-""}"
https://hexxone.com/laptops-by-brand/asus/asus-tuf-gaming-a15-fa506nc-amd-ryzen-5-7535hs-rtx-3050-8gb-ram-512gb-ssd-156-inch-fhd-144hz-display-2-years-warranty-in-nepal?limit=30,ASUS TUF Gaming A15 FA506NC AMD RYZEN 5 7535HS - RTX 3050 - 8GB RAM - 512GB SSD - 15.6-inch FHD 144Hz display - 2 Years Warranty in Nepal,"NPR 120,500.00",Availability: Out Of Stock,"Model : Asus TUF A15 2023 FA506NC | Processor : AMD Ryzen™ 5 7535HS Mobile Processor | Storage : 512GB SSD | Ram : 8GB DDR5 | Display : 15.6-inch, FHD (1920 x 1080) | Graphic : NVIDIA® GeForce RTX™ 3050 Laptop GPU | 2 Years Warranty & Genuine Windows 11 Home","{""Brand"": ""Asus"", ""Series"": ""Asus TUF Gaming Series"", ""Model"": ""Asus TUF A15 2023 FA506NC"", ""Processor"": ""AMD Ryzen™ 5 7535HS Processor 3.3GHz (19MB Cache, up to 4.55 GHz, 6 cores, 12 Threads)"", ""Gaming Series"": ""FA series"", ""Graphics"": ""NVIDIA® GeForce RTX™ 3050 Laptop GPU, Up to 1675MHz at 60W (75W with Dynamic Boost), 4GB GDDR6"", ""RAM"": ""8GB DDR5-5600 SO-DIMM, SO-DIMM x 2 slot, Max Capacity: 32GB"", ""Display"": ""15.6 inches, FHD (1920 x 1080) 16:9, Value IPS-level, anti-glare display, sRGB:62.5%, Adobe:47.34%, Refresh Rate:144Hz, Adaptive-Sync, -, Optimus"", ""Type"": ""Gaming Laptop"", ""Connections"": ""1x 3.5mm Combo Audio Jack 1x HDMI 2.1 FRL 2x USB 3.2 Gen 1 Type-A 1x USB 3.2 Gen 2 Type-C support DisplayPort™ / power delivery / G-SYNC 1x RJ45 LAN port 1x Type C USB 4 support DisplayPort™ / G-SYNC"", ""Networking"": ""Wi-Fi 6(802.11ax) (Dual band) 2*2 + Bluetooth® 5.3 Wireless Card (*Bluetooth version may change with OS version different.)"", ""Storage"": ""512GB PCIe 4.0 NVMe M.2 SSD"", ""Size: Height x width x depth"": ""35.4 x 25.1 x 2.24 ~ 2.49 cm (13.94\"" x 9.88\"" x 0.88\"" ~ 0.98\"")"", ""Battery"": ""48WHrs, 3S1P, 3-cell Li-ion"", ""Camera Webcam"": ""N/A"", ""Weight"": ""2.3 KG"", ""Audio"": ""Dolby Atmos AI noise-canceling technology Hi-Res certification Support Microsoft Cortana near field/Far field Built-in array microphone 2-speaker system"", ""Asus TUF A15 FA506NC 2023 Price in Nepal"": ""Rs. 125000/-""}"
https://hexxone.com/laptops-by-brand/asus/asus-tuf-gaming-a15-fa506ncr-amd-ryzen-7-7435hs-rtx-3050-8gb-ram-512gb-ssd-156-inch-fhd-144hz-display-2-years-warranty-in-nepal?limit=30,ASUS TUF Gaming A15 FA506NCR AMD RYZEN 7 7435HS - RTX 3050 - 8GB RAM - 512GB SSD - 15.6-inch FHD 144Hz display - 2 Years Warranty in Nepal,"NPR 133,000.00",Availability: Out Of Stock,"Model : Asus TUF A15 2024 FA506NCR | Processor : AMD Ryzen™ 7 7435HS Mobile Processor | Storage : 512GB SSD | Ram : 8GB DDR5 | Display : 15.6-inch, FHD (1920 x 1080) | Graphic : NVIDIA® GeForce RTX™ 3050 Laptop GPU | 2 Years Warranty & Genuine Windows 11 Home","{""Brand"": ""Asus"", ""Series"": ""Asus TUF Gaming Series"", ""Model"": ""Asus TUF A15 2023 FA506NC"", ""Processor"": ""AMD Ryzen 7 7435HS Mobile Processor (8-core/16-thread, 16MB cache, 3.1GHz up to 4.5GHz max boost)"", ""Gaming Series"": ""FA series"", ""Graphics"": ""NVIDIA® GeForce RTX™ 3050 Laptop GPU, Up to 1675MHz at 60W (75W with Dynamic Boost)  4GB GDDR6B GDDR6"", ""RAM"": ""8GB DDR5-5600 SO-DIMM, SO-DIMM x 2 slot, Max Capacity: 32GB"", ""Display"": ""15.6-inch, FHD (1920 x 1080) 16:9, anti-glare display, sRGB:62.5%, Adobe:47.34%, Refresh Rate:144Hz, IPS-level, Adaptive-Sync, MUX Switch + Optimus"", ""Type"": ""Gaming Laptop"", ""Connections"": ""1x 3.5mm Combo Audio Jack 1x HDMI 2.1 FRL 2x USB 3.2 Gen 1 Type-A 1x USB 3.2 Gen 2 Type-C support DisplayPort™ / power delivery / G-SYNC 1x RJ45 LAN port 1x Type C USB 4 support DisplayPort™ / G-SYNC"", ""Networking"": ""Wi-Fi 6(802.11ax) (Dual band) 2*2 + Bluetooth® 5.3 Wireless Card (*Bluetooth version may change with OS version different.)"", ""Storage"": ""512GB PCIe 4.0 NVMe M.2 SSD"", ""Size: Height x width x depth"": ""35.4 x 25.1 x 2.24 ~ 2.49 cm (13.94\"" x 9.88\"" x 0.88\"" ~ 0.98\"")"", ""Battery"": ""48WHrs, 3S1P, 3-cell Li-ion"", ""Camera Webcam"": ""N/A"", ""Weight"": ""2.3 KG"", ""Audio"": ""Dolby Atmos AI noise-canceling technology Hi-Res certification Support Microsoft Cortana near field/Far field Built-in array microphone 2-speaker system"", ""Asus TUF A15 FA506NCR 2024 Price in Nepal"": ""Rs. 133500/-""}"
https://hexxone.com/laptops-by-brand/asus/asus-tuf-gaming-a15-fa506nf-amd-ryzen-5-7535hs-rtx-2050-8gb-ram-512gb-ssd-156-inch-fhd-144hz-display-2-years-warranty-in-nepal?limit=30,ASUS TUF Gaming A15 FA506NF AMD RYZEN 5 7535HS - RTX 2050 - 8GB RAM - 512GB SSD - 15.6-inch FHD 144Hz display - 2 Years Warranty in Nepal,"NPR 106,100.00",Availability: Out Of Stock,"Model : Asus TUF A15 2023 FA506NF | Processor : AMD Ryzen™ 5 7535HS Mobile Processor | Storage : 512GB SSD | Ram : 8GB DDR5 | Display : 15.6-inch, FHD (1920 x 1080) | Graphic : NVIDIA® GeForce RTX™ 2050 Laptop GPU | 2 Years Warranty & Genuine Windows 11 Home","{""Brand"": ""Asus"", ""Series"": ""Asus TUF Gaming Series"", ""Model"": ""Asus TUF A15 2023 FA506NF"", ""Processor"": ""AMD Ryzen™ 5 7535HS Processor 3.3GHz (19MB Cache, up to 4.55 GHz, 6 cores, 12 Threads)"", ""Gaming Series"": ""FA series"", ""Graphics"": ""NVIDIA® GeForce RTX™ 2050 Laptop GPU"", ""RAM"": ""8GB DDR5-5600 SO-DIMM, SO-DIMM x 2 slot, Max Capacity: 32GB"", ""Display"": ""15.6 inches, FHD (1920 x 1080) 16:9, Value IPS-level, anti-glare display, sRGB:62.5%, Adobe:47.34%, Refresh Rate:144Hz, Adaptive-Sync, -, Optimus"", ""Type"": ""Gaming Laptop"", ""Connections"": ""1x 3.5mm Combo Audio Jack 1x HDMI 2.1 FRL 2x USB 3.2 Gen 1 Type-A 1x USB 3.2 Gen 2 Type-C support DisplayPort™ / power delivery / G-SYNC 1x RJ45 LAN port 1x Type C USB 4 support DisplayPort™ / G-SYNC"", ""Networking"": ""Wi-Fi 6(802.11ax) (Dual band) 2*2 + Bluetooth® 5.3 Wireless Card (*Bluetooth version may change with OS version different.)"", ""Storage"": ""512GB PCIe 4.0 NVMe M.2 SSD"", ""Size: Height x width x depth"": ""35.4 x 25.1 x 2.24 ~ 2.49 cm (13.94\"" x 9.88\"" x 0.88\"" ~ 0.98\"")"", ""Battery"": ""48WHrs, 3S1P, 3-cell Li-ion"", ""Camera Webcam"": ""N/A"", ""Weight"": ""2.3 KG"", ""Audio"": ""Dolby Atmos AI noise-canceling technology Hi-Res certification Support Microsoft Cortana near field/Far field Built-in array microphone 2-speaker system"", ""Asus TUF A15 FA506NF 2023 Price in Nepal"": ""Rs. 106600/-""}"
https://hexxone.com/laptops-by-brand/asus/asus-tuf-gaming-a15-fa506nfr-amd-ryzen-7-7435hs-rtx-2050-8gb-ram-512gb-ssd-156-inch-fhd-144hz-display-2-years-warranty-in-nepal?limit=30,ASUS TUF Gaming A15 FA506NFR AMD RYZEN 7 7435HS - RTX 2050 - 8GB RAM - 512GB SSD - 15.6-inch FHD 144Hz display - 2 Years Warranty in Nepal,"NPR 124,000.00",Availability: Out Of Stock,"Model : Asus TUF A15 2024 FA506NFR | Processor : AMD Ryzen™ 7 7435HS Mobile Processor | Storage : 512GB SSD | Ram : 8GB DDR5 | Display : 15.6-inch, FHD (1920 x 1080) | Graphic : NVIDIA® GeForce RTX™ 2050 Laptop GPU | 2 Years Warranty & Genuine Windows 11 Home","{""Brand"": ""Asus"", ""Series"": ""Asus TUF Gaming Series"", ""Model"": ""Asus TUF A15 2023 FA506NC"", ""Processor"": ""AMD Ryzen 7 7435HS Mobile Processor (8-core/16-thread, 16MB cache, 3.1GHz up to 4.5GHz max boost)"", ""Gaming Series"": ""FA series"", ""Graphics"": ""NVIDIA® GeForce RTX™ 2050 Laptop GPU, Up to 1670MHz at 60W (70W with Dynamic Boost) *Vary by scenario, 4GB GDDR6"", ""RAM"": ""8GB DDR5-5600 SO-DIMM, SO-DIMM x 2 slot, Max Capacity: 32GB"", ""Display"": ""15.6-inch, FHD (1920 x 1080) 16:9, anti-glare display, sRGB:62.5%, Adobe:47.34%, Refresh Rate:144Hz, IPS-level, Adaptive-Sync, MUX Switch + Optimus"", ""Type"": ""Gaming Laptop"", ""Connections"": ""1x 3.5mm Combo Audio Jack 1x HDMI 2.1 FRL 2x USB 3.2 Gen 1 Type-A 1x USB 3.2 Gen 2 Type-C support DisplayPort™ / power delivery / G-SYNC 1x RJ45 LAN port 1x Type C USB 4 support DisplayPort™ / G-SYNC"", ""Networking"": ""Wi-Fi 6(802.11ax) (Dual band) 2*2 + Bluetooth® 5.3 Wireless Card (*Bluetooth version may change with OS version different.)"", ""Storage"": ""512GB PCIe 4.0 NVMe M.2 SSD"", ""Size: Height x width x depth"": ""35.4 x 25.1 x 2.24 ~ 2.49 cm (13.94\"" x 9.88\"" x 0.88\"" ~ 0.98\"")"", ""Battery"": ""48WHrs, 3S1P, 3-cell Li-ion"", ""Camera Webcam"": ""N/A"", ""Weight"": ""2.3 KG"", ""Audio"": ""Dolby Atmos AI noise-canceling technology Hi-Res certification Support Microsoft Cortana near field/Far field Built-in array microphone 2-speaker system"", ""Asus TUF A15 FA506NFR 2024 Price in Nepal"": ""Rs. 124500/-""}"
https://hexxone.com/laptops-by-brand/asus/asus-vivobook-14-2023-x1404va-i5-13th-gen-8gb-ram-512gb-ssd-14-inch-fhd-display-backlight-keyboard-magic-numpad?limit=30,Asus VivoBook 14 2023 X1404VA i5 13th Gen - 8GB RAM - 512GB SSD - 14-inch FHD display - Backlight Keyboard - Magic NumPad,"NPR 88,500.00",Availability: Out Of Stock,"Model: Asus VivoBook 14 2023 X1402VA | Processor: Intel Core i5-1335U Processor 1.3 GHz (10M Cache, up to 4.4 GHz, 10 cores) | RAM: 8GB RAM | Storage: 512GB SSD | Display: 14-inch FHD | 2 Years Warranty & Genuine Windows 11 Home","{""Brand"": ""Asus"", ""Series"": ""VivoBook Series"", ""Model"": ""Asus VivoBook 14 2022 X1404VA"", ""Type"": ""Budget Notebook"", ""Processor"": ""Intel® Core™ i5-1335U Processor 1.3 GHz (12MB Cache, up to 4.6 GHz, 10 cores, 12 Threads)"", ""Graphics"": ""Intel Iris Xᵉ Graphics"", ""RAM"": ""8GB DDR4 on board, Total system memory upgradeable to:16GB"", ""Display"": ""14.0-inch, FHD (1920 x 1080) 16:9 aspect ratio, IPS-level Panel, LED Backlit, 250nits, 45% NTSC color gamut for non-OLED, Anti-glare display, Screen-to-body ratio: 82 ％"", ""Connections"": ""1x USB 2.0 Type-A 1x USB 3.2 Gen 1 Type-C 2x USB 3.2 Gen 1 Type-A 1x HDMI 1.4 1x 3.5mm Combo Audio Jack 1x DC-in"", ""Networking"": ""Wi-Fi 6(802.11ax) (Dual band) 2*2 + Bluetooth 5"", ""Storage"": ""512GB SSD"", ""Size: Height x width x depth"": ""32.49 x 21.39 x 1.99 ~ 1.99 cm (12.79\"" x 8.42\"" x 0.78\"" ~ 0.78\"")"", ""Battery"": ""42WHrs, 3S1P, 3-cell Li-ion"", ""camera webcam"": ""720p"", ""Weight"": ""1.5 Kg"", ""Keyboard and Touchpad"": ""Backlit Chiclet Keyboard, 1.4mm Key-travel, Precision Touchpad, Support NumberPad"", ""Expansion Slots"": ""1x DDR4 SO-DIMM slot 1x M.2 2280 PCIe 4.0x4"", ""Audio"": ""SonicMaster Built-in speaker Built-in array microphone with Cortana and Alexa voice-recognition support"", ""Asus VivoBook 14 2023 X1404VA Price in Nepal"": ""Rs. 93000 (i5 Variant)""}"
https://hexxone.com/laptops-by-brand/asus/asus-vivobook-14-2023-x1404va-i7-13th-gen-16gb-ram-512gb-ssd-14-inch-fhd-display-backlight-keyboard-magic-numpad?limit=30,Asus VivoBook 14 2023 X1404VA i7 13th Gen - 16GB RAM - 512GB SSD - 14-inch FHD display - Backlight Keyboard - Magic NumPad,"NPR 105,500.00",Availability: Out Of Stock,"Model: Asus VivoBook 14 2023 X1402VA | Processor: Intel® Core™ i7-1355U, 10C (2P + 8E) / 12T, P-core 1.7 / 5.0GHz, E-core 1.2 / 3.7GHz, 12MB | RAM: 16 GB RAM | Storage: 512GB SSD | Display: 14-inch FHD | 2 Years Warranty & Genuine Windows 11 Home","{""Brand"": ""Asus"", ""Series"": ""VivoBook Series"", ""Model"": ""Asus VivoBook 14 2022 X1402ZA"", ""Type"": ""Budget Notebook"", ""Processor"": ""Intel® Core™ i7-1355U, 10C (2P + 8E) / 12T, P-core 1.7 / 5.0GHz, E-core 1.2 / 3.7GHz, 12MB"", ""Graphics"": ""Intel Iris Xᵉ Graphics"", ""RAM"": ""16GB DDR4 , Total system memory upgradeable to:16GB"", ""Display"": ""14.0-inch, FHD (1920 x 1080) 16:9 aspect ratio, IPS-level Panel, LED Backlit, 250nits, 45% NTSC color gamut for non-OLED, Anti-glare display, Screen-to-body ratio: 82 ％"", ""Connections"": ""1x USB 2.0 Type-A 1x USB 3.2 Gen 1 Type-C 2x USB 3.2 Gen 1 Type-A 1x HDMI 1.4 1x 3.5mm Combo Audio Jack 1x DC-in"", ""Networking"": ""Wi-Fi 6(802.11ax) (Dual band) 2*2 + Bluetooth 5"", ""Storage"": ""512GB SSD"", ""Size: Height x width x depth"": ""32.49 x 21.39 x 1.99 ~ 1.99 cm (12.79\"" x 8.42\"" x 0.78\"" ~ 0.78\"")"", ""Battery"": ""42WHrs, 3S1P, 3-cell Li-ion"", ""camera webcam"": ""720p"", ""Weight"": ""1.5 Kg"", ""Keyboard and Touchpad"": ""Backlit Chiclet Keyboard, 1.4mm Key-travel, Precision Touchpad, Support NumberPad"", ""Expansion Slots"": ""1x DDR4 SO-DIMM slot 1x M.2 2280 PCIe 4.0x4"", ""Audio"": ""SonicMaster Built-in speaker Built-in array microphone with Cortana and Alexa voice-recognition support"", ""Asus VivoBook 14 2023 X1404ZA Price in Nepal"": ""Rs. 113000 (i7 Variant)""}"
https://hexxone.com/laptops-by-brand/asus/asus-vivobook-14-2024-x1404vap-14th-gen-core-5-8gb-ram-512gb-ssd-14-inch-fhd-display-backlight-keyboard-magic-numpad-2-years-warranty-in-nepal?limit=30,Asus VivoBook 14 2024 X1404VAP 14th Gen Core 5 - 8GB RAM - 512GB SSD - 14-inch FHD display - Backlight Keyboard - Magic NumPad - 2 Years Warranty in Nepal,"NPR 98,500.00",Availability: Out Of Stock,"Model: Asus VivoBook 14 2024 X1404VAP | Processor: Intel® Core™ 5 Processor 120U 1.4 GHz | RAM: 8GB RAM | Storage: 512GB SSD | Display: 14-inch, FHD (1920 x 1080) | 2 Years Warranty & Genuine Windows 11 Home","{""Brand"": ""Asus"", ""Series"": ""VivoBook Series"", ""Model"": ""Asus VivoBook 14 2024 X1404VAP"", ""Type"": ""Budget Notebook"", ""Processor"": ""Intel® Core™ 5 Processor 120U 1.4 GHz (12MB Cache, up to 5.0 GHz, 10 cores, 12 Threads)"", ""Graphics"": ""Intel® Graphics"", ""RAM"": ""8GB DDR4 on board, Total system memory upgradeable to:16GB"", ""Display"": ""14.0-inch, FHD (1920 x 1080) 16:9 aspect ratio, IPS-level Panel, LED Backlit, 60Hz refresh rate, 250nits, 45% NTSC color gamut, Anti-glare display, TÜV Rheinland-certified, Non-touch screen, (Screen-to-body ratio)83%"", ""Connections"": ""1x USB 2.0 Type-A 1x USB 3.2 Gen 1 Type-C 2x USB 3.2 Gen 1 Type-A 1x HDMI 1.4 1x 3.5mm Combo Audio Jack 1x DC-in"", ""Networking"": ""Wi-Fi 6(802.11ax) (Dual band) 1*1 + Bluetooth® 5.2 Wireless Card"", ""Storage"": ""512GB M.2 NVMe™ PCIe® 4.0 SSD"", ""Expansion Slots (includes used)"": ""1x DDR4 SO-DIMM slot 1x M.2 2280 PCIe 4.0x4"", ""Size: Height x width x depth"": ""32.49 x 21.39 x 1.79 ~ 1.79 cm (12.79\"" x 8.42\"" x 0.70\"" ~ 0.70\"")"", ""Battery"": ""42WHrs, 3S1P, 3-cell Li-ion"", ""Military Grade"": ""US MIL-STD 810H military-grade standard"", ""camera webcam"": ""720p"", ""Weight"": ""1.4 Kg"", ""Keyboard and Touchpad"": ""Backlit Chiclet Keyboard, 1.4mm Key-travel, Precision Touchpad, Support NumberPad"", ""Audio"": ""SonicMaster Built-in speaker Built-in array microphone with Cortana and Alexa voice-recognition support"", ""Asus VivoBook 14 2024 X1404VAP Price in Nepal"": ""Rs. 101900/-""}"
https://hexxone.com/laptops-by-brand/asus/asus-vivobook-14-2024-x1405vap-14th-gen-core-7-16gb-ram-1tb-ssd-14-inch-fhd-display-backlight-keyboard-magic-numpad-2-years-warranty-in-nepal?limit=30,Asus VivoBook 14 2024 X1405VAP 14th Gen Core 7 - 16GB RAM - 1TB SSD - 14-inch FHD display - Backlight Keyboard - Magic NumPad - 2 Years Warranty in Nepal,"NPR 137,500.00",Availability: Out Of Stock,"Model: Asus VivoBook 14 2024 X1405VAP | Processor: Intel® Core™ 7 Processor 150U | RAM: 16 GB RAM | Storage: 1TB SSD | Display: 14-inch, FHD (1920 x 1080) | 2 Years Warranty & Genuine Windows 11 Home","{""Brand"": ""Asus"", ""Series"": ""VivoBook Series"", ""Model"": ""Asus VivoBook 14 2024 X1405VAP"", ""Type"": ""Budget Notebook"", ""Processor"": ""Intel® Core™ 7 Processor 150U 1.8 GHz (12MB Cache, up to 5.4 GHz, 10 cores, 12 Threads)"", ""Graphics"": ""Intel® Graphics"", ""RAM"": ""16GB DDR4 on board, Total system memory upgradeable to:16GB"", ""Display"": ""14.0-inch, FHD (1920 x 1080) 16:9 aspect ratio, IPS-level Panel, LED Backlit, 60Hz refresh rate, 250nits, 45% NTSC color gamut, Anti-glare display, TÜV Rheinland-certified, Non-touch screen, (Screen-to-body ratio)83%"", ""Connections"": ""1x USB 2.0 Type-A 1x USB 3.2 Gen 1 Type-C 2x USB 3.2 Gen 1 Type-A 1x HDMI 1.4 1x 3.5mm Combo Audio Jack 1x DC-in"", ""Networking"": ""Wi-Fi 6(802.11ax) (Dual band) 1*1 + Bluetooth® 5.2 Wireless Card"", ""Storage"": ""1TB M.2 NVMe™ PCIe® 4.0 SSD"", ""Expansion Slots (includes used)"": ""1x DDR4 SO-DIMM slot 1x M.2 2280 PCIe 4.0x4"", ""Size: Height x width x depth"": ""32.49 x 21.39 x 1.79 ~ 1.79 cm (12.79\"" x 8.42\"" x 0.70\"" ~ 0.70\"")"", ""Battery"": ""42WHrs, 3S1P, 3-cell Li-ion"", ""Military Grade"": ""US MIL-STD 810H military-grade standard"", ""camera webcam"": ""720p"", ""Weight"": ""1.4 Kg"", ""Keyboard and Touchpad"": ""Backlit Chiclet Keyboard, 1.4mm Key-travel, Precision Touchpad, Support NumberPad"", ""Audio"": ""SonicMaster Built-in speaker Built-in array microphone with Cortana and Alexa voice-recognition support"", ""Asus VivoBook 14 2024 X1405VAP Price in Nepal"": ""Rs. 138000/-""}"
https://hexxone.com/laptops-by-brand/asus/asus-vivobook-14x-2023-k3405v-intel-i9-13900h-16gb-ram-1tb-ssd-14-inch-wuxga-display-2-years-warranty-in-nepal?limit=30,Asus VivoBook 14X 2023 K3405V Intel i9 13900H - 16GB RAM - 1TB SSD - 14-inch WUXGA display - 2 Years Warranty in Nepal,"NPR 151,500.00",Availability: Out Of Stock,Model:  Asus VivoBook 14X 2023 K3405V | Processor: Intel® Core™ i9-13900H Processor | RAM: 16GB RAM DDR4 | Storage: 1TB SSD | Display: 14-inch FHD | 2 Years Warranty & Genuine Windows 11 Home,"{""Brand"": ""ASUS"", ""CPU"": ""Intel® Core™ i9-13900H Processor 2.6 GHz (24MB Cache, up to 5.4 GHz, 14 cores, 20 Threads)"", ""Graphics"": ""Intel Iris Xᵉ Graphics"", ""Memory"": ""16GB DDR4 onboard"", ""Display"": ""14.0-inch, WUXGA (1920 x 1200) 16:10 aspect ratio, IPS-level Panel, LED Backlit, 60Hz refresh rate, 300nits, 45% NTSC color gamut, Anti-glare display, TÜV Rheinland-certified, Non-touch screen, (Screen-to-body ratio)85%"", ""Type"": ""Gaming Laptop"", ""Connections"": ""1x USB 3.2 Gen 1 Type-C support power delivery 2x USB 3.2 Gen 1 Type-A 1x HDMI 2.1 TMDS 1x 3.5mm Combo Audio Jack 1x DC-in"", ""Networking"": ""Wi-Fi 6E(802.11ax) (Dual band) 1*1 + Bluetooth® 5.3 Wireless Card"", ""Storage"": ""512 GB M.2 NVMe™ SSD"", ""Camera"": ""720p HD camera With privacy shutter"", ""Battery"": ""50WHrs, 3S1P, 3-cell Li-ion"", ""Keyboard"": ""Backlit Chiclet keyboard"", ""Weight"": ""1.4 KG"", ""Audio"": ""Harman Kardon Speaker"", ""Asus VivoBook 14X 2023 K3405 Price in Nepal"": ""Rs. 152,000/-""}"
https://hexxone.com/laptops-by-brand/asus/asus-vivobook-14x-2023-x1405va-intel-core-i5-13500h-8gb-ram-512gb-ssd-14-inch-2k-oled-display-2-years-warranty-in-nepal?limit=30,Asus VivoBook 14X 2023 X1405VA Intel Core i5 13500H - 8GB RAM - 512GB SSD - 14-inch 2K Oled display - 2 Years Warranty in Nepal,"NPR 119,500.00",Availability: Out Of Stock,Model: Asus VivoBook 14X X1405VA 2023 | Processor: Intel® Core™ i5-13500H Processor 2.6 GHz | RAM: 8GB RAM | Storage: 512GB SSD | Display: 14-inch 2K OLED | 2 Years Warranty & Genuine Windows 11 Home,"{""Brand"": ""ASUS"", ""CPU"": ""Intel® Core™ i5-13500H Processor 2.6 GHz (18MB Cache, up to 4.7 GHz, 12 cores, 16 Threads)"", ""Graphics"": ""Intel Iris Xᵉ Graphics"", ""Memory"": ""8GB DDR4 onboard , Can be expandable upto 24GB"", ""Display"": ""14.0-inch, 2.8K (2880 x 1800) OLED 16:10 aspect ratio, 0.2ms response time, 90Hz refresh rate, 600nits HDR peak brightness, 100% DCI-P3 color gamut, 1,000,000:1, VESA CERTIFIED Display HDR True Black 600, 1.07 billion colors, PANTONE Validated, Glossy display, 70% less harmful blue light, SGS Eye Care Display, Non-touch screen, (Screen-to-body ratio)86%"", ""Type"": ""Consumer Notebook"", ""Connections"": ""1x USB 2.0 Type-A 1x USB 3.2 Gen 1 Type-C support power delivery 2x USB 3.2 Gen 1 Type-A 1x HDMI 1.4 1x 3.5mm Combo Audio Jack 1x DC-in"", ""Networking"": ""Wi-Fi 5(802.11ac) (Dual band) 1*1 + Bluetooth® 5.1"", ""Storage"": ""512 GB M.2 NVMe™ SSD"", ""Camera"": ""720p HD camera With privacy shutter"", ""Battery"": ""42WHrs, 3S1P, 3-cell Li-ion"", ""Keyboard"": ""Backlit Chiclet keyboard"", ""Weight"": ""1.6 KG"", ""Audio"": ""Harman Kardon Speaker"", ""Asus VivoBook 14X 2023 X1405VA Price in Nepal"": ""Rs.1,20,000/-""}"
https://hexxone.com/laptops-by-brand/asus/asus-vivobook-14x-2024-k3405vf-intel-i7-13700h-8gb-ram-512gb-ssd-rtx-2050-gpu-14-inch-wuxga-display-2-years-warranty-in-nepal?limit=30,Asus VivoBook 14X 2024 K3405VF Intel i7 13700H - 8GB RAM - 512GB SSD - RTX 2050 GPU - 14-inch WUXGA display - 2 Years Warranty in Nepal,"NPR 134,500.00",Availability: Out Of Stock,Model:  Asus VivoBook 14X 2024 K3405VF | Processor: Intel® Core™ i7-13700H Processor 2.4 GHz | Graphic: NVIDIA® GeForce RTX™ 2050 4GB | RAM: 8GB RAM DDR4 | Storage: 512GB SSD | Display: 14-inch FHD | 2 Years Warranty & Genuine Windows 11 Home,"{""Brand"": ""ASUS"", ""CPU"": ""Intel® Core™ i7-13700H Processor 2.4 GHz (24MB Cache, up to 5.0 GHz, 14 cores, 20 Threads)"", ""Graphics"": ""NVIDIA® GeForce RTX™ 2050 Laptop GPU"", ""Memory"": ""8GB DDR4 onboard"", ""Display"": ""14.0-inch, WUXGA (1920 x 1200) 16:10 aspect ratio, IPS-level Panel, LED Backlit, 60Hz refresh rate, 300nits, 45% NTSC color gamut, Anti-glare display, TÜV Rheinland-certified, Non-touch screen, (Screen-to-body ratio)85%"", ""Type"": ""Gaming Laptop"", ""Connections"": ""1x USB 3.2 Gen 1 Type-C support power delivery 2x USB 3.2 Gen 1 Type-A 1x HDMI 2.1 TMDS 1x 3.5mm Combo Audio Jack 1x DC-in"", ""Networking"": ""Wi-Fi 6E(802.11ax) (Dual band) 1*1 + Bluetooth® 5.3 Wireless Card"", ""Storage"": ""512 GB M.2 NVMe™ SSD"", ""Camera"": ""720p HD camera With privacy shutter"", ""Battery"": ""50WHrs, 3S1P, 3-cell Li-ion"", ""Keyboard"": ""Backlit Chiclet keyboard"", ""Weight"": ""1.4 KG"", ""Audio"": ""Harman Kardon Speaker"", ""Asus VivoBook 14X 2023 K3405 Price in Nepal"": ""Rs. 146,000/-""}"
https://hexxone.com/laptops-by-brand/asus/asus-vivobook-15-2023-x1504va-i5-13th-gen-8gb-ram-512gb-ssd-156-inch-fhd-display-backlight-keyboard-magic-numpad-2-years-warranty-in-nepal?limit=30,Asus VivoBook 15 2023 X1504VA i5 13th Gen - 8GB RAM - 512GB SSD - 15.6-inch FHD display - Backlight Keyboard - Magic NumPad - 2 Years Warranty in Nepal,"NPR 88,500.00",Availability: Out Of Stock,"Model: Asus VivoBook 15 2023 X1504VA | Processor: Intel Core i5-1335U Processor 1.3 GHz (10M Cache, up to 4.4 GHz, 10 cores) | RAM: 8GB RAM | Storage: 512GB SSD | Display: 15.6-inch FHD | 2 Years Warranty & Genuine Windows 11 Home","{""Brand"": ""Asus"", ""Series"": ""VivoBook Series"", ""Model"": ""Asus VivoBook 15 2022 X1504VA"", ""Type"": ""Budget Notebook"", ""Processor"": ""Intel® Core™ i5-1335U Processor 1.3 GHz (12MB Cache, up to 4.6 GHz, 10 cores, 12 Threads)"", ""Graphics"": ""Intel Iris Xᵉ Graphics"", ""RAM"": ""8GB DDR4 on board, Total system memory upgradeable to:16GB"", ""Display"": ""15.6 inch, FHD (1920 x 1080) 16:9 aspect ratio, IPS-level Panel, LED Backlit, 250nits, 45% NTSC color gamut for non-OLED, Anti-glare display, Screen-to-body ratio: 82 ％"", ""Connections"": ""1x USB 2.0 Type-A 1x USB 3.2 Gen 1 Type-C 2x USB 3.2 Gen 1 Type-A 1x HDMI 1.4 1x 3.5mm Combo Audio Jack 1x DC-in"", ""Networking"": ""Wi-Fi 6(802.11ax) (Dual band) 2*2 + Bluetooth 5"", ""Storage"": ""512GB SSD"", ""Size: Height x width x depth"": ""35.97 x 23.25 x 1.79 ~ 1.79 cm (14.16\"" x 9.15\"" x 0.70\"" ~ 0.70\"")"", ""Battery"": """", ""camera webcam"": ""720p"", ""Weight"": ""1.7 Kg"", ""Keyboard and Touchpad"": ""Backlit Chiclet Keyboard, 1.4mm Key-travel, Precision Touchpad, Support NumberPad"", ""Expansion Slots"": ""1x DDR4 SO-DIMM slot 1x M.2 2280 PCIe 4.0x4"", ""Audio"": ""SonicMaster Built-in speaker Built-in array microphone with Cortana and Alexa voice-recognition support"", ""Asus VivoBook 14 2023 X1504VA Price in Nepal"": ""Rs. 93000 (i5 Variant)""}"
https://hexxone.com/laptops-by-brand/asus/asus-vivobook-15-2024-x1504vap-14th-gen-core-5-8gb-ram-512gb-ssd-156-inch-fhd-display-backlight-keyboard-magic-numpad-2-years-warranty-in-nepal?limit=30,Asus VivoBook 15 2024 X1504VAP 14th Gen Core 5 - 8GB RAM - 512GB SSD - 15.6-inch FHD display - Backlight Keyboard - Magic NumPad - 2 Years Warranty in Nepal,"NPR 98,500.00",Availability: Out Of Stock,"Model: Asus VivoBook 15 2024 X1504VAP | Processor: Intel® Core™ 5 Processor 120U 1.4 GHz | RAM: 8GB RAM | Storage: 512GB SSD | Display: 15.6-inch, FHD (1920 x 1080) | 2 Years Warranty & Genuine Windows 11 Home","{""Brand"": ""Asus"", ""Series"": ""VivoBook Series"", ""Model"": ""Asus VivoBook 15 2024 X1504VAP"", ""Type"": ""Budget Notebook"", ""Processor"": ""Intel® Core™ 5 Processor 120U 1.4 GHz (12MB Cache, up to 5.0 GHz, 10 cores, 12 Threads)"", ""Graphics"": ""Intel® Graphics"", ""RAM"": ""8GB DDR4 on board, Total system memory upgradeable to:16GB"", ""Display"": ""15.6-inch, FHD (1920 x 1080) 16:9 aspect ratio, IPS-level Panel, LED Backlit, 60Hz refresh rate, 250nits, 45% NTSC color gamut, Anti-glare display, TÜV Rheinland-certified, Non-touch screen, (Screen-to-body ratio)83%"", ""Connections"": ""1x USB 2.0 Type-A 1x USB 3.2 Gen 1 Type-C 2x USB 3.2 Gen 1 Type-A 1x HDMI 1.4 1x 3.5mm Combo Audio Jack 1x DC-in"", ""Networking"": ""Wi-Fi 6(802.11ax) (Dual band) 1*1 + Bluetooth® 5.2 Wireless Card"", ""Storage"": ""512GB M.2 NVMe™ PCIe® 4.0 SSD"", ""Expansion Slots (includes used)"": ""1x DDR4 SO-DIMM slot 1x M.2 2280 PCIe 4.0x4"", ""Size: Height x width x depth"": ""35.97 x 23.25 x 1.79 ~ 1.79 cm (14.16\"" x 9.15\"" x 0.70\"" ~ 0.70\"")"", ""Battery"": ""42WHrs, 3S1P, 3-cell Li-ion"", ""Military Grade"": ""US MIL-STD 810H military-grade standard"", ""camera webcam"": ""720p"", ""Weight"": ""1.7 Kg"", ""Keyboard and Touchpad"": ""Backlit Chiclet Keyboard, 1.4mm Key-travel, Precision Touchpad, Support NumberPad"", ""Audio"": ""SonicMaster Built-in speaker Built-in array microphone with Cortana and Alexa voice-recognition support"", ""Asus VivoBook 15 2024 X1504VAP Price in Nepal"": ""Rs. 101900/-""}"
https://hexxone.com/laptops-by-brand/asus/asus-vivobook-15-k513ea-i5-11th-gen-8gb-ram-512gb-ssd-156-inch-fhd-display-in-nepal?limit=30,Asus VivoBook 15 K513EA i5 11th Gen - 8GB RAM - 512GB SSD - 15.6-inch FHD display in Nepal,"NPR 88,500.00",Availability: Out Of Stock,Model: Asus  VivoBook 15 K513EQ-BQ074T | Processor: Intel Core i7-1165G7 | RAM: 16GB RAM | Storage: 512GB SSD | Display: 15.6-inch FHD | 2 Years Warranty & Genuine Windows 11 Home,"{""CPU"": ""Intel Core i5 1135G7 Processor"", ""Graphics"": ""Integrated Intel IRIS Xe Graphics"", ""Memory"": ""8GB DDR4 3200MHz SDRAM Onboard memory"", ""Display"": ""15.6-inch (16:9) LED-backlit Full-HD (1920 x 1080 pixels) 60Hz Anti-Glare Panel with 45% NTSC"", ""Connections"": ""1 x COMBO audio jack 1 x Type-C USB 3.2 (Gen 1) 1 x Type-A USB 3.2 (Gen 1) 2 x Type-A USB2.0 1 x HDMI 1 x micro SD card"", ""Networking"": ""Integrated Wi-Fi 6 (802.11 ax (2x2))"", ""Storage"": ""512GB PCIe Gen3 x2 SSD M.2"", ""Sizeheight x width x depth"": ""359 x 235 x 17.9 mm (WxDxH)"", ""Battery"": ""3 -Cell 42 Wh Battery"", ""CameraWebcam"": ""720p"", ""Weight"": ""1.7 Kg"", ""Keyboard and Touchpad"": ""Illuminated chiclet keyboard"", ""Audio"": ""Supports Windows 10 Cortana with Voice Harman Kardon"", ""Included in the Box"": ""Asus VivoBook 15 K513EA Power adaptor with power cord (65W)"", ""Asus VivoBook 15 K513EA Price in Nepal"": ""Rs. 105,000""}"
https://hexxone.com/laptops-by-brand/asus/asus-vivobook-15-k513eq-i5-11th-gen-16gb-ram-1tb-ssd-nvidia-mx350-2gb-156-inch-fhd-display-in-nepal?limit=30,Asus VivoBook 15 K513EQ i5 11th Gen - 16GB RAM - 1TB SSD - NVIDIA MX350 2GB - 15.6-inch FHD display in Nepal,"NPR 98,500.00",Availability: Out Of Stock,"Model: Asus VivoBook 15 K513EQ | Processor: Intel® Core™ i5-1135G7 Processor 2.4 GHz (8M Cache, up to 4.2 GHz, 4 cores) | Graphics: NVIDIA GeForce MX350, 2GB GDDR5 | RAM: 16 GB RAM | Storage: 1TB SSD | Display: 15.6-inch FHD | 2 Years Warranty & Genuine Windows 11 Home","{""CPU"": ""Intel Core i5 1135G7 Processor"", ""Graphics"": ""NVIDIA GeForce MX350 2GB"", ""Memory"": ""16GB DDR4 3200MHz SDRAM Onboard memory"", ""Display"": ""15.6-inch (16:9) LED-backlit Full-HD (1920 x 1080 pixels) 60Hz Anti-Glare Panel with 45% NTSC"", ""Connections"": ""1 x COMBO audio jack 1 x Type-C USB 3.2 (Gen 1) 1 x Type-A USB 3.2 (Gen 1) 2 x Type-A USB2.0 1 x HDMI 1 x micro SD card"", ""Networking"": ""Integrated Wi-Fi 6 (802.11 ax (2x2))"", ""Storage"": ""1TB PCIe Gen3 x2 SSD M.2"", ""Sizeheight x width x depth"": ""359 x 235 x 17.9 mm (WxDxH)"", ""Battery"": ""3 -Cell 42 Wh Battery"", ""CameraWebcam"": ""720p"", ""Weight"": ""1.7 Kg"", ""Keyboard and Touchpad"": ""Illuminated chiclet keyboard"", ""Audio"": ""Supports Windows 10 Cortana with Voice Harman Kardon"", ""Included in the Box"": ""Asus VivoBook 15 K513EA Power adaptor with power cord (65W)"", ""Asus VivoBook 15 K513EQ Price in Nepal"": ""Rs. 110,000""}"
https://hexxone.com/laptops-by-brand/asus/asus-vivobook-15x-oled-2023-k3504va-i7-1360p-16gb-ram-1tb-ssd-156-inch-fhd1920-x-1080-oled-backlight-keyboard-finger-print-2-years-warranty-in-nepal?limit=30,"Asus VivoBook 15X OLED 2023 K3504VA i7 1360P - 16GB RAM - 1TB SSD - 15.6-inch, FHD(1920 X 1080) OLED - Backlight Keyboard - Finger Print - 2 Years Warranty in Nepal","NPR 137,500.00",Availability: Out Of Stock,"Model: Asus VivoBook 15X OLED 2023 K3504VA | Processor: Intel® Core™ i7-1360P Processor | RAM: 16 GB RAM | Storage: 1TB SSD | Display: 15.6-inch, FHD (1920 x 1080) OLED | 2 Years Warranty & Genuine Windows 11 Home","{""Brand"": ""Asus"", ""Series"": ""VivoBook Series"", ""Model"": ""Asus VivoBook 15X OLED 2023 K3504VA"", ""Type"": ""Budget Notebook"", ""Processor"": ""Intel® Core™ i7-1360P Processor 2.2 GHz (18MB Cache, up to 5.0 GHz, 12 cores, 16 Threads)"", ""Graphics"": ""Intel Iris Xᵉ Graphics"", ""RAM"": ""6GB DDR4 Ram 8GB DDR4 on board 8GB DDR4 SO-DIMM"", ""Display"": ""15.6-inch, FHD (1920 x 1080) OLED 16:9 aspect ratio, 0.2ms response time, 120Hz refresh rate, 400nits, 550nits HDR peak brightness, 100% DCI-P3 color gamut, 1,000,000:1, VESA CERTIFIED Display HDR True Black 500, 1.07 billion colors, PANTONE Validated, Glossy display, 70% less harmful blue light, TÜV Rheinland-certified, Non-touch screen, (Screen-to-body ratio)84%"", ""Connections"": ""1x USB 2.0 Type-A 1x USB 3.2 Gen 1 Type-C support power delivery 2x USB 3.2 Gen 1 Type-A 1x HDMI 1.4 1x 3.5mm Combo Audio Jack 1x Headphone/Headset 1x DC-in"", ""Networking"": ""Wi-Fi 6E(802.11ax) (Dual band) 1*1 + Bluetooth® 5.3 Wireless Card (*Bluetooth® version may change with OS version different.)"", ""Storage"": ""512GB SSD"", ""Size: Height x width x depth"": ""35.97 x 23.25 x 1.79 ~ 1.79 cm (14.16\"" x 9.15\"" x 0.70\"" ~ 0.70\"")"", ""Battery"": ""50WHrs, 3S1P, 3-cell Li-ion"", ""Military Grade"": ""US MIL-STD 810H military-grade standard"", ""camera webcam"": ""720p"", ""Weight"": ""1.60 kg (3.53 lbs)"", ""Keyboard and Touchpad"": ""Backlit Chiclet Keyboard, 1.4mm Key-travel, Precision Touchpad, Support NumberPad"", ""Expansion Slots"": ""1x DDR4 SO-DIMM slot 1x M.2 2280 PCIe 4.0x4"", ""Audio"": ""SonicMaster Built-in speaker Built-in array microphone with Cortana and Alexa voice-recognition support"", ""Asus VivoBook 15X OLED 2023 K3504VA Price in Nepal"": ""Rs. 1,38,000/-""}"
https://hexxone.com/laptops-by-brand/asus/asus-vivobook-16-2024-x1605vap-14th-gen-core-7-16gb-ram-1tb-ssd-16-inch-fhd-display-backlight-keyboard-magic-numpad-2-years-warranty-in-nepal?limit=30,Asus VivoBook 16 2024 X1605VAP 14th Gen Core 7 - 16GB RAM - 1TB SSD - 16-inch FHD display - Backlight Keyboard - Magic NumPad - 2 Years Warranty in Nepal,"NPR 137,500.00",Availability: Out Of Stock,"Model: Asus VivoBook 16 2024 X1605VAP | Processor: Intel® Core™ 7 Processor 150U | RAM: 16 GB RAM | Storage: 1TB SSD | Display: 16-inch, FHD (1920 x 1080) | 2 Years Warranty & Genuine Windows 11 Home","{""Brand"": ""Asus"", ""Series"": ""VivoBook Series"", ""Model"": ""Asus VivoBook 16 2024 X1605VAP"", ""Type"": ""Budget Notebook"", ""Processor"": ""Intel® Core™ 7 Processor 150U 1.8 GHz (12MB Cache, up to 5.4 GHz, 10 cores, 12 Threads)"", ""Graphics"": ""Intel® Graphics"", ""RAM"": ""16GB DDR4 on board, Total system memory upgradeable to:16GB"", ""Display"": ""16.0-inch, WUXGA (1920 x 1200) 16:10 aspect ratio, LED Backlit, 60Hz refresh rate, 300nits, 45% NTSC color gamut, Anti-glare display, TÜV Rheinland-certified, Non-touch screen, (Screen-to-body ratio)86%"", ""Connections"": ""1x USB 2.0 Type-A 1x USB 3.2 Gen 1 Type-C 2x USB 3.2 Gen 1 Type-A 1x HDMI 1.4 1x 3.5mm Combo Audio Jack 1x DC-in"", ""Networking"": ""Wi-Fi 6(802.11ax) (Dual band) 1*1 + Bluetooth® 5.2 Wireless Card"", ""Storage"": ""1TB M.2 NVMe™ PCIe® 4.0 SSD"", ""Expansion Slots (includes used)"": ""1x DDR4 SO-DIMM slot 1x M.2 2280 PCIe 4.0x4"", ""Size: Height x width x depth"": ""35.87 x 24.95 x 1.99 ~ 1.99 cm (14.12\"" x 9.82\"" x 0.78\"" ~ 0.78\"")"", ""Battery"": ""42WHrs, 3S1P, 3-cell Li-ion"", ""Military Grade"": ""US MIL-STD 810H military-grade standard"", ""camera webcam"": ""720p"", ""Weight"": ""1.88 Kg"", ""Keyboard and Touchpad"": ""Backlit Chiclet Keyboard, 1.4mm Key-travel, Precision Touchpad, Support NumberPad"", ""Audio"": ""SonicMaster Built-in speaker Built-in array microphone with Cortana and Alexa voice-recognition support"", ""Asus VivoBook 16 2024 X1605VAP Price in Nepal"": ""Rs. 138000/-""}"
https://hexxone.com/laptops-by-brand/asus/asus-vivobook-go-e1404-2023-ryzen-3-7320-8gb-ram-512gb-ssd-14-inch-fhd-display-magic-numpad?limit=30,ASUS Vivobook Go E1404 2023 Ryzen 3 7320 - 8GB RAM - 512GB SSD - 14-inch FHD display - Magic NumPad,"NPR 62,500.00",Availability: Out Of Stock,Model: Asus VivoBook Go E1404 | Processor: AMD Ryzen™ 3 7320U Mobile Processor | RAM: 8 GB RAM | Storage: 512GB SSD | Display: 14-inch FHD | 2 Years Warranty & Genuine Windows 11 Home,"{""Brand"": ""Asus"", ""Series"": ""VivoBook Series"", ""Model"": ""Asus VivoBook Go E1404"", ""Type"": ""Budget Notebook"", ""Processor"": ""AMD Ryzen™ 3 7320U Mobile Processor (4-core/8-thread, 4MB cache, up to 4.1 GHz max boost)"", ""Graphics"": ""AMD Radeon™ Graphics"", ""RAM"": ""8GB LPDDR5 on board"", ""Display"": ""14-inch, FHD (1920 x 1080) 16:9 aspect ratio, IPS-level Panel, LED Backlit, 250nits, 45% NTSC color gamut for non-OLED, Anti-glare display, Screen-to-body ratio: 82%"", ""Connections"": ""1x USB 2.0 Type-A 1x USB 3.2 Gen 1 Type-A 1x USB 3.2 Gen 1 Type-C 1x HDMI 1.4 1x 3.5mm Combo Audio Jack 1x DC-in"", ""Networking"": ""Wi-Fi 5(802.11ac) (Dual band) 1*1 + Bluetooth® 5.1 Wireless Card"", ""Storage"": ""512GB SSD"", ""Size: Height x width x depth"": ""32.45 x 21.39 x 1.79 ~ 1.79 cm (12.78\"" x 8.42\"" x 0.70\"" ~ 0.70\"")"", ""Battery"": ""42WHrs, 3S1P, 3-cell Li-ion"", ""Camera Webcam"": ""720p"", ""Weight"": ""1.38 Kg"", ""Keyboard and Touchpad"": ""Chiclet Keyboard, 1.4mm Key-travel, Precision Touchpad, Support NumberPad"", ""Asus VivoBook Go E1404 2023 Price in Nepal"": ""Rs. 63000""}"
https://hexxone.com/laptops-by-brand/asus/asus-vivobook-go-e1404-2023-ryzen-5-7520-8gb-ram-512gb-ssd-14-inch-fhd-display-magic-numpad?limit=30,ASUS Vivobook Go E1404 2023 Ryzen 5 7520 - 8GB RAM - 512GB SSD - 14-inch FHD display - Magic NumPad,"NPR 74,500.00",Availability: Out Of Stock,"MPN : E1404FA-NK287W | Model: Asus Vivobook Go E1404FA | Processor: AMD Ryzen™ 5 7520U | RAM: 8GB DDR5 . Storage: 512GB SSD | Display: 14"" FHD (1920 x 1080) | Graphics: AMD Radeon™ Graphics | Features: Magic Numpad","{""Brand"": ""Asus"", ""Series"": ""VivoBook Series"", ""Model"": ""Asus VivoBook Go E1404"", ""Type"": ""Budget Notebook"", ""Processor"": ""AMD Ryzen™ 5 7520U Mobile Processor (4-core/8-thread, 4MB cache, up to 4.3 GHz max boost)"", ""Graphics"": ""AMD Radeon™ Graphics"", ""RAM"": ""8GB LPDDR5 on board"", ""Display"": ""14-inch, FHD (1920 x 1080) 16:9 aspect ratio, IPS-level Panel, LED Backlit, 250nits, 45% NTSC color gamut for non-OLED, Anti-glare display, Screen-to-body ratio: 82%"", ""Connections"": ""1x USB 2.0 Type-A 1x USB 3.2 Gen 1 Type-A 1x USB 3.2 Gen 1 Type-C 1x HDMI 1.4 1x 3.5mm Combo Audio Jack 1x DC-in"", ""Networking"": ""Wi-Fi 5(802.11ac) (Dual band) 1*1 + Bluetooth® 5.1 Wireless Card"", ""Storage"": ""512GB SSD"", ""Size: Height x width x depth"": ""32.45 x 21.39 x 1.79 ~ 1.79 cm (12.78\"" x 8.42\"" x 0.70\"" ~ 0.70\"")"", ""Battery"": ""42WHrs, 3S1P, 3-cell Li-ion"", ""Camera Webcam"": ""720p"", ""Weight"": ""1.38 Kg"", ""Keyboard and Touchpad"": ""Chiclet Keyboard, 1.4mm Key-travel, Precision Touchpad, Support NumberPad"", ""Asus VivoBook Go E1404 2023 Price in Nepal"": ""Rs. 78000""}"
https://hexxone.com/laptops-by-brand/asus/asus-vivobook-s-14-flip-2022-tp3402va-i7-13h-gen-13700h-16gb-ram-1tb-ssd-14-inch-fhd-2-in-1-backlit-kb-magic-numpad?limit=30,Asus VivoBook S 14 Flip 2022 TP3402VA I7 13H GEN 13700H - 16GB RAM - 1TB SSD - 14-inch FHD 2-in-1 - Backlit KB - Magic NumPad,"NPR 153,500.00",Availability: Out Of Stock,"Model: Asus VivoBook  14 Flip | Processor: Intel® Core™ i7-13700H Processor 2.4 GHz (24MB Cache, up to 5.0 GHz, 14 cores, 20 Threads) | RAM: 16GB RAM | Storage: 1TB SSD | Display: 14-inch | 2 Years Warranty & Genuine Windows 11 Home","{""Brand"": ""Asus"", ""Series"": ""VivoBook Series"", ""Model"": ""Asus VivoBook  14 Flip  2023 TP3402VA"", ""Type"": ""Ultrabook"", ""Processor"": ""Intel® Core™ i7-13700H Processor 2.4 GHz (24MB Cache, up to 5.0 GHz, 14 cores, 20 Threads)"", ""Graphics"": ""Intel Iris Xe Graphics"", ""RAM"": ""16GB DDR4 SO-DIMM, Total system memory upgradeable to:16GB"", ""Display"": ""14.0-inch, WUXGA (1920 x 1200) 16:10 aspect ratio, IPS-level Panel, 300nits, 45% NTSC color gamut for non-OLED, Glossy display, TÜV Rheinland-certified, Touch screen, With stylus support, Screen-to-body ratio: 85 ％"", ""Connections"": ""1x USB 2.0 Type-A 1x USB 3.2 Gen 2 Type-A 1x Thunderbolt™ 4 supports display/power delivery 1x HDMI 2.1 TMDS 1x 3.5mm Combo Audio Jack 1x DC-in"", ""Networking"": ""Wi-Fi 6(802.11ax) (Dual band) 2*2 + Bluetooth 5"", ""Storage"": ""1TB M.2 NVMe™ PCIe® 4.0 SSD"", ""Size height x width x depth"": ""31.32 x 22.76 x 1.89 ~ 1.89 cm (12.33\"" x 8.96\"" x 0.74\"" ~ 0.74\"")"", ""Battery"": ""50WHrs, 3S1P, 3-cell Li-ion"", ""camera webcam"": ""1080p FHD camera With privacy shutter"", ""Weight"": ""1.5 Kg"", ""Keyboard and Touchpad"": ""Backlit Chiclet Keyboard, 1.4mm Key-travel, Support NumberPad"", ""Expansion Slots"": ""1x DDR4 SO-DIMM slot 1x M.2 2280 PCIe 3.0x4"", ""Audio"": ""Smart Amp Technology Built-in array microphone Harman/Kardon (Mainstream) with Cortana and Alexa voice-recognition support"", ""Included in the BOX"": ""Sleeve Palmrest"", ""Asus VivoBook S 14 Flip 2023 Price in Nepal"": ""Rs. 154000 (i7 Variant)""}"
https://hexxone.com/laptops-by-brand/asus/asus-vivobook-s-14-flip-2023-tn3402ya-ryzen-5-7430u-8gb-ram-512gb-ssd-14-inch-fhd-2-in-1-touch-display-active-stylus-backlit-kb-magic-numpad-2-years-warranty-in-nepal?limit=30,Asus VivoBook S 14 Flip 2023 TN3402YA Ryzen 5 7430U - 8GB RAM - 512GB SSD - 14-inch FHD 2-in-1 Touch display - Active Stylus - Backlit KB - Magic NumPad - 2 Years Warranty in Nepal,"NPR 108,400.00",Availability: Out Of Stock,"Model :  Asus VivoBook S 14 Flip 2023 TN3402YA | Processor : AMD Ryzen™ 5 7430U Processor 2.3GHz (19MB Cache, up to 4.3GHz, 8 cores, 12 Threads) | RAM : 8GB DDR4 | Storage : 512GB SSD | Display : 14.0-inch, WUXGA (1920 x 1200) 360 TOUCH | 2 Years Warranty & Genuine Windows 11 Home","{""Brand"": ""Asus"", ""Series"": ""VivoBook Series"", ""Model"": ""Asus VivoBook S 14 Flip 2023 TN3402YA"", ""Type"": ""Ultrabook"", ""Processor"": ""AMD Ryzen™ 5 7430U Processor 2.3GHz (19MB Cache, up to 4.3GHz, 8 cores, 12 Threads)"", ""Graphics"": ""AMD Radeon™ Graphics"", ""RAM"": ""8GB DDR4 on board, Total system memory upgradeable to:16GB"", ""Display"": ""14.0-inch, WUXGA (1920 x 1200) 16:10 aspect ratio, IPS-level Panel, LED Backlit, 60Hz refresh rate, 300nits, 45% NTSC color gamut, Glossy display, TÜV Rheinland-certified, Touch screen, (Screen-to-body ratio)85%, With stylus support"", ""Connections"": ""1x USB 2.0 Type-A 1x USB 3.2 Gen 2 Type-A 1x USB 3.2 Gen 2 Type-C support display / power delivery 1x HDMI 2.1 TMDS 1x 3.5mm Combo Audio Jack 1x DC-in"", ""Networking"": ""Wi-Fi 6E(802.11ax) (Dual band) 2*2 + Bluetooth® 5.3"", ""Storage"": ""512GB M.2 NVMe™ PCIe® 3.0 SSD"", ""Expansion Slots (includes used)"": ""1x DDR4 SO-DIMM slot 1x M.2 2280 PCIe 3.0x4"", ""Size height x width x depth"": ""31.32 x 22.76 x 1.89 ~ 1.89 cm (12.33\"" x 8.96\"" x 0.74\"" ~ 0.74\"")"", ""Battery"": ""50WHrs, 3S1P, 3-cell Li-ion"", ""camera webcam"": ""1080P"", ""Weight"": ""1.50 kg (3.31 lbs)"", ""Keyboard and Touchpad"": ""Backlit Chiclet Keyboard, 1.4mm Key-travel, Support NumberPad"", ""Expansion Slots"": ""1x DDR4 SO-DIMM slot 1x M.2 2280 PCIe 3.0x4"", ""Audio"": ""Smart Amp Technology Built-in array microphone Harman/Kardon (Mainstream) with Cortana and Alexa voice-recognition support"", ""Included in the BOX"": ""Sleeve Palmrest Stylus (ASUS Pen 2.0 SA203H-MPP2.0 support)"", ""Asus VivoBook S 14 Flip 2024 Ryzen 5 7430U Price in Nepal"": ""Rs. 1,08,900/-  ( Ryzen 5 7430U Varient )""}"
https://hexxone.com/laptops-by-brand/asus/asus-vivobook-s-14-flip-2023-tn3402ya-ryzen-7-7730u-8gb-ram-512gb-ssd-14-inch-fhd-2-in-1-touch-display-active-stylus-backlit-kb-magic-numpad-2-years-warranty-in-nepal?limit=30,Asus VivoBook S 14 Flip 2023 TN3402YA Ryzen 7 7730U - 8GB RAM - 512GB SSD - 14-inch FHD 2-in-1 Touch display - Active Stylus - Backlit KB - Magic NumPad - 2 Years Warranty in Nepal,"NPR 123,500.00",Availability: Out Of Stock,"Model :  Asus VivoBook S 14 Flip 2023 TN3402YA | Processor : AMD Ryzen™ 7 7730U Processor 2.0GHz | RAM : 8GB DDR4 | Storage : 512GB SSD | Display : 14.0-inch, WUXGA (1920 x 1200) 360 TOUCH | 2 Years Warranty & Genuine Windows 11 Home","{""Brand"": ""Asus"", ""Series"": ""VivoBook Series"", ""Model"": ""Asus VivoBook S 14 Flip 2023 TN3402YA"", ""Type"": ""Ultrabook"", ""Processor"": ""AMD Ryzen™ 7 7730U Processor 2.0GHz (20MB Cache, up to 4.5 GHz, 8 cores, 16 Threads)"", ""Graphics"": ""AMD Radeon™ Graphics"", ""RAM"": ""8GB DDR4 on board, Total system memory upgradeable to:16GB"", ""Display"": ""14.0-inch, WUXGA (1920 x 1200) 16:10 aspect ratio, IPS-level Panel, LED Backlit, 60Hz refresh rate, 300nits, 45% NTSC color gamut, Glossy display, TÜV Rheinland-certified, Touch screen, (Screen-to-body ratio)85%, With stylus support"", ""Connections"": ""1x USB 2.0 Type-A 1x USB 3.2 Gen 2 Type-A 1x USB 3.2 Gen 2 Type-C support display / power delivery 1x HDMI 2.1 TMDS 1x 3.5mm Combo Audio Jack 1x DC-in"", ""Networking"": ""Wi-Fi 6E(802.11ax) (Dual band) 2*2 + Bluetooth® 5.3"", ""Storage"": ""512GB M.2 NVMe™ PCIe® 3.0 SSD"", ""Expansion Slots (includes used)"": ""1x DDR4 SO-DIMM slot 1x M.2 2280 PCIe 3.0x4"", ""Size height x width x depth"": ""31.32 x 22.76 x 1.89 ~ 1.89 cm (12.33\"" x 8.96\"" x 0.74\"" ~ 0.74\"")"", ""Battery"": ""50WHrs, 3S1P, 3-cell Li-ion"", ""camera webcam"": ""1080P"", ""Weight"": ""1.50 kg (3.31 lbs)"", ""Keyboard and Touchpad"": ""Backlit Chiclet Keyboard, 1.4mm Key-travel, Support NumberPad"", ""Expansion Slots"": ""1x DDR4 SO-DIMM slot 1x M.2 2280 PCIe 3.0x4"", ""Audio"": ""Smart Amp Technology Built-in array microphone Harman/Kardon (Mainstream) with Cortana and Alexa voice-recognition support"", ""Included in the BOX"": ""Sleeve Palmrest Stylus (ASUS Pen 2.0 SA203H-MPP2.0 support)"", ""Asus VivoBook S 14 Flip 2023 Ryzen 7 7730U Price in Nepal"": ""Rs. 1,24,000/-  ( Ryzen 7 7730U Varient )""}"
https://hexxone.com/laptops-by-brand/asus/asus-vivobook-s-14-flip-2023-tp3402va-core-i5-13500h-8gb-ram-512gb-ssd-14-inch-fhd-2-in-1-touch-display-2-years-warranty-in-nepal?limit=30,Asus VivoBook S 14 Flip 2023 TP3402VA Core i5 13500H - 8GB RAM - 512GB SSD - 14-inch FHD 2-in-1 Touch display - 2 Years Warranty in Nepal,"NPR 119,500.00",Availability: Out Of Stock,"Model :  Asus VivoBook S 14 Flip 2023 TP3402VA | Processor : Intel® Core™ i5-13500H  Processor | RAM : 8GB DDR4 | Storage : 512GB SSD | Display : 14.0-inch, WUXGA (1920 x 1200) 360 TOUCH | 2 Years Warranty & Genuine Windows 11 Home","{""Brand"": ""Asus"", ""Series"": ""VivoBook Series"", ""Model"": ""Asus VivoBook S 14 Flip 2023 TP3402VA"", ""Type"": ""Ultrabook"", ""Processor"": ""Intel® Core™ i5-13500H Processor 2.6 GHz (18MB Cache, up to 4.7 GHz, 12 cores, 16 Threads)"", ""Graphics"": ""Intel® Iris® Xe graphics"", ""RAM"": ""8GB DDR4 on board, Total system memory upgradeable to:16GB"", ""Display"": ""14.0-inch, WUXGA (1920 x 1200) 16:10 aspect ratio, IPS-level Panel, 300nits, 45% NTSC color gamut for non-OLED, Glossy display, TÜV Rheinland-certified, Touch screen, With stylus support, Screen-to-body ratio: 85 ％"", ""Connections"": ""1x USB 2.0 Type-A 1x USB 3.2 Gen 2 Type-A 1x USB 3.2 Gen 2 Type-C support display / power delivery 1x HDMI 2.1 TMDS 1x 3.5mm Combo Audio Jack 1x DC-in"", ""Networking"": ""Wi-Fi 6E(802.11ax) (Dual band) 2*2 + Bluetooth® 5.3"", ""Storage"": ""512GB SSD"", ""Size height x width x depth"": ""31.32 x 22.76 x 1.89 ~ 1.89 cm (12.33\"" x 8.96\"" x 0.74\"" ~ 0.74\"")"", ""Battery"": ""50WHrs, 3S1P, 3-cell Li-ion"", ""camera webcam"": ""1080P"", ""Weight"": ""1.5 Kg"", ""Keyboard and Touchpad"": ""Backlit Chiclet Keyboard, 1.4mm Key-travel, Support NumberPad"", ""Expansion Slots"": ""1x DDR4 SO-DIMM slot 1x M.2 2280 PCIe 3.0x4"", ""Audio"": ""Smart Amp Technology Built-in array microphone Harman/Kardon (Mainstream) with Cortana and Alexa voice-recognition support"", ""Included in the BOX"": ""Sleeve Palmrest"", ""Asus VivoBook S 14 Flip 2023 Price in Nepal"": ""Rs. 120,000 ( i5 13500H Varient )""}"
https://hexxone.com/laptops-by-brand/asus/asus-vivobook-s-14-flip-2023-tp3402va-core-i9-13900h-16gb-ram-1tb-ssd-14-inch-fhd-2-in-1-touch-display-2-years-warranty-in-nepal?limit=30,Asus VivoBook S 14 Flip 2023 TP3402VA Core i9 13900H - 16GB RAM - 1TB SSD - 14-inch FHD 2-in-1 Touch display - 2 Years Warranty in Nepal,"NPR 164,500.00",Availability: Out Of Stock,"Model :  Asus VivoBook S 14 Flip 2023 TP3402VA | Processor : Intel® Core™ i9-13900H  Processor | RAM : 16GB DDR4 | Storage : 1TB SSD | Display : 14.0-inch, WUXGA (1920 x 1200) 360 TOUCH | 2 Years Warranty & Genuine Windows 11 Home","{""Brand"": ""Asus"", ""Series"": ""VivoBook Series"", ""Model"": ""Asus VivoBook S 14 Flip 2023 TP3402VA"", ""Type"": ""Ultrabook"", ""Processor"": ""Intel® Core™ i9-13900H Processor 2.6 GHz (24MB Cache, up to 5.4 GHz, 14 cores, 20 Threads)"", ""Graphics"": ""Intel® Iris® Xe graphics"", ""RAM"": ""8GB DDR4 on board, Total system memory upgradeable to:16GB"", ""Display"": ""14.0-inch, WUXGA (1920 x 1200) 16:10 aspect ratio, IPS-level Panel, 300nits, 45% NTSC color gamut for non-OLED, Glossy display, TÜV Rheinland-certified, Touch screen, With stylus support, Screen-to-body ratio: 85 ％"", ""Connections"": ""1x USB 2.0 Type-A 1x USB 3.2 Gen 2 Type-A 1x USB 3.2 Gen 2 Type-C support display / power delivery 1x HDMI 2.1 TMDS 1x 3.5mm Combo Audio Jack 1x DC-in"", ""Networking"": ""Wi-Fi 6E(802.11ax) (Dual band) 2*2 + Bluetooth® 5.3"", ""Storage"": ""1TB M.2 NVMe™ PCIe® 3.0 SSD"", ""Expansion Slots (includes used)"": ""1x DDR4 SO-DIMM slot 1x M.2 2280 PCIe 3.0x4"", ""Size height x width x depth"": ""31.32 x 22.76 x 1.89 ~ 1.89 cm (12.33\"" x 8.96\"" x 0.74\"" ~ 0.74\"")"", ""Battery"": ""70WHrs, 3S1P, 3-cell Li-ion"", ""camera webcam"": ""1080P"", ""Weight"": ""1.5 Kg"", ""Keyboard and Touchpad"": ""Backlit Chiclet Keyboard, 1.4mm Key-travel, Support NumberPad"", ""Expansion Slots"": ""1x DDR4 SO-DIMM slot 1x M.2 2280 PCIe 3.0x4"", ""Audio"": ""Smart Amp Technology Built-in array microphone Harman/Kardon (Mainstream) with Cortana and Alexa voice-recognition support"", ""Included in the BOX"": ""Sleeve Palmrest"", ""Asus VivoBook S 14 Flip 2023 i9 13900H Price in Nepal"": ""Rs. 1,54,000/- ( i9 13900H Varient )""}"
https://hexxone.com/laptops-by-brand/asus/asus-vivobook-s-16-oled-s5606ma-2024-intel-core-ultra-9-185h-processor-intel-iris-16gb-ram-1tb-ssd-16-inch-oled-32k-display-in-nepal?limit=30,Asus Vivobook S 16 OLED S5606MA 2024 Intel Core Ultra 9 185H Processor - Intel Iris - 16GB RAM - 1TB SSD - 16-inch OLED 3.2K display in Nepal,"NPR 205,500.00",Availability: Out Of Stock,"Model:  Asus Vivobook S 16 OLED S5606MA 2024 | Processor: Intel® Core™ Ultra 9 Processor 185H 2.3 GHz (24MB Cache, up to 5.1 GHz, 16 cores, 22 Threads) | RAM: 16GB LPDDR5 on board | Storage: 1TB SSD | Display: 16-inch, 3.2K (3200 x 2000) OLED | 2 Years Warranty & Genuine Windows 11 Home","{""Brand"": ""ASUS"", ""CPU"": ""Intel® Core™ Ultra 9 Processor 185H 2.3 GHz (24MB Cache, up to 5.1 GHz, 16 cores, 22 Threads); Intel® AI Boost NPU"", ""Graphics"": ""Intel® Arc™ Graphics"", ""Memory"": ""16GB LPDDR5X on board"", ""Display"": ""16.0-inch, 3.2K (3200 x 2000) OLED 16:10 aspect ratio, 120Hz refresh rate, 400nits, 600nits HDR peak brightness, 100% DCI-P3 color gamut, 1,000,000:1, VESA CERTIFIED Display HDR True Black 600, 1.07 billion colors, Glossy display, 70% less harmful blue light, TÜV Rheinland-certified, Non-touch screen, (Screen-to-body ratio) 89%"", ""Type"": ""Content Creating Laptop"", ""Connections"": ""2x USB 3.2 Gen 1 Type-A 2x Thunderbolt™ 4 supports display / power delivery 1x HDMI 2.1 TMDS 1x 3.5mm Combo Audio Jack Micro SD card reader"", ""Networking"": ""Wi-Fi 6E(802.11ax) (Triple band) 2*2 + Bluetooth® 5.3 Wireless Card (*Bluetooth® version may change with OS version different.)"", ""Storage"": ""1TB PCIe® 4.0 NVMe™ M.2 SSD"", ""Battery"": ""75WHrs, 4S1P, 4-cell Li-ion"", ""Keyboard"": ""Backlit Chiclet Keyboard with Num-key, 1.4mm Key-travel, Touchpad"", ""Weight"": ""1.5 KG"", ""Dimensions"": ""35.36 x 24.69 x 1.39 ~ 1.59 cm (13.92\"" x 9.72\"" x 0.55\"" ~ 0.63\"")"", ""Audio"": ""Smart Amp Technology Built-in array microphone harman/kardon (Mainstream) with Cortana and Alexa voice-recognition support"", ""Asus Vivobook S16 OLED 2024 Price in Nepal"": ""Rs. 208000""}"
https://hexxone.com/laptops-by-brand/asus/asus-vivobook-s14-oled-2024-s5406ma-intel-core-ultra-7-155h-16gb-ram-1tb-ssd-rgb-keyboard-14-inch-3k-oled-120hz-2-years-warranty-in-nepal?limit=30,Asus VivoBook S14 OLED 2024 S5406MA Intel Core Ultra 7 155H - 16GB RAM - 1TB SSD - RGB Keyboard - 14-inch 3K OLED 120Hz - 2 Years Warranty in Nepal,"NPR 179,500.00",Availability: Out Of Stock,"Model:  Asus VivoBook S14 OLED 2024 S5406MA | Processor: Intel® Core Ultra 7 155H | Keyboard: Single Zone RGB Backlight Keyboard | RAM: 16GB RAM LPDDR5 | Storage: 1TB SSD | Display: 14.0-inch, 3K OLED | 2 Years Warranty & Genuine Windows 11 Home","{""Brand"": ""ASUS"", ""CPU"": ""Intel® Core™ Ultra 7 Processor 155H 1.4 GHz (24MB Cache, up to 4.8 GHz, 16 cores, 22 Threads); Intel® AI Boost NPU"", ""Graphics"": ""Intel® Arc™ Graphics"", ""Memory"": ""16GB LPDDR5X on board"", ""Display"": ""14.0-inch, 3K (2880 x 1800) OLED 16:10 aspect ratio, 120Hz refresh rate, 400nits, 600nits HDR peak brightness, 100% DCI-P3 color gamut, 1,000,000:1, VESA CERTIFIED Display HDR True Black 600, 1.07 billion colors, Glossy display, 70% less harmful blue light, Non-touch screen, (Screen-to-body ratio)87%"", ""Type"": ""Ultrabook"", ""Connections"": ""2x USB 3.2 Gen 1 Type-A 2x Thunderbolt™ 4 supports display / power delivery 1x HDMI 2.1 TMDS 1x 3.5mm Combo Audio Jack Micro SD card reader"", ""Networking"": ""Wi-Fi 6E(802.11ax) (Dual band) 2*2 + Bluetooth® 5.3 Wireless Card (*Bluetooth® version may change with OS version different.)"", ""Storage"": ""1TB M.2 NVMe™ PCIe® 4.0 SSD"", ""Camera"": ""FHD camera with IR function to support Windows Hello With privacy shutter"", ""Battery"": ""75WHrs, 4S1P, 4-cell Li-ion"", ""Keyboard"": ""Backlit Chiclet Keyboard 1-Zone RGB without Num-key, 1.7mm Key-travel, Precision touchpad, With Copilot key *Copilot in Windows (in preview) is rolling out gradually within the latest update to Windows 11 in select global markets. Timing of availability varies by device and market. Learn more: https://www.microsoft.com/en-us/windows/copilot-ai-features?r=1#faq"", ""Weight"": ""1.30 kg (2.87 lbs)"", ""Dimentions"": ""31.05 x 22.19 x 1.39 ~ 1.59 cm (12.22\"" x 8.74\"" x 0.55\"" ~ 0.63\"")"", ""Audio"": ""Smart Amp Technology Built-in speaker Built-in microphone Built-in array microphone harman/kardon (Mainstream)"", ""Military Grade"": ""US MIL-STD 810H military-grade standard"", ""Asus VivoBook S14 OLED 2024 S5406MA  Price in Nepal"": ""Rs. 186,000/-""}"
https://hexxone.com/laptops-by-brand/asus/asus-vivobook-s15-oled-2024-s5507qa-snapdragon-x-elite-x1e-78-100-processor-16gb-ram-1tb-ssd-rgb-keyboard-156-inch-3k-oled-120hz-2-years-warranty-in-nepal?limit=30,Asus VivoBook S15 OLED 2024 S5507QA Snapdragon® X Elite X1E 78 100 Processor - 16GB RAM - 1TB SSD - RGB Keyboard - 15.6-inch 3K OLED 120Hz - 2 Years Warranty in Nepal,"NPR 198,500.00",Availability: Out Of Stock,"Model:  Asus VivoBook S15 OLED 2024 S5507QA | Processor: Snapdragon® X Elite X1E 78 100 Processor 3.4GHz | Keyboard: Single Zone RGB Backlight Keyboard | RAM: 16GB RAM LPDDR5 | Storage: 1TB SSD | Display: 15.6.0-inch, 3K OLED | 2 Years Warranty & Genuine Windows 11 Home","{""Brand"": ""ASUS"", ""CPU"": ""Snapdragon® X Elite X1E 78 100 Processor 3.4GHz (42MB Cache, up to 3.4GHz, 12 cores, 12 Threads); Qualcomm® AI Engine up to 75 total TOPs"", ""Graphics"": ""Qualcomm® Adreno™ GPU"", ""Memory"": ""16GB LPDDR5X on board"", ""Display"": ""15.6-inch, 3K (2880 x 1620) OLED 16:9 aspect ratio, 0.2ms response time, 120Hz refresh rate, 600nits HDR peak brightness, 100% DCI-P3 color gamut, 1,000,000:1, VESA CERTIFIED Display HDR True Black 600, 1.07 billion colors, Glossy display, 70% less harmful blue light, TÜV Rheinland-certified, SGS Eye Care Display, Non-touch screen, (Screen-to-body ratio)89%"", ""Type"": ""Ultrabook"", ""Connections"": ""2x USB 3.2 Gen 1 Type-A 2x USB 4.0 Gen 3 Type-C support display / power delivery 1x HDMI 2.1 TMDS 1x 3.5mm Combo Audio Jack Micro SD card reader"", ""Networking"": ""Wi-Fi 7(802.11be) (Tri-band)2*2 + Bluetooth® 5.4 Wireless Card"", ""Storage"": ""1TB M.2 NVMe™ PCIe® 4.0 SSD"", ""Camera"": ""FHD camera with IR function with privacy shutter"", ""Battery"": ""70WHrs, 3S1P, 3-cell Li-ion"", ""Keyboard"": ""Backlit Chiclet Keyboard 1-Zone RGB without Num-key, 1.7mm Key-travel, Precision touchpad, With Copilot key *Copilot in Windows (in preview) is rolling out gradually within the latest update to Windows 11 in select global markets. Timing of availability varies by device and market. Learn more: https://www.microsoft.com/en-us/windows/copilot-ai-features?r=1#faq"", ""Weight"": ""1.42 kg (3.13 lbs)"", ""Dimentions"": ""22.69 x 1.59 x 35.26"", ""Audio"": ""Smart Amp Technology Built-in speaker Built-in array microphone harman/kardon (Mainstream)"", ""Military Grade"": ""US MIL-STD 810H military-grade standard"", ""Asus VivoBook S15 OLED 2024 S5507QA Price in Nepal"": ""Rs. 209,000/-""}"
https://hexxone.com/laptops-by-brand/asus/asus-vivobook-x515ea-i3-11th-gen-4gb-256gb-156-inch-fhd-backlight-keyboard?limit=30,ASUS VIVOBOOK X515EA i3 11TH GEN - 4GB - 256GB - 15.6-inch FHD - Backlight Keyboard,"NPR 54,500.00",Availability: Out Of Stock,Model: Asus VivoBook 15 X515EA | Processor: Intel Core i3-1115G4 Processor | RAM: 4GB RAM | Storage: 256GB SSD | Display: 15.6-inch FHD | 2 Years Warranty & Genuine Windows 11 Home,"{""CPU"": ""Intel Core i3-1115G4 Processor 3.0 GHz (6M Cache, up to 4.1 GHz, 2 cores)"", ""Graphics"": ""Intel® Iris Xe Graphics,"", ""Memory"": ""4GB DDR4 on board, Memory Max Up to:16GB"", ""Display"": ""15.6-inch, FHD (1920 x 1080) 16:9, IPS-level Panel, Anti-glare display, LED Backlit, 250nits, NTSC: 45%, Screen-to-body ratio: 83 %"", ""Connections"": ""1x USB 3.2 Gen 1 Type-A 1x USB 3.2 Gen 1 Type-C 2x USB 2.0 Type-A 1x HDMI 1.4 1x 3.5mm Combo Audio Jack Micro SD card reader (on selected model)"", ""Networking"": ""Wi-Fi 5(802.11ac)+Bluetooth 4.1 (Dual band) 1*1"", ""Storage"": ""256GB SSD"", ""Sizeheight x width x depth"": ""36.00 x 23.50 x 1.99 ~ 1.99 cm (14.17\"" x 9.25\"" x 0.78\"" ~ 0.78\"")"", ""Battery"": ""37WHrs, 2S1P, 2-cell Li-ion"", ""CameraWebcam"": ""720p"", ""Weight"": ""1.8 kg"", ""Keyboard and Touchpad"": ""Chiclet keyboard Illuminated chiclet keyboard"", ""Audio"": ""Support Alexa Harman Kardon""}"
https://hexxone.com/laptops-by-brand/asus/asus-vivobook-x515ja-i7-10th-gen-8gb-ram-512gb-ssd-backlight-keyboard-14-inch-fhd?limit=30,ASUS VIVOBOOK X515JA i7 10TH GEN - 8GB RAM - 512GB SSD - BACKLIGHT KEYBOARD 14-inch FHD,"NPR 84,500.00",Availability: Out Of Stock,Model: Asus  VivoBook 14 X515JA | Processor: Intel Core™ i7-1065G7 Processor 1.3 GHz | RAM: 8GB RAM | Storage: 512GB SSD | Display: 14-inch FHD | 2 Years Warranty & Genuine Windows 11 Home,"{""CPU"": ""Intel® Core™ i7-1065G7 Processor 1.3 GHz (8M Cache, up to 3.9 GHz, 4 cores)"", ""Graphics"": ""Intel® UHD Graphics"", ""Memory"": ""8GB DDR4 on board"", ""Display"": ""35.56cm(14.0-inch), FHD (1920 x 1080) 16:9, Anti-glare display, LED Backlit, 220nits, NTSC: 45%"", ""Connections"": ""1x USB 3.2 Gen 1 Type-A 1x USB 3.2 Gen 1 Type-C 2x USB 2.0 Type-A 1x HDMI 1.4 1x 3.5mm Combo Audio Jack Micro SD card reader"", ""Networking"": ""Wi-Fi 5(802.11ac)+Bluetooth 4.1 (Dual band) 1*1"", ""Storage"": ""512GB SSD"", ""Sizeheight x width x depth"": ""36.02 x 23.49 x 1.99 ~ 1.99 cm (14.18\"" x 9.25\"" x 0.78\"" ~ 0.78\""))"", ""Battery"": ""2 -Cell 32 Wh Polymer Battery"", ""CameraWebcam"": ""720p"", ""Weight"": ""1.8 Kg"", ""Keyboard and Touchpad"": ""Keyboard Full-size backlit, with 1.4mm key travel Touchpad Intelligent palm-rejection; Precision touchpad (PTP) technology supports up to four-finger smart gestures"", ""Expantion Slots"": ""1x DDR4 SO-DIMM slot 1x M.2 2280 PCIe 3.0x2 1x STD 2.5” SATA HDD"", ""Audio"": ""SonicMaster Audio by ICEpower® Built-in speaker Built-in microphone with Cortana support""}"
https://hexxone.com/laptops-by-brand/asus/asus-zenbook-14-2023-um3402-ryzen-5-7530u-8gb-ram-512gb-ssd-14-inch-wqxga-display-backlit-keyboard?limit=30,Asus ZenBook 14 2023 UM3402 Ryzen 5 7530U - 8GB RAM - 512GB SSD - 14-inch WQXGA display - Backlit Keyboard,"NPR 107,500.00",Availability: Out Of Stock,Model:  Asus ZenBook 14 UX3402YA | Processor: AMD Ryzen 5 7530U Mobile Processor | RAM: 8GB LPDDR4X on board | Storage: 512GB SSD | Display: 14.0-inch | 2 Years Warranty & Genuine Windows 11 Home,"{""Brand"": ""Asus"", ""Series"": ""ZenBook Series"", ""Model"": ""Asus ZenBook 14 2023 UM3402YA"", ""Type"": ""Ultrabook"", ""Processor"": ""AMD Ryzen 5 7530U Mobile Processor (6-core/12-thread, 16MB cache, up to 4.3 GHz max boost)"", ""Graphics"": ""AMD Radeon Graphics"", ""RAM"": ""8GB LPDDR4X on board, Total system memory upgradeable to:16GB"", ""Display"": ""14.0-inch OLED display, WQXGA display, 16:10 aspect ratio, 0.2ms response time, VESA CERTIFIED Display, Glossy display, Screen-to-body ratio: 90 ％"", ""Connections"": ""1x USB 2.0 Type-A 1x USB 3.2 Gen 1 Type-C 2x USB 3.2 Gen 1 Type-A 1x HDMI 1.4 1x 3.5mm Combo Audio Jack 1x DC-in"", ""Networking"": ""Wi-Fi 6E(802.11ax) (Dual band) 2*2 + Bluetooth 5"", ""Storage"": ""512GB M.2 NVMe™ PCIe® 3.0 SSD"", ""Size height x width x depth"": ""31.36 x 22.06 x 1.69 ~ 1.69 cm (12.35\"" x 8.69\"" x 0.67\"" ~ 0.67\"")"", ""Battery"": ""75WHrs, 2S2P, 4-cell Li-ion"", ""Camera Webcam"": ""1080p FHD camera With privacy shutter"", ""Weight"": ""1.39Kg"", ""Keyboard and Touchpad"": ""Backlit Chiclet Keyboard with Num-key, 1.4mm Key-travel, Precision Touchpad Chiclet Keyboard with Num-key, 1.4mm Key-travel, Precision Touchpad 1.4mm Key-travel"", ""Audio"": ""Smart Amp Technology Built-in speaker Built-in microphone harman/kardon (Premium) with Cortana and Alexa voice-recognition support"", ""Included in the BOX"": ""Sleeve USB-A to RJ45 gigabit ethernet adapter"", ""Other Security"": ""Camera privacy shutter"", ""Asus ZenBook 14 2023 UM3402 Price in Nepal"": ""Rs. 122,000""}"
https://hexxone.com/laptops-by-brand/asus/asus-zenbook-14-2023-um3402-ryzen-7-7730u-16gb-ram-1tb-ssd-14-inch-wqxga-display-backlit-keyboard?limit=30,Asus ZenBook 14 2023 UM3402 Ryzen 7 7730U - 16GB RAM - 1TB SSD - 14-inch WQXGA display - Backlit Keyboard,"NPR 141,500.00",Availability: Out Of Stock,Model:  Asus ZenBook 14 UX3402YA | Processor: AMD Ryzen 7 7730U Mobile Processor | RAM: 16GB LPDDR4X on board | Storage: 1TB SSD | Display: 14.0-inch | 2 Years Warranty & Genuine Windows 11 Home,"{""Brand"": ""Asus"", ""Series"": ""ZenBook Series"", ""Model"": ""Asus ZenBook 14 2023 UM3402YA"", ""Type"": ""Ultrabook"", ""Processor"": ""AMD Ryzen™ 7 7730U Mobile Processor (8-core/16-thread, 16MB cache, up to 4.5 GHz max boost)"", ""Graphics"": ""AMD Radeon Graphics"", ""RAM"": ""16GB LPDDR4X on board, Total system memory upgradeable to:16GB"", ""Display"": ""14.0-inch WQXGA display, 16:10 aspect ratio, 0.2ms response time, VESA CERTIFIED Display, Glossy display, Screen-to-body ratio: 90 ％"", ""Connections"": ""1x USB 2.0 Type-A 1x USB 3.2 Gen 1 Type-C 2x USB 3.2 Gen 1 Type-A 1x HDMI 1.4 1x 3.5mm Combo Audio Jack 1x DC-in"", ""Networking"": ""Wi-Fi 6E(802.11ax) (Dual band) 2*2 + Bluetooth 5"", ""Storage"": ""1TB M.2 NVMe™ PCIe® 3.0 SSD"", ""Size height x width x depth"": ""31.36 x 22.06 x 1.69 ~ 1.69 cm (12.35\"" x 8.69\"" x 0.67\"" ~ 0.67\"")"", ""Battery"": ""75WHrs, 2S2P, 4-cell Li-ion"", ""Camera Webcam"": ""1080p FHD camera With privacy shutter"", ""Weight"": ""1.39Kg"", ""Keyboard and Touchpad"": ""Backlit Chiclet Keyboard with Num-key, 1.4mm Key-travel, Precision Touchpad Chiclet Keyboard with Num-key, 1.4mm Key-travel, Precision Touchpad 1.4mm Key-travel"", ""Audio"": ""Smart Amp Technology Built-in speaker Built-in microphone harman/kardon (Premium) with Cortana and Alexa voice-recognition support"", ""Included in the BOX"": ""Sleeve USB-A to RJ45 gigabit ethernet adapter"", ""Other Security"": ""Camera privacy shutter"", ""Asus ZenBook 14 2023 UM3402 Price in Nepal"": ""Rs. 144,000 (Ryzen 7)""}"
https://hexxone.com/laptops-by-brand/asus/asus-zenbook-14-oled-2024-um3406-amd-ryzen-7-8840hs-processor-16gb-ram-512gb-ssd-14-inch-3k-oled-display-magic-numpad-2-years-warranty-in-nepal?limit=30,ASUS Zenbook 14 OLED 2024 (UM3406) AMD Ryzen 7 8840HS Processor - 16GB RAM - 512GB SSD - 14-inch 3K OLED display - Magic NumPad - 2 Years Warranty in Nepal,"NPR 151,500.00",Availability: Out Of Stock,"Model :  ASUS Zenbook 14 OLED 2024 (UM3406HA) | Processor :  AMD Ryzen™ 7 8840HS Processor | RAM : 16GB LPDDR5X on board | Storage : 512GB SSD | Display : 14.0-inch, 3K (2880 x 1800) OLED, 120Hz | 2 Years Warranty & Genuine Windows 11 Home","{""CPU"": ""AMD Ryzen™ 7 8840HS Processor 3.3GHz (24MB Cache, up to 5.1 GHz, 8 cores, 16 Threads); AMD Ryzen™ AI up to 38 TOPs"", ""Graphics"": ""AMD Radeon™ Graphics"", ""Neural Processor"": ""XDNA 16TOPs"", ""Memory"": ""16GB LPDDR5X on board, Total system memory upgradeable to:16GB"", ""Display"": ""14.0-inch, 3K (2880 x 1800) OLED 16:10 aspect ratio, LED Backlit, 0.2ms response time, 120Hz refresh rate, 400nits, 600nits HDR peak brightness, 100% DCI-P3 color gamut, 1,000,000:1, VESA CERTIFIED Display HDR True Black 600, 1.07 billion colors, Glossy display, 70% less harmful blue light, TÜV Rheinland-certified, SGS Eye Care Display, Non-touch screen, (Screen-to-body ratio)87%"", ""Connections"": ""1x USB 3.2 Gen 1 Type-A 1x USB 3.2 Gen 2 Type-C support display / power delivery 1x USB 4.0 Gen 3 Type-C support display / power delivery 1x HDMI 2.1 TMDS 1x 3.5mm Combo Audio Jack"", ""Networking"": ""Wi-Fi 6E(802.11ax) (Dual band) 2*2 + Bluetooth® 5.3 Wireless Card (*Bluetooth® version may change with OS version different.)"", ""Storage"": ""512GB M.2 NVMe™ PCIe® 4.0 Performance SSD"", ""Size height x width x depth"": ""31.24 x 22.01 x 1.49 ~ 1.49 cm (12.30\"" x 8.67\"" x 0.59\"" ~ 0.59\"")"", ""Battery"": ""75WHrs, 2S2P, 4-cell Li-ion"", ""Camera Webcam"": ""1080p FHD camera"", ""Weight"": ""1.20 kg (2.65 lbs)"", ""Keyboard and Touchpad"": ""Backlit Chiclet Keyboard, 1.4mm Key-travel, Touchpad, support NumberPad"", ""Audio"": ""Smart Amp Technology Built-in speaker Built-in array microphone harman/kardon (Premium)"", ""Included in the Box"": ""Sleeve"", ""Asus ZenBook 14 2024 UM3406HA Price in Nepal"": ""Rs 1,71,000""}"
https://hexxone.com/laptops-by-brand/asus/asus-zenbook-14-oled-2024-ux3405-intel-core-ultra-5-processor-125h-16gb-ram-512gb-ssd-14-inch-3k-oled-display-magic-numpad?limit=30,ASUS Zenbook 14 OLED 2024 (UX3405) Intel Core Ultra 5 Processor 125H - 16GB RAM - 512GB SSD - 14-inch 3K OLED display - Magic NumPad,"NPR 143,500.00",Availability: Out Of Stock,"Model :  Asus ZenBook 14 2024 UX3405MA | Processor : Intel® Core™ Ultra 5 Processor 125H 1.4 GHz (24MB Cache, up to 4.8 GHz, 16 cores, 22 Threads); Intel® AI Boost NPU | RAM : 16GB LPDDR5X on board | Storage : 512GB SSD | Display : 14"" WQ+ 3K OLED 120Hz display | 2 Years Warranty & Genuine Windows 11 Home","{""CPU"": ""Intel® Core™ Ultra 5 Processor 125H 1.4 GHz (24MB Cache, up to 4.8 GHz, 16 cores, 22 Threads); Intel® AI Boost NPU"", ""Graphics"": ""Intel® Arc™ Graphics"", ""Neural Processor"": ""Intel® AI Boost NPU"", ""Memory"": ""16GB LPDDR5X on board, Total system memory upgradeable to:16GB"", ""Display"": ""14.0-inch, 3K (2880 x 1800) OLED 16:10 aspect ratio, 0.2ms response time, 120Hz refresh rate, 400nits, 600nits HDR peak brightness, 100% DCI-P3 color gamut, 1,000,000:1, VESA CERTIFIED Display HDR True Black 600, 1.07 billion colors, Glossy display, 70% less harmful blue light, TÜV Rheinland-certified, SGS Eye Care Display, Non-touch screen, (Screen-to-body ratio)87%"", ""Connections"": ""1x USB 3.2 Gen 1 Type-A 2x Thunderbolt™ 4 supports display / power delivery 1x HDMI 2.1 TMDS 1x 3.5mm Combo Audio Jack"", ""Networking"": ""Wi-Fi 6E(802.11ax) (Dual band) 2*2 + Bluetooth® 5.3 Wireless Card (*Bluetooth® version may change with OS version different.)"", ""Storage"": ""512GB M.2 NVMe™ PCIe® 4.0 Performance SSD"", ""Size height x width x depth"": ""31.24 x 22.01 x 1.49 ~ 1.49 cm (12.30\"" x 8.67\"" x 0.59\"" ~ 0.59\"")"", ""Battery"": ""75WHrs, 2S2P, 4-cell Li-ion"", ""Camera Webcam"": ""1080p FHD camera"", ""Weight"": ""1.20 kg (2.65 lbs)"", ""Keyboard and Touchpad"": ""Backlit Chiclet Keyboard, 1.4mm Key-travel, Touchpad, support NumberPad"", ""Audio"": ""Smart Amp Technology Built-in speaker Built-in array microphone harman/kardon (Premium)"", ""Included in the Box"": ""Sleeve"", ""Asus ZenBook 14 2024 UX3405MA Price in Nepal"": ""Rs 1,44,000""}"
https://hexxone.com/laptops-by-brand/asus/asus-zenbook-14-oled-2024-ux3405-intel-core-ultra-7-processor-155h-16gb-ram-1tb-ssd-14-inch-3k-oled-display-magic-numpad?limit=30,ASUS Zenbook 14 OLED 2024 (UX3405) Intel Core Ultra 7 Processor 155H - 16GB RAM - 1TB SSD - 14-inch 3K OLED display - Magic NumPad,"NPR 185,500.00",Availability: Out Of Stock,"Model :  Asus ZenBook 14 2024 UX3405MA | Processor : Intel® Core™ Ultra 7 Processor 155H 1.4 GHz (24MB Cache, up to 4.8 GHz, 16 cores, 22 Threads); Intel® AI Boost NPU | RAM : 16GB LPDDR5X on board | Storage : 1TB SSD | Display : 14"" WQ+ 3K OLED 120Hz display | 2 Years Warranty & Genuine Windows 11 Home","{""CPU"": ""Intel® Core™ Ultra 7 Processor 155H 1.4 GHz (24MB Cache, up to 4.8 GHz, 16 cores, 22 Threads); Intel® AI Boost NPU"", ""Graphics"": ""Intel® Arc™ Graphics"", ""Neural Processor"": ""Intel® AI Boost NPU"", ""Memory"": ""16GB LPDDR5X on board, Total system memory upgradeable to:16GB"", ""Display"": ""14.0-inch, 3K (2880 x 1800) OLED 16:10 aspect ratio, 0.2ms response time, 120Hz refresh rate, 400nits, 600nits HDR peak brightness, 100% DCI-P3 color gamut, 1,000,000:1, VESA CERTIFIED Display HDR True Black 600, 1.07 billion colors, Glossy display, 70% less harmful blue light, TÜV Rheinland-certified, SGS Eye Care Display, Non-touch screen, (Screen-to-body ratio)87%"", ""Connections"": ""1x USB 3.2 Gen 1 Type-A 2x Thunderbolt™ 4 supports display / power delivery 1x HDMI 2.1 TMDS 1x 3.5mm Combo Audio Jack"", ""Networking"": ""Wi-Fi 6E(802.11ax) (Dual band) 2*2 + Bluetooth® 5.3 Wireless Card (*Bluetooth® version may change with OS version different.)"", ""Storage"": ""1TB M.2 NVMe™ PCIe® 4.0 Performance SSD"", ""Size height x width x depth"": ""31.24 x 22.01 x 1.49 ~ 1.49 cm (12.30\"" x 8.67\"" x 0.59\"" ~ 0.59\"")"", ""Battery"": ""75WHrs, 2S2P, 4-cell Li-ion"", ""Camera Webcam"": ""1080p FHD camera"", ""Weight"": ""1.20 kg (2.65 lbs)"", ""Keyboard and Touchpad"": ""Backlit Chiclet Keyboard, 1.4mm Key-travel, Touchpad, support NumberPad"", ""Audio"": ""Smart Amp Technology Built-in speaker Built-in array microphone harman/kardon (Premium)"", ""Included in the Box"": ""Sleeve"", ""Asus ZenBook 14 2024 UX3405MA Price in Nepal"": ""Rs 1,86,000""}"
https://hexxone.com/laptops-by-brand/asus/asus-zenbook-14-oled-2024-ux3405ma-intel-core-ultra-9-185h-16gb-ram-1tb-ssd-14-inch-3k-oled-display-magic-numpad?limit=30,ASUS Zenbook 14 OLED 2024 (UX3405MA) Intel Core Ultra 9 185H - 16GB RAM - 1TB SSD - 14-inch 3K OLED display - Magic NumPad,"NPR 203,500.00",Availability: Out Of Stock,"Model :  Asus ZenBook 14 2024 UX3405MA | Processor :Intel® Core™ Ultra 9 Processor 185H 2.3 GHz (24MB Cache, up to 5.1 GHz, 16 cores, 22 Threads); Intel® AI Boost NPU | RAM : 16GB LPDDR5X on board | Storage : 1TB SSD | Display : 14"" WQ+ 3K OLED 120Hz display | 2 Years Warranty & Genuine Windows 11 Home","{""CPU"": ""Intel® Core™ Ultra 9 Processor 185H 2.3 GHz (24MB Cache, up to 5.1 GHz, 16 cores, 22 Threads); Intel® AI Boost NPU"", ""Graphics"": ""Intel® Arc™ Graphics"", ""Neural Processor"": ""Intel® AI Boost NPU"", ""Memory"": ""16GB LPDDR5X on board, Total system memory upgradeable to:16GB"", ""Display"": ""14.0-inch, 3K (2880 x 1800) OLED 16:10 aspect ratio, 0.2ms response time, 120Hz refresh rate, 400nits, 600nits HDR peak brightness, 100% DCI-P3 color gamut, 1,000,000:1, VESA CERTIFIED Display HDR True Black 600, 1.07 billion colors, Glossy display, 70% less harmful blue light, TÜV Rheinland-certified, SGS Eye Care Display, Non-touch screen, (Screen-to-body ratio)87%"", ""Connections"": ""1x USB 3.2 Gen 1 Type-A 2x Thunderbolt™ 4 supports display / power delivery 1x HDMI 2.1 TMDS 1x 3.5mm Combo Audio Jack"", ""Networking"": ""Wi-Fi 6E(802.11ax) (Dual band) 2*2 + Bluetooth® 5.3 Wireless Card (*Bluetooth® version may change with OS version different.)"", ""Storage"": ""1TB M.2 NVMe™ PCIe® 4.0 Performance SSD"", ""Size height x width x depth"": ""31.24 x 22.01 x 1.49 ~ 1.49 cm (12.30\"" x 8.67\"" x 0.59\"" ~ 0.59\"")"", ""Battery"": ""75WHrs, 2S2P, 4-cell Li-ion"", ""Camera Webcam"": ""1080p FHD camera"", ""Weight"": ""1.20 kg (2.65 lbs)"", ""Keyboard and Touchpad"": ""Backlit Chiclet Keyboard, 1.4mm Key-travel, Touchpad, support NumberPad"", ""Audio"": ""Smart Amp Technology Built-in speaker Built-in array microphone harman/kardon (Premium)"", ""Included in the Box"": ""Sleeve USB-A to RJ45 gigabit ethernet adapter"", ""Asus ZenBook 14 2024 UX3405MA Price in Nepal"": ""Rs 2,04,000""}"
https://hexxone.com/laptops-by-brand/asus/asus-zenbook-14-ux3402za-i7-1260p-16gb-ram-1tb-ssd-14-inch-28k-2880-x-1800-oled-magic-numpad?limit=30,Asus ZenBook 14 UX3402ZA i7 1260P - 16GB RAM - 1TB SSD - 14-inch 2.8K (2880 x 1800) OLED - Magic NumPad,"NPR 164,500.00",Availability: Out Of Stock,"Model: Asus ZenBook 14 UX3402ZA | Processor: Intel® Core™ i7-1260P Processor 2.1 GHz (18M Cache, up to 4.7 GHz, 4P+8E cores) | RAM: 16GB RAM | Storage: 1TB SSD | Display: 14.0-inch, 2.8K (2880 x 1800) OLED | 2 Years Warranty & Genuine Windows 11 Home","{""CPU"": ""Intel® Core™ i7-1260P Processor 2.1 GHz (18M Cache, up to 4.7 GHz, 4P+8E cores)"", ""Graphics"": ""Intel® Iris Xe Graphics"", ""Memory"": ""16GB LPDDR5 on board, Total system memory upgradeable to:16GB"", ""Display"": ""14.0-inch, 2.8K (2880 x 1800) OLED 16:10 aspect ratio, 0.2ms response time, 90Hz refresh rate, 400nits, 600nits HDR peak brightness, 100% DCI-P3 color gamut, 1,000,000:1, VESA CERTIFIED Display HDR True Black 600, 1.07 billion colors, PANTONE Validated, Glossy display, 70% less harmful blue light, TÜV Rheinland-certified, SGS Eye Care Display, Non-touch screen, (Screen-to-body ratio)90%"", ""Connections"": ""1x USB 3.2 Gen 2 Type-A 2x Thunderbolt™ 4 supports display / power delivery 1x HDMI 2.1 TMDS 1x 3.5mm Combo Audio Jack Micro SD card reader"", ""Networking"": ""Wi-Fi 6E(802.11ax) (Dual band) 2*2 + Bluetooth 5"", ""Storage"": ""1TB M.2 NVMe™ PCIe® 4.0 Performance SSD"", ""Size height x width x depth"": ""31.36 x 22.06 x 1.69 ~ 1.69 cm (12.35\"" x 8.69\"" x 0.67\"" ~ 0.67\"")"", ""Battery"": ""75WHrs, 2S2P, 4-cell Li-ion"", ""Camera Webcam"": ""1080p FHD camera"", ""Weight"": ""1.39 Kg"", ""Keyboard and Touchpad"": ""Backlit Chiclet Keyboard, 1.4mm Key-travel, Support NumberPad Backlit Chiclet Keyboard, 1.4mm Key-travel, Touchpad Support NumberPad"", ""Audio"": ""Smart Amp Technology Built-in speaker Built-in microphone harman/kardon (Premium) with Cortana and Alexa voice-recognition support"", ""Included in the Box"": ""Sleeve USB-A to RJ45 gigabit ethernet adapter"", ""Asus ZenBook 14 UX3402ZA Price in Nepal"": ""Rs. 168000""}"
https://hexxone.com/laptops-by-brand/asus/asus-zenbook-15-oled-2023-um3504da-ryzen-7-7730u-16gb-ram-1tb-ssd-156-inch-28k-oled-120hz-display-backlit-keyboard-2-years-warranty-in-nepal?limit=30,Asus ZenBook 15 OLED 2023 UM3504DA Ryzen 7 7730U - 16GB RAM - 1TB SSD - 15.6-inch 2.8K OLED 120Hz display - Backlit Keyboard - 2 Years Warranty in Nepal,"NPR 163,500.00",Availability: Out Of Stock,"Model :  Asus ZenBook 15 UM3504DA | Processor : AMD Ryzen 7 7730U Mobile Processor | RAM : 16GB LPDDR5 on board | Storage : 1TB SSD | Display : 15.6-inch, 2.8K (2880 x 1620) OLED | Warranty: 2 Years Warranty | OS: Genuine Windows 11 Home","{""Brand"": ""Asus"", ""Series"": ""ZenBook Series"", ""Model"": ""Asus ZenBook 15 2023 UM3502DA"", ""Type"": ""Ultrabook"", ""Processor"": ""AMD Ryzen™ 7 7730U Mobile Processor (8-core/16-thread, 16MB cache, up to 4.5 GHz max boost)"", ""Graphics"": ""AMD Radeon Graphics"", ""RAM"": ""16GB LPDDR5 on board"", ""Display"": ""15.6-inch, 2.8K (2880 x 1620) OLED 16:9 aspect ratio, 0.2ms response time, 120Hz refresh rate, 400nits, 600nits HDR peak brightness, 100% DCI-P3 color gamut, 1,000,000:1, VESA CERTIFIED Display HDR True Black 600, 1.07 billion colors, PANTONE Validated, Glossy display, 70% less harmful blue light, Non-touch screen, (Screen-to-body ratio)86%"", ""Connections"": ""1x USB 3.2 Gen 2 Type-A 2x USB 3.2 Gen 2 Type-C support display/power delivery 1x HDMI 2.1 TMDS 1x 3.5mm Combo Audio Jack Micro SD card reader"", ""Networking"": ""Wi-Fi 6E(802.11ax) (Dual band) 2*2 + Bluetooth 5"", ""Storage"": ""1TB M.2 NVMe™ PCIe® 3.0 SSD"", ""Size height x width x depth"": ""35.48 x 22.66 x 1.49 ~ 1.58 cm (13.97\"" x 8.92\"" x 0.59\"" ~ 0.62\"")"", ""Battery"": ""67WHrs, 4S1P, 4-cell Li-ion"", ""Camera Webcam"": ""1080p FHD camera With privacy shutter"", ""Weight"": ""1.4Kg"", ""Keyboard and Touchpad"": ""Backlit Chiclet Keyboard with Num-key, 1.4mm Key-travel, Precision Touchpad Chiclet Keyboard with Num-key, 1.4mm Key-travel, Precision Touchpad 1.4mm Key-travel"", ""Audio"": ""Smart Amp Technology Built-in speaker Built-in microphone harman/kardon (Premium) with Cortana and Alexa voice-recognition support"", ""Included in the BOX"": ""Sleeve USB-A to RJ45 gigabit ethernet adapter"", ""Other Security"": ""Camera privacy shutter"", ""Asus ZenBook 15 2023 UM3504 Price in Nepal"": ""Rs. 164,000 (Ryzen 7)""}"
https://hexxone.com/laptops-by-brand/asus/asus-zenbook-17-fold-oled-i7-12th-gen-16gb-ram-1tb-ssd-173-inch-25k-oled-touchscreen-display-stylus-support?limit=30,Asus ZenBook 17 Fold OLED i7 12th Gen - 16GB RAM - 1TB SSD - 17.3-inch 2.5K OLED Touchscreen display - Stylus Support,"NPR 464,500.00",Availability: Out Of Stock,Model: Asus ZenBook 17 Fold OLED | Processor: Intel Core i7 1250U Processor | RAM: 16GB RAM | Storage: 1TB SSD | Display: 17.3 Inch Foldable OLED Display | Intel Iris Xe Graphics | 2 Years Warranty & Genuine Windows 11 Home,"{""Brand"": ""Asus"", ""Series"": ""ZenBook Series"", ""Model"": ""Asus ZenBook 17 Fold OLED UX9702"", ""Type"": ""Slim and light Ultrabook"", ""Processor"": ""Intel Core i7-1250U Processor 1.1 GHz (12M Cache, up to 4.7 GHz, 2P+8E cores)"", ""RAM"": ""16GB LPDDR5 on board Total system memory upgradeable to:16GB"", ""Graphics"": ""Intel Iris Xe Graphics"", ""Audio"": ""Built-in speaker Built-in array microphone harman/kardon (Premium) with Cortana and Alexa voice-recognition support"", ""Display"": ""17.3-inch, 2560 x 1920 FOLED 4:3 aspect ratio, 0.2ms response time, 60Hz refresh rate, 500nits HDR peak brightness, 100% DCI-P3 color gamut, 1,000,000:1, VESA CERTIFIED Display HDR True Black 500, 1.07 billion colors, PANTONE Validated, Glossy display, 70% less harmful blue light, Touch screen, (Screen-to-body ratio)87%"", ""Connections"": ""2x Thunderbolt™ 4 supports display/power delivery 1x 3.5mm Combo Audio Jack"", ""Networking"": ""Wi-Fi 6E(802.11ax) (Dual band) 2*2 + Bluetooth® 5"", ""Storage"": ""1TB M.2 NVMe PCIe 4.0 Performance SSD"", ""Size: Height x width x depth (in mm)"": ""37.85 x 28.76 x 0.87 ~ 1.29 cm (14.90\"" x 11.32\"" x 0.34\"" ~ 0.51\"")"", ""Battery"": ""75WHrs, 4S1P, 4-cell Li-ion"", ""Webcam"": ""5.0M camera with IR function"", ""Keyboard"": ""Soft Keyboard, 1.4mm Key-travel, Touchpad"", ""Weight"": ""1.5KG"", ""Asus ZenBook 17 Fold OLED Price in Nepal"": ""Rs. 555,000""}"
https://hexxone.com/laptops-by-brand/asus/asus-zenbook-duo-2024-ux8406-intel-core-ultra-9-processor-185h-32gb-ram-2tb-ssd-intel-ark-graphic-14-inch-3k-oled-touchscreen-14-inch-fhd-touch?limit=30,ASUS Zenbook DUO 2024 UX8406 Intel Core Ultra 9 Processor 185H - 32GB RAM |2TB SSD - Intel Ark Graphic - 14-inch 3K OLED Touchscreen + 14-inch FHD TOUCH,"NPR 297,500.00",Availability: Out Of Stock,"Model :  ASUS Zenbook DUO (2024) UX8406 | Processor : Intel® Core™ Ultra 9 Processor 185H 2.3 GHz (24MB Cache, 16 cores, 22 Threads); Intel® AI Boost NPU | RAM : 32GB LPDDR5X on board | Storage : 2TB M.2 NVMe™ PCIe® 4.0 SSD | Display : Touch screen,14.0-inch, 3K (2880 x 1800) OLED | Graphic : Intel® Arc™ Graphics | 2 Years Warranty & Genuine Windows 11 Home","{""CPU"": ""Intel® Core™ Ultra 9 Processor 185H 2.3 GHz (24MB Cache, up to 5.1 GHz, 16 cores, 22 Threads); Intel® AI Boost NPU"", ""Graphics"": ""Intel® Arc™ Graphics"", ""Neural Processor"": ""Intel® AI Boost NPU"", ""Memory"": ""32GB LPDDR5X on board, Total system memory upgradeable to:32GB"", ""Display"": ""14.0-inch, 3K (2880 x 1800) OLED 16:10 aspect ratio, 0.2ms response time, 120Hz refresh rate, 400nits, 500nits HDR peak brightness, 100% DCI-P3 color gamut, 1,000,000:1, VESA CERTIFIED Display HDR True Black 500, 1.07 billion colors, PANTONE Validated, Glossy display, 70% less harmful blue light, Touch screen, (Screen-to-body ratio)91%, With stylus support 14.0-inch, FHD (1920 x 1200) OLED 16:10 aspect ratio, 0.2ms response time, 60Hz refresh rate, 400nits, 500nits HDR peak brightness, 100% DCI-P3 color gamut, 1,000,000:1, VESA CERTIFIED Display HDR True Black 500, 1.07 billion colors, PANTONE Validated, Glossy display, 70% less harmful blue light, Touch screen, (Screen-to-body ratio)91%, With stylus support"", ""Connections"": ""1x USB 3.2 Gen 1 Type-A 2x Thunderbolt™ 4 supports display / power delivery 1x HDMI 2.1 TMDS 1x 3.5mm Combo Audio Jack"", ""Networking"": ""Wi-Fi 6E(802.11ax) (Dual band) 2*2 + Bluetooth® 5.3 Wireless Card (*Bluetooth® version may change with OS version different.)"", ""Storage"": ""2TB M.2 NVMe™ PCIe® 4.0 Performance SSD"", ""Size height x width x depth"": ""31.35 x 21.79 x 1.46 ~ 1.99 cm (12.34\"" x 8.58\"" x 0.57\"" ~ 0.78\"")"", ""Battery"": ""75WHrs, 4S1P, 4-cell Li-ion"", ""Camera Webcam"": ""1080p FHD camera"", ""Weight"": ""1.65 kg"", ""Keyboard and Touchpad"": ""Soft Keyboard, 1.4mm Key-travel, Precision touchpad"", ""Audio"": ""Smart Amp Technology Built-in speaker Built-in array microphone harman/kardon (Premium) with Cortana support"", ""Included in the Box"": ""Backpack Sleeve Stylus (ASUS Pen 2.0 SA203H-MPP2.0 support)"", ""ASUS Zenbook DUO 2024 UX8406 Price in Nepal"": ""Rs 3,10,000/-""}"
https://hexxone.com/laptops-by-brand/asus/asus-zenbook-duo-ux482eg-i7-11th-gen-16gb-ram-1tb-ssd-mx450-stylus-14-inch-fhd-touchscreen-126-inch-fhd-touch?limit=30,ASUS ZENBOOK DUO UX482EG i7 11TH GEN/ 16GB RAM/ 1TB SSD/ MX450 - STYLUS/ 14-inch FHD Touchscreen + 12.6-inch FHD TOUCH,"NPR 219,500.00",Availability: Out Of Stock,"Model:  ASUS ZENBOOK DUO UX482EG | Processor: Intel® Core™ i7-1165G7 Processor | RAM: 16GB LPDDR4X on board | Storage: 1TB M.2 NVMe™ PCIe® 3.0 SSD | Display: Touch screen,14.0-inch,FHD (1920 x 1080) | Graphic: NVIDIA® GeForce® MX450,2GB GDDR6 | 2 Years Warranty & Genuine Windows 11 Home","{""CPU"": ""Intel® Core™ i7-1165G7 Processor 2.8 GHz (12M Cache, up to 4.7 GHz, 4 cores)"", ""RAM"": ""16GB LPDDR4X on board"", ""Graphics"": ""Intel® Iris Xe Graphics,NVIDIA® GeForce® MX450,2GB GDDR6"", ""Audio"": ""Built-in speaker Built-in array microphone harman/kardon (Premium) with Cortana and Alexa voice-recognition support"", ""Display"": ""Touch screen,14.0-inch,FHD (1920 x 1080) 16:9,IPS-level Panel,Anti-glare display,LED Backlit,400nits,sRGB: 100%,Pantone Validated,Screen-to-body ratio: 93 %,With stylus support"", ""Connections"": ""1x USB 3.2 Gen 1 Type-A 2x Thunderbolt™ 4 supports display / power delivery 1x HDMI 1.4 1x 3.5mm Combo Audio Jack Micro SD card reader"", ""Networking"": ""Wi-Fi 6(802.11ax)+Bluetooth 5.0 (Dual band) 2*2"", ""Storage"": ""1TB M.2 NVMe™ PCIe® 3.0 SSD"", ""Sizeheight x width x depth (in mm)"": ""32.40 x 22.20 x 1.69 ~ 1.73 cm (12.76\"" x 8.74\"" x 0.67\"" ~ 0.68\"")"", ""Battery"": ""70WHrs, 4-cell Li-ion"", ""Webcam"": ""HD IR Camera"", ""Keyboard"": ""Illuminated Chiclet Keyboard"", ""Weight"": ""1.62KG""}"
https://hexxone.com/laptops-by-brand/asus/asus-zenbook-flip-14-oled-2023-up3404va-i7-13th-gen-16gb-ram-1tb-ssd-14-inch-oled-28k-touch-display-magic-numpad-stylus?limit=30,Asus ZenBook Flip 14 OLED 2023 UP3404VA i7 13th Gen - 16GB RAM - 1TB SSD - 14-inch OLED 2.8K Touch display - Magic NumPad - Stylus,"NPR 201,500.00",Availability: Out Of Stock,"Model:  Asus ZenBook Flip 14 OLED 2023 UP3404VA | Processor: Intel® Core™ i7-1360P Processor 2.2 GHz | RAM: 16GB LPDDR5 on board | Storage: 1TB SSD | Display: 14.0-inch, 2.8K (2880 x 1800) OLED | Graphic: Intel Iris Xe Graphics | 2 Years Warranty & Genuine Windows 11 Home","{""Brand"": ""Asus"", ""Series"": ""Asus ZenBook Series"", ""Model"": ""Asus ZenBook Flip 14 OLED 2023 UP3404VA"", ""Type"": ""2-in-1 Convertible Laptop"", ""CPU"": ""Intel Core i7-1360P Processor 2.2 GHz (18MB Cache, up to 5.0 GHz, 12 cores, 16 Threads)"", ""Graphics"": ""Intel Iris Xe Graphics"", ""Memory"": ""16GB LPDDR5 on board"", ""Display"": ""14.0-inch, 2.8K (2880 x 1800) OLED 16:10 aspect ratio, 0.2ms response time, 90Hz refresh rate, 400nits, 550nits HDR peak brightness, 100% DCI-P3 color gamut, 1,000,000:1, VESA CERTIFIED Display HDR True Black 500, 1.07 billion colors, PANTONE Validated, Glossy display, 70% less harmful blue light, TÜV Rheinland-certified, SGS Eye Care Display, Touch screen, (Screen-to-body ratio)87%, With stylus support"", ""Connections"": ""1x USB 3.2 Gen 2 Type-A 2x Thunderbolt™ 4 supports display/power delivery 1x HDMI 2.1 TMDS 1x 3.5mm Combo Audio Jack"", ""Networking"": ""Wi-Fi 6E(802.11ax) (Dual band) 2*2 + Bluetooth® 5"", ""Storage"": ""1TB M.2 NVMe™ PCIe® 4.0 SSD"", ""Size Height x width x depth"": ""31.15 x 22.34 x 1.59 ~ 1.59 cm (12.26\"" x 8.80\"" x 0.63\"" ~ 0.63\"")"", ""Battery"": ""75WHrs, 2S2P, 4-cell Li-ion"", ""camera webcam"": ""FHD camera with IR function to support Windows Hello"", ""Weight"": ""1.5Kg"", ""Keyboard and Touchpad"": ""Backlit Chiclet Keyboard, 1.4mm Key-travel, Support NumberPad Backlit Chiclet Keyboard, 1.4mm Key-travel, Touchpad"", ""Audio"": ""Smart Amp Technology Built-in speaker Built-in array microphone harman/kardon (Premium) with Cortana voice-recognition support"", ""Charger"": ""TYPE-C, 65W AC Adapter, Output: 20V DC, 3.25A, 65W, Input: 100-240V AC 50/60GHz universal"", ""Asus ZenBook Flip 14 2023 Price in Nepal"": ""Rs. 208,000 (For i7 Variant)""}"
https://hexxone.com/laptops-by-brand/asus/asus-zenbook-s13-oled-ux5304ma-2024-intel-core-ultra-7-155u-processor-intel-iris-16gb-ram-1tb-ssd-133-inch-oled-3k-display-in-nepal?limit=30,Asus ZenBook S13 OLED UX5304MA 2024 Intel Core Ultra 7 155U Processor - Intel Iris - 16GB RAM - 1TB SSD - 13.3-inch OLED 3K display in Nepal,"NPR 201,500.00",Availability: Out Of Stock,"Model:  Asus ZenBook S13 OLED 2024 UX5304MA | Processor: Intel Core Ultra 7 Processor 155U (12MB Cache, up to 4.8 GHz, 12 cores, 14 Threads) | RAM: 16GB LPDDR5 on board | Storage: 1TB SSD | Display: 13.3-inch, 3K (2880 x 1800) OLED | 2 Years Warranty & Genuine Windows 11 Home","{""Brand"": ""Asus"", ""Series"": ""Asus ZenBook Series"", ""Model"": ""Asus ZenBook S13 OLED 2024 UX5304MA"", ""Type"": ""Ultrabook"", ""CPU"": ""Intel® Core™ Ultra 7 Processor 155U 1.7 GHz (12MB Cache, up to 4.8 GHz, 12 cores, 14 Threads); Intel® AI Boost NPU"", ""Graphics"": ""Intel Iris Xe Graphics"", ""Memory"": ""16GB LPDDR5 on board"", ""Display"": ""13.3-inch, 3K (2880 x 1800) OLED 16:10 aspect ratio, 0.2ms response time, 60Hz refresh rate, 600nits HDR peak brightness, 100% DCI-P3 color gamut, 1,000,000:1, VESA CERTIFIED Display HDR True Black 600, 1.07 billion colors, PANTONE Validated, Glossy display, 70% less harmful blue light, TÜV Rheinland-certified, SGS Eye Care Display, Non-touch screen, (Screen-to-body ratio)85%"", ""Connections"": ""2 x Thunderbolt™ 4 Type-C® 1 x USB 3.2 Gen 2 Type-A 1 x HDMI® 2.1 (TMDS) 1 x Audio jack"", ""Networking"": ""Wi-Fi 6E(802.11ax) (Dual band) 2*2 + Bluetooth® 5"", ""Storage"": ""1TB M.2 NVMe PCIe 4.0 SSD"", ""Size Height x width x depth"": ""296.2 x 216.3 x 10.9 mm"", ""Battery"": ""63WHrs, 2S2P, 4-cell Li-ion"", ""camera webcam"": ""FHD camera with IR function to support Windows Hello"", ""Weight"": ""1.0Kg"", ""Keyboard and Touchpad"": ""Backlit Chiclet Keyboard, 1.1mm Key-travel, Touchpad"", ""Audio"": ""Smart Amp Technology Built-in speaker Built-in array microphone harman/kardon (Premium) with Cortana voice-recognition support"", ""Charger"": ""TYPE-C, 65W AC Adapter, Output: 20V DC, 3.25A, 65W, Input: 100-240V AC 50/60GHz universal"", ""Asus ZenBook S13 OLED 2024 Price in Nepal"": ""Rs. 202,000 (For i7 Variant)""}"
https://hexxone.com/laptops-by-brand/asus/asus-zenbook-s14-oled-2024-ux5406sa-15th-gen-intel-core-ultra-7-256v-16gb-ram-1tb-ssd-14-inch-3k-oled-display-magic-numpad-copilot-pc?limit=30,ASUS Zenbook S14 OLED 2024 (UX5406SA) 15th Gen Intel Core Ultra 7 256V - 16GB RAM - 1TB SSD - 14-inch 3K OLED display - Magic NumPad - Copilot+ PC,"NPR 231,500.00",Availability: Out Of Stock,"Model :  Asus ZenBook S14 OLED 2024 UX5406SA | Processor : Intel Core Ultra 7 Processor 256V 16GB 1.8 GHz (12MB Cache, up to 4.8 GHz, 8 cores, 8 Threads) || Intel AI Boost NPU up to 47 TOPS | RAM : 16GB LPDDR5X on board | Storage : 1TB SSD | Display : 14""  3K OLED 120Hz display | 2 Years Warranty & Genuine Windows 11 Home","{""CPU"": ""Intel Core Ultra 7 Processor 256V 16GB 1.8 GHz (12MB Cache, up to 4.8 GHz, 8 cores, 8 Threads) || Intel AI Boost NPU up to 47 TOPS"", ""Graphics"": ""Intel® Arc™ Graphics"", ""Neural Processor"": ""Intel® AI Boost NPU"", ""Memory"": ""16GB LPDDR5X on board, Total system memory upgradeable to:16GB"", ""Display"": ""14.0-inch,  (2880 x 1800) OLED 16:10 aspect ratio, 0.2ms response time, 120Hz refresh rate, 400nits, 500nits HDR peak brightness, 100% DCI-P3 color gamut, 1,000,000:1, VESA CERTIFIED Display HDR True Black 500, 1.07 billion colors, PANTONE Validated, Glossy display, 70% less harmful blue light, TÜV Rheinland-certified, SGS Eye Care Display, Non-touch screen, (Screen-to-body ratio)90%"", ""Connections"": ""1x USB 3.2 Gen 2 Type-A (data speed up to 10Gbps) 2x Thunderbolt™ 4 with support for display / power delivery (data speed up to 40Gbps) 1x HDMI 2.1 TMDS 1x 3.5mm Combo Audio Jack"", ""Networking"": ""Wi-Fi 7(802.11be) (Tri-band)2*2 + Bluetooth® 5.4 Wireless Card (*Bluetooth® version may change with OS version different.)"", ""Storage"": ""1TB M.2 NVMe™ PCIe® 4.0 Performance SSD"", ""Size height x width x depth"": ""31.03 x 21.47 x 1.19 ~ 1.29 cm (12.22\"" x 8.45\"" x 0.47\"" ~ 0.51\"")"", ""Battery"": ""72WHrs, 2S2P, 4-cell Li-ion"", ""Camera Webcam"": ""FHD camera with IR function to support Windows Hello"", ""Weight"": ""1.20 kg (2.65 lbs)"", ""Keyboard and Touchpad"": ""Backlit Chiclet Keyboard, 1.1mm Key-travel, Precision touchpad, With Copilot key *Copilot in Windows (in preview) is rolling out gradually within the latest update to Windows 11 in select global markets. Timing of availability varies by device and market. Learn more: https://www.microsoft.com/en-us/windows/copilot-ai-features?r=1#faq"", ""Audio"": ""Smart Amp Technology Built-in speaker Built-in array microphone harman/kardon (Premium)"", ""Built-in Apps"": ""StoryCube MyASUS ScreenXpert GlideX"", ""MyASUS Features"": ""System diagnosis Battery health charging Fan Profile Splendid Tru2Life Function key lock WiFi SmartConnect Link to MyASUS TaskFirst Live update ASUS OLED Care AI Noise Canceling"", ""Included in the Box"": ""Sleeve USB-A to RJ45 gigabit ethernet adapter"", ""Asus ZenBook S14 OLED 2024 UX5406SA Price in Nepal"": ""Rs 2,32,000""}"
https://hexxone.com/laptops-by-brand/asus/asus-zenbook-s16-oled-2024-um5606wa-amd-ryzen-ai-9-hx-370-processor-32gb-ram-1tb-ssd-16-inch-3k-120hz-oled-display-magic-numpad?limit=30,ASUS Zenbook S16 OLED 2024 ( UM5606WA ) AMD Ryzen AI 9 HX 370 Processor - 32GB RAM - 1TB SSD - 16-inch 3K 120Hz OLED display - Magic NumPad,"NPR 248,500.00",Availability: Out Of Stock,"Model :  ASUS Zenbook S16 OLED 2024 ( UM5606WA ) | Processor :AMD Ryzen™ AI 9 HX 370 Processor | RAM : 32GB LPDDR5X on board | Storage : 1TB SSD | Display : 16"" WQ+ 3K OLED 120Hz display | 2 Years Warranty & Genuine Windows 11 Home","{""CPU"": ""AMD Ryzen™ AI 9 HX 370 Processor 2.0GHz (36MB Cache, up to 5.1GHz, 12 cores, 24 Threads); AMD XDNA™ NPU up to 50TOPS"", ""Graphics"": ""AMD Radeon™ 890M Graphics"", ""Neural Processor"": ""AMD XDNA™ NPU up to 50TOPS"", ""Memory"": ""16GB LPDDR5X on board, Total system memory upgradeable to:16GB"", ""Display"": ""16.0-inch, 3K (2880 x 1800) OLED 16:10 aspect ratio, 0.2ms response time, 120Hz refresh rate, 400nits, 500nits HDR peak brightness, 100% DCI-P3 color gamut, 1,000,000:1, VESA CERTIFIED Display HDR True Black 500, 1.07 billion colors, PANTONE Validated, Glossy display, 70% less harmful blue light, TÜV Rheinland-certified, SGS Eye Care Display, Non-touch screen, (Screen-to-body ratio)90%"", ""Connections"": ""1x USB 3.2 Gen 2 Type-A 2x USB 4.0 Gen 3 Type-C support display / power delivery 1x HDMI 2.1 TMDS 1x 3.5mm Combo Audio Jack SD 4.0 card reader"", ""Networking"": ""Wi-Fi 7(802.11be) (Tri-band)2*2 + Bluetooth® 5.4 Wireless Card (*Bluetooth® version may change with OS version different.)"", ""Storage"": ""1TB M.2 NVMe™ PCIe® 4.0 Performance SSD"", ""Size height x width x depth"": ""35.36 x 24.30 x 1.19 ~ 1.29 cm (13.92\"" x 9.57\"" x 0.47\"" ~ 0.51\"")"", ""Battery"": ""78WHrs, 2S2P, 4-cell Li-ion"", ""Camera Webcam"": ""1080p FHD camera"", ""Weight"": ""1.50 kg (3.31 lbs)"", ""Keyboard and Touchpad"": ""Backlit Chiclet Keyboard, 1.1mm Key-travel, Precision touchpad, With Copilot key *Copilot in Windows (in preview) is rolling out gradually within the latest update to Windows 11 in select global markets. Timing of availability varies by device and market. Learn more: https://www.microsoft.com/en-us/windows/copilot-ai-features?r=1#faq"", ""Audio"": ""Smart Amp Technology Built-in speaker Built-in array microphone harman/kardon (Premium)"", ""Included in the Box"": ""Sleeve USB-A to RJ45 gigabit ethernet adapter"", ""ASUS Zenbook S16 OLED 2024 ( UM5606WA) Price in Nepal"": ""Rs 2,55,000""}"
https://hexxone.com/laptops-by-brand/dell/dell-alienware-m15-r3-i7-10th-gen-rtx-2070-super-16gb-ram-512gb-ssd-156-inch-fhd-300hz-display-in-nepal?limit=30,Dell Alienware M15 R3 i7 10th Gen - RTX 2070 SUPER - 16GB RAM - 512GB SSD - 15.6-inch FHD 300Hz display in Nepal,"NPR 194,500.00",Availability: Out Of Stock,"Model: Dell Alienware M15 R3 | Processor: 10th Generation Intel Core i7-10750H | RAM: 16GB DDR4 3200Mhz | Storage: 512GB SSD | Display: 15.6"" Full-HD, 300Hz refresh rate, 3ms response time, 300-nits brightness | Graphic: NVIDIA GeForce RTX 2070 SUPER with 8GB | Warranty: 1 Year Warranty","{""CPU"": ""10th Generation Intel Core i7-10750H"", ""Operating System"": ""Windows 10"", ""Screen"": ""15.6\"" Full-HD (1920 x 1080 pixels) 300Hz refresh rate, 3ms response time, 300-nits brightness, 100% sRGB color gamut"", ""Memory"": ""16GB DDR4 3200Mhz"", ""Storage"": ""512GB SSD"", ""Graphics Card"": ""NVIDIA GeForce RTX 2070 SUPER with 8GB GDDR6 VRAM"", ""Audio"": ""4-Way (Woofer/Tweeter) Stereo Speaker Design Introduces Discrete Smart Amp Woofer technology Delivers 2.5x bass improvement over the previous generation Delivers 2x treble improvement over the previous generation Delivers 30% loudness improvement over the previous generation for full-range performance"", ""Dimensions (W x D x H)"": ""Height (rear): 0.768\"" (19.5 mm) Height (peak): 0.807\"" (20.5 mm) with OLED or 144Hz displays [ 0.783\"" (19.9 mm) for the 300Hz display] Height (front): 0.807\"" (20.5 mm) with OLED or 144Hz displays [0.704\"" (17.9 mm) for the 300Hz display] Depth: 10.87\"" (276.2 mm) with OLED Display Depth: 10.86\"" (276 mm) with Non-OLED Display Width: 14.19\"" (360.3 mm)"", ""Weight"": ""2.11Kg"", ""Keyboard"": ""Alienware mSeries keyboard with per-key RGB LED AlienFX lighting - English"", ""LCD Features"": ""IPS Anti-Glare 300-nits Display"", ""WLAN"": ""Killer™ Wi-Fi 6 AX1650 (2x2) 802.11ax Wireless and Bluetooth 5.1"", ""Ports"": ""1 x Power/DC-in Port 1 x RJ-45 Killer™ Ethernet E3000 10/100/1000Mbps/2.5Gbps Port 2 x Type-A USB 3.1 Gen 1 Port 1 x Type-A USB 3.1 Gen 1 port with PowerShare technology 1 x Thunderbolt™ 3 Port (USB Type-C™ with support for USB 3.1 Gen 2 10Gbps, 40Gbps Thunderbolt, and DisplayPort 1.2) 1 x Alienware Graphics Amplifier Port 1 x HDMI 2.0b with HDCP 2.2 Output Port 1 x Mini-Display Port 1.4 (certified) Output Port 1 x Audio Out 1/8\"" Ports (Compatible with inline mic headset)"", ""HDMI"": ""1(HDMI 2.0)"", ""Virtual Reality Ready (VR Ready)"": ""Yes"", ""Webcam"": ""Alienware HD (1280 x 720 pixels resolution) camera with dual-array integrated microphones"", ""AC Adapter"": ""230-watt AC adapter"", ""Battery"": ""Lithium-Ion, 6-cell"", ""Dell Alienware M15 R3 Price in Nepal"": ""Rs. 310,000""}"
https://hexxone.com/laptops-by-brand/dell/dell-alienware-m15-r6-i7-11800h-rtx-3070-gddr6-32gb-ram-1tb-ssd-156-inch-qhd-240hz-display-in-nepal?limit=30,Dell Alienware M15 R6 i7 11800H - RTX 3070 GDDR6 - 32GB RAM - 1TB SSD - 15.6-inch QHD 240Hz display in Nepal,"NPR 278,500.00",Availability: Out Of Stock,"Model: Dell Alienware M15 R6 | Processor: 11th Gen Intel Core i7-11800H | RAM: 32GB 3200MHz RAM | Storage: 1TB SSD | Display: 15.6"" QHD 240Hz Display | Graphic: GeForce RTX 3070 8GB GDDR6 | Warranty: 1 Year Warranty","{""Brand"": ""Dell"", ""Model"": ""Dell Alienware M15 R6"", ""Display Size"": ""15.6-inch Quad-HD (2560 x 1440 pixels), 240Hz refresh rate, Non-Touch, 2ms response time, Advanced Optimus, NVIDIA G-SYNC"", ""Generation"": ""11th Gen"", ""Graphics"": ""Nvidia Geforce RTX 3070 8GB GDDR6"", ""Operating System"": ""Windows 11"", ""Ports and connectivity"": ""3 Type-A USB 3.2 Gen 1 ports (one with PowerShare) 1 Type-C port (Includes Thunderbolt™ 4*, USB 3.2 Gen 2, Display Port 1.4, and Power Delivery 15W Output (5V/3A) capabilities) 1 HDMI 2.1 Output port1 Power/DC-In port1 Killer E2600 1 Gbps rated RJ-45 Ethernet port 1 Global Headset jack"", ""Processor"": ""11th Gen Intel Core i7-11800H; 8 core, 16 Threads"", ""Processor Speed"": ""8-Core, 24MB L3 Cache, up to 4.6GHz with Turbo Boost"", ""Ram"": ""32GB"", ""Series"": ""Alienware"", ""Storage"": ""1TB SSD"", ""Warranty"": ""1 Year Warranty"", ""Dell Alienware M15 R6 Price in Nepal"": ""Rs. 360,000""}"
https://hexxone.com/laptops-by-brand/dell/dell-g15-5530-2023-i5-13450hx-rtx-3050-16gb-ram-512gb-ssd-rgb-backlit-keyboard-2-years-warranty-in-nepal?limit=30,Dell G15 5530 2023 - i5 13450HX - RTX 3050 - 16GB RAM - 512GB SSD - RGB Backlit Keyboard - 2 Years Warranty in Nepal,"NPR 156,500.00",Availability: Out Of Stock,"Model: Dell G15 5530 2023 | Processor: 13th Gen Intel Core i5-13450HX | RAM: 16 GB, 2 x 8 GB, DDR5, 4800 MHz | Storage: 512GB SSD | Display: 15.6"", FHD, 120Hz, Non-Touch, AG, WVA, LED-Backlit, 250 nit | Graphic: GeForce RTX 3050  6GB | Warranty: 2 Year Warranty","{""Brand"": ""Dell"", ""CPU"": ""13th Gen Intel® Core™ i5-13450HX (20 MB cache, 10 cores, 16 threads, up to 4.60 GHz Turbo)"", ""RAM"": ""16 GB, 2 x 8 GB, DDR5, 4800 MHz"", ""Graphics"": ""NVIDIA® GeForce RTX™ 3050 6GB GDDR6"", ""Display"": ""15.6\"", FHD 1920x1080, 120Hz, Non-Touch, AG, WVA, LED-Backlit, 250 nit, Narrow Border"", ""Type"": ""Gaming laptop"", ""Connections"": ""1 headset (headphone and microphone combo) port 1 RJ45 Ethernet port 3 USB 3.2 Gen 1 ports 1 HDMI 2.1 port 1 USB-C 3.2 Gen 2 port with DisplayPort™"", ""Networking"": ""Intel® Wi-Fi 6 AX201, 2x2, 802.11ax, Bluetooth® wireless card"", ""Storage"": ""512GB M.2 PCIe NVMe Solid State Drive"", ""Size: height x width x depth"": ""Height: 26.95 mm (1.06 in.) Width: 357.26 mm (14.07 in.) Depth: 274.52 mm (10.80 in.)"", ""Battery"": ""3 Cell, 56 Wh, integrated"", ""Audio & Speaker"": ""2 tuned speakers with Dolby Audio 1 combo headphone / microphone jack"", ""Camera Webcam"": ""Camera Integrated widescreen HD (720p) Webcam with Single Array Digital Microphone"", ""Weight"": ""2.81 kg"", ""Additional features"": ""1 headset (headphone and microphone combo) port Stereo speakers with Realtek ALC3254, 2 W x 2.5 W Dual-array microphones"", ""Dell G15 2023 G5530 Price in Nepal"": ""Rs. 165,000 (core i5 13450HX)""}"
https://hexxone.com/laptops-by-brand/dell/dell-inspiron-14-5440-14th-gen-intel-core-5-120-16gb-ram-512gb-ssd-14-inch-fhd-backlight-keyboard-2-years-warranty-in-nepal?limit=30,Dell Inspiron 14 5440 - 14Th Gen Intel Core 5 120 - 16GB RAM - 512GB SSD - 14-inch FHD + - Backlight Keyboard - 2 Years Warranty in Nepal,"NPR 127,500.00",Availability: Out Of Stock,"Model: Dell Inspiron 14 5440 2024 Model | Processor: Intel Core 5 -120U (12 MB cache, 10 cores, 12 threads, up to 4.60 GHz) | RAM: 16GB RAM, Storage: 512GB SSD | Display: 14"" FHD+ (1920x1200) | Features: Wi-Fi 6, Stereo Speaker, Backlit Keyboard, Fingerprint","{""Brand"": ""Dell"", ""Series"": ""Inspiron Series"", ""CPU"": ""Intel® Core™ 5 processor 120U (12MB cache, 10 cores, 12 threads, up to 5.0 GHz)"", ""Graphics"": ""Intel® Graphics"", ""Memory"": ""16 GB: 2 x 8 GB, DDR5, 5200 MT/s"", ""Display"": ""14\"", FHD+ 1920x1200, 60Hz, WVA, IPS, Non-Touch, Anti-Glare, 250 nit, ComfortView"", ""Type"": ""Thin and Light Ultrabook"", ""Connections"": ""2 USB 3.2 Gen 1 (5 Gbps) ports 1 USB 3.2 Gen 2 (10 Gbps) Type-C® with Power Delivery and DisplayPort™ 1 headset (headphone and microphone combo) port 1 HDMI 1.4 port* 1 power-adapter port *Note: HDMI output supports up to 1920x1080 @ 60Hz, 24bpp. No 4K/2K output supported."", ""Networking"": ""Realtek Wi-Fi 6 RTL8852BE, 2x2, 802.11ax, MU-MIMO, Bluetooth® wireless card"", ""Storage"": ""512 GB, M.2, PCIe NVMe, SSD"", ""Size :Height x width x depth"": ""Height: 0.62 in. – 0.74in. (18.90 mm) Width: 12.36 in. (314.00 mm) Depth: 8.90 in. (226.15 mm)"", ""Audio"": ""Stereo speakers with Waves MaxxAudio® Pro and Dolby Atmos Core, 2W x 2 = 4W total"", ""Battery"": ""4-Cell 54 Watt-Hours Integrated"", ""Camera Webcam"": ""1080p at 30 fps widescreen FHD-RGB camera, Dual-array microphones"", ""Weight"": ""Weight (Minimum): 3.44 lbs. (1.56 kg)"", ""Keyboard"": ""English International backlit keyboard"", ""Dell Inspiron 14 5440 i5 Price in Nepal"": ""Rs.128000""}"
https://hexxone.com/laptops-by-brand/dell/dell-inspiron-14-5440-14th-gen-intel-core-5-120-16gb-ram-512gb-ssd-geforce-mx570a-2gb-14-inch-fhd-backlight-keyboard-2-years-warranty-in-nepal?limit=30,Dell Inspiron 14 5440 - 14Th Gen Intel Core 5 120 - 16GB RAM - 512GB SSD - GeForce MX570A 2GB - 14-inch FHD + - Backlight Keyboard - 2 Years Warranty in Nepal,"NPR 159,500.00",Availability: Out Of Stock,"Model: Dell Inspiron 14 5440 2024 Model | Processor: Intel Core 5 -120U (12 MB cache, 10 cores, 12 threads, up to 4.60 GHz) | RAM: 16GB RAM, Storage: 512GB SSD | Graphic:  GeForce MX770A 2GB | Display: 14"" FHD+ (1920x1200) | Features: Wi-Fi 6, Stereo Speaker, Backlit Keyboard, Fingerprint","{""Brand"": ""Dell"", ""Series"": ""Inspiron Series"", ""CPU"": ""Intel® Core™ 5 processor 120U (12MB cache, 10 cores, 12 threads, up to 5.0 GHz)"", ""Graphics"": ""NVIDIA® GeForce® MX570A with 2GB GDDR6 graphics memory"", ""Memory"": ""16 GB: 2 x 8 GB, DDR5, 5200 MT/s"", ""Display"": ""14\"", FHD+ 1920x1200, 60Hz, WVA, IPS, Non-Touch, Anti-Glare, 250 nit, ComfortView"", ""Type"": ""Thin and Light Ultrabook"", ""Connections"": ""2 USB 3.2 Gen 1 (5 Gbps) ports 1 USB 3.2 Gen 2 (10 Gbps) Type-C® with Power Delivery and DisplayPort™ 1 headset (headphone and microphone combo) port 1 HDMI 1.4 port* 1 power-adapter port *Note: HDMI output supports up to 1920x1080 @ 60Hz, 24bpp. No 4K/2K output supported."", ""Networking"": ""Realtek Wi-Fi 6 RTL8852BE, 2x2, 802.11ax, MU-MIMO, Bluetooth® wireless card"", ""Storage"": ""512 GB, M.2, PCIe NVMe, SSD"", ""Size :Height x width x depth"": ""Height: 0.62 in. – 0.74in. (18.90 mm) Width: 12.36 in. (314.00 mm) Depth: 8.90 in. (226.15 mm)"", ""Audio"": ""Stereo speakers with Waves MaxxAudio® Pro and Dolby Atmos Core, 2W x 2 = 4W total"", ""Battery"": ""4-Cell 54 Watt-Hours Integrated"", ""Camera Webcam"": ""1080p at 30 fps widescreen FHD-RGB camera, Dual-array microphones"", ""Weight"": ""Weight (Minimum): 3.44 lbs. (1.56 kg)"", ""Keyboard"": ""English International backlit keyboard"", ""Dell Inspiron 14 5440 Intel Core 5 120U Price in Nepal"": ""Rs.160000""}"
https://hexxone.com/laptops-by-brand/dell/dell-inspiron-14-5440-14th-gen-intel-core-7-150u-16gb-ram-1tb-ssd-geforce-mx570a-2gb-14-inch-fhd-backlight-keyboard-2-years-warranty-in-nepal?limit=30,Dell Inspiron 14 5440 - 14Th Gen Intel Core 7 150U - 16GB RAM - 1TB SSD - GeForce MX570A 2GB - 14-inch FHD + - Backlight Keyboard - 2 Years Warranty in Nepal,"NPR 175,500.00",Availability: Out Of Stock,"Model: Dell Inspiron 14 5440 2024 Model | Processor: Intel Core 7 -150U (12 MB cache, 10 cores, 12 threads, up to 4.60 GHz) | RAM: 16GB RAM, Storage: 1TB SSD | Graphic:  GeForce MX570A 2GB | Display: 14"" FHD+ (1920x1200) | Features: Wi-Fi 6, Stereo Speaker, Backlit Keyboard, Fingerprint","{""Brand"": ""Dell"", ""Series"": ""Inspiron Series"", ""CPU"": ""Intel® Core™ 7 150U (12 MB cache, 10 cores, 12 threads, up to 5.40 GHz Turbo)"", ""Graphics"": ""NVIDIA® GeForce® MX570A with 2GB GDDR6 graphics memory"", ""Memory"": ""16 GB: 2 x 8 GB, DDR5, 5200 MT/s"", ""Display"": ""14\"", FHD+ 1920x1200, 60Hz, WVA, IPS, Non-Touch, Anti-Glare, 250 nit, ComfortView"", ""Type"": ""Thin and Light Ultrabook"", ""Connections"": ""2 USB 3.2 Gen 1 (5 Gbps) ports 1 USB 3.2 Gen 2 (10 Gbps) Type-C® with Power Delivery and DisplayPort™ 1 headset (headphone and microphone combo) port 1 HDMI 1.4 port* 1 power-adapter port *Note: HDMI output supports up to 1920x1080 @ 60Hz, 24bpp. No 4K/2K output supported."", ""Networking"": ""Realtek Wi-Fi 6 RTL8852BE, 2x2, 802.11ax, MU-MIMO, Bluetooth® wireless card"", ""Storage"": ""1TB, M.2, PCIe NVMe, SSD"", ""Size :Height x width x depth"": ""Height: 0.62 in. – 0.74in. (18.90 mm) Width: 12.36 in. (314.00 mm) Depth: 8.90 in. (226.15 mm)"", ""Audio"": ""Stereo speakers with Waves MaxxAudio® Pro and Dolby Atmos Core, 2W x 2 = 4W total"", ""Battery"": ""4-Cell 54 Watt-Hours Integrated"", ""Camera Webcam"": ""1080p at 30 fps widescreen FHD-RGB camera, Dual-array microphones"", ""Weight"": ""Weight (Minimum): 3.44 lbs. (1.56 kg)"", ""Keyboard"": ""English International backlit keyboard"", ""Dell Inspiron 14 5440 Intel Core 7 150U Price in Nepal"": ""Rs.170000""}"
https://hexxone.com/laptops-by-brand/dell/dell-inspiron-14-5440-14th-gen-intel-core-7-150u-16gb-ram-512gb-ssd-14-inch-fhd-backlight-keyboard-2-years-warranty-in-nepal?limit=30,Dell Inspiron 14 5440 - 14Th Gen Intel Core 7 150U - 16GB RAM - 512GB SSD - 14-inch FHD + - Backlight Keyboard - 2 Years Warranty in Nepal,"NPR 141,500.00",Availability: Out Of Stock,"Model: Dell Inspiron 14 5440 2024 Model | Processor: Intel Core 7-150U (12 MB cache, 10 cores, 12 threads, up to 4.60 GHz) | RAM: 16GB RAM, Storage: 512GB SSD | Display: 14"" FHD+ (1920x1200) | Features: Wi-Fi 6, Stereo Speaker, Backlit Keyboard, Fingerprint","{""Brand"": ""Dell"", ""Series"": ""Inspiron Series"", ""CPU"": ""Intel® Core™ 7 processor 150U (12MB cache, 10 cores, 12 threads, up to 5.0 GHz)"", ""Graphics"": ""Intel® Graphics"", ""Memory"": ""16 GB: 2 x 8 GB, DDR5, 5200 MT/s"", ""Display"": ""14\"", FHD+ 1920x1200, 60Hz, WVA, IPS, Non-Touch, Anti-Glare, 250 nit, ComfortView"", ""Type"": ""Thin and Light Ultrabook"", ""Connections"": ""2 USB 3.2 Gen 1 (5 Gbps) ports 1 USB 3.2 Gen 2 (10 Gbps) Type-C® with Power Delivery and DisplayPort™ 1 headset (headphone and microphone combo) port 1 HDMI 1.4 port* 1 power-adapter port *Note: HDMI output supports up to 1920x1080 @ 60Hz, 24bpp. No 4K/2K output supported."", ""Networking"": ""Realtek Wi-Fi 6 RTL8852BE, 2x2, 802.11ax, MU-MIMO, Bluetooth® wireless card"", ""Storage"": ""512 GB, M.2, PCIe NVMe, SSD"", ""Size :Height x width x depth"": ""Height: 0.62 in. – 0.74in. (18.90 mm) Width: 12.36 in. (314.00 mm) Depth: 8.90 in. (226.15 mm)"", ""Audio"": ""Stereo speakers with Waves MaxxAudio® Pro and Dolby Atmos Core, 2W x 2 = 4W total"", ""Battery"": ""4-Cell 54 Watt-Hours Integrated"", ""Camera Webcam"": ""1080p at 30 fps widescreen FHD-RGB camera, Dual-array microphones"", ""Weight"": ""Weight (Minimum): 3.44 lbs. (1.56 kg)"", ""Keyboard"": ""English International backlit keyboard"", ""Dell Inspiron 14 5440 i7 Price in Nepal"": ""Rs.142000""}"
https://hexxone.com/laptops-by-brand/dell/dell-inspiron-14-5445-amd-ryzen-5-8540u-8gb-ram-512gb-ssd-14-inch-fhd-2-years-warranty-in-nepal?limit=30,Dell Inspiron 14 5445 - AMD Ryzen 5 8540U - 8GB RAM 512GB SSD - 14-inch FHD + - 2 Years Warranty in Nepal,"NPR 104,500.00",Availability: Out Of Stock,"Model: Dell Inspiron 14 5445 2024 Model | Processor: AMD Ryzen™ 5 8540U 6-core/12-thread Processor with Radeon™ Graphics | RAM: 8GB RAM, Storage: 512GB SSD | Display: 14"" FHD+ (1920x1200) | Graphic: AMD Radeon™ Graphics | Features: Wi-Fi 6, Stereo Speaker, Fingerprint","{""Brand"": ""Dell"", ""Series"": ""Inspiron Series"", ""CPU"": ""AMD Ryzen™ 5 8540U 6-core/12-thread Processor with Radeon™ Graphics"", ""Graphics"": ""AMD Radeon™ Graphics"", ""Memory"": ""8 GB: 1 x 8 GB, DDR5, 5600 MT/s"", ""Display"": ""14\"", FHD+ 1920x1200, 60Hz, WVA, Non-Touch, Anti-Glare, 250 nit, ComfortView Plus"", ""Type"": ""Thin and Light Ultrabook"", ""Connections"": ""Ports 2 USB 3.2 Gen 1 (5 Gbps) ports 1 USB 3.2 Gen 2 (10 Gbps) Type-C® with DisplayPort™ Alt Mode 1.4/Power Delivery port 1 Universal audio jack 1 HDMI 1.4 port* The Maximum resolution supported over HDMI is 1920x1080 @60Hz. No 4K/2K output.​"", ""Networking"": ""Realtek Wi-Fi 6 RTL8852BE, 2x2, 802.11ax, MU-MIMO, Bluetooth® wireless card"", ""Storage"": ""512GB SSD, M.2, PCIe NVMe, SSD"", ""Size :Height x width x depth"": ""Aluminum: Height (Front): 15.86 mm (0.62 in.) Height (Rear): 17.31 mm (0.68 in.) Width: 314 mm (12.36 in.) Depth: 226.15 mm (8.90 in.) Weight (Minimum): 1.56 kg (3.44 lb)* Weight (Maximum): 1.59 kg (3.51 lb)*"", ""Audio"": ""Stereo speakers with Realtek ALC3254 Audio Controller, 2W x 2 = 4W total"", ""Battery"": ""4-Cell 54 Watt-Hours Integrated"", ""Camera Webcam"": ""1080p at 30 fps widescreen FHD-RGB camera, Dual-array microphones"", ""Weight"": ""Weight (Maximum): 1.59 kg (3.51 lb)*"", ""Keyboard"": ""English International backlit keyboard"", ""Dell Inspiron 14 5445  Price in Nepal"": ""Rs.105000""}"
https://hexxone.com/laptops-by-brand/dell/dell-inspiron-14-5445-amd-ryzen-7-8840u-16gb-ram-1tb-ssd-14-inch-fhd-2-years-warranty-in-nepal?limit=30,Dell Inspiron 14 5445 - AMD Ryzen 7 8840U - 16GB RAM 1TB SSD - 14-inch FHD + - 2 Years Warranty in Nepal,"NPR 127,000.00",Availability: Out Of Stock,"Model: Dell Inspiron 14 5445 2024 Model | Processor: AMD Ryzen™ 7 8840U 8-core/16-thread Processor with Radeon™ Graphics | RAM: 16GB RAM, Storage: 1TB SSD | Display: 14"" FHD+ (1920x1200) | Graphic: AMD Radeon™ Graphics | Features: Wi-Fi 6, Stereo Speaker, Fingerprint","{""Brand"": ""Dell"", ""Series"": ""Inspiron Series"", ""CPU"": ""AMD Ryzen™ 7 8840U (24 MB total cache, 8 cores, 16 threads) with Radeon™ Graphics"", ""Graphics"": ""AMD Radeon™ Graphics"", ""Memory"": ""16 GB: 2 x 8 GB, DDR5, 5600 MT/s"", ""Display"": ""14\"", FHD+ 1920x1200, 60Hz, WVA, Non-Touch, Anti-Glare, 250 nit, ComfortView Plus"", ""Type"": ""Thin and Light Ultrabook"", ""Connections"": ""Ports 2 USB 3.2 Gen 1 (5 Gbps) ports 1 USB 3.2 Gen 2 (10 Gbps) Type-C® with DisplayPort™ Alt Mode 1.4/Power Delivery port 1 Universal audio jack 1 HDMI 1.4 port* The Maximum resolution supported over HDMI is 1920x1080 @60Hz. No 4K/2K output.​"", ""Networking"": ""Realtek Wi-Fi 6 RTL8852BE, 2x2, 802.11ax, MU-MIMO, Bluetooth® wireless card"", ""Storage"": ""1TB SSD, M.2, PCIe NVMe, SSD"", ""Size :Height x width x depth"": ""Aluminum: Height (Front): 15.86 mm (0.62 in.) Height (Rear): 17.31 mm (0.68 in.) Width: 314 mm (12.36 in.) Depth: 226.15 mm (8.90 in.) Weight (Minimum): 1.56 kg (3.44 lb)* Weight (Maximum): 1.59 kg (3.51 lb)*"", ""Audio"": ""Stereo speakers with Realtek ALC3254 Audio Controller, 2W x 2 = 4W total"", ""Battery"": ""4-Cell 54 Watt-Hours Integrated"", ""Camera Webcam"": ""1080p at 30 fps widescreen FHD-RGB camera, Dual-array microphones"", ""Weight"": ""Weight (Maximum): 1.59 kg (3.51 lb)*"", ""Keyboard"": ""English International keyboard"", ""Dell Inspiron 14 5445  Price in Nepal"": ""Rs.127000""}"
https://hexxone.com/laptops-by-brand/dell/dell-inspiron-14-7430-i7-1355u-16gb-ram-512gb-ssd-14-inch-fhd-360-degree-touch-display-backlit-keyboard-fingerprint-reader-2-years-warranty-in-nepal?limit=30,Dell Inspiron 14 7430 - i7 1355U - 16GB RAM - 512GB SSD - 14-inch FHD 360-degree Touch display - Backlit Keyboard - Fingerprint Reader - 2 Years Warranty in Nepal,"NPR 164,500.00",Availability: Out Of Stock,"Model: Dell Inspiron 14 7430 | Processor:  13th Gen Intel I7 1335U Processor | RAM: 16GB DDR5 RAM | Storage: 512GB SSD | Display: 14 inch FHD (1920 x 1080) Touch 2-in-1 Display | Graphic: Intel Iris Xe Graphic | Warranty: 2 Year Warranty, Authorised Product","{""Brand"": ""Dell"", ""Series"": ""Inspiron Series"", ""CPU"": ""13th Generation Intel Core i7-1355U Processor (12MB Cache, up to 5.00 GHz)"", ""Graphics"": ""Intel Iris Xe Graphics"", ""Memory"": ""16 GB, LPDDR5, 4800 MHz, integrated"", ""Display"": ""14-inch Full-HD+ (1920 x 1200 pixels), 16:10 aspect ratio; 60Hz refresh rate, Touch display, WVA, TrueLife™, Narrow Border, Pen Support"", ""Type"": ""Thin and Light Ultrabook"", ""Connections"": ""1 HDMI 1.4 (The maximum resolution supported over HDMI is 1920x1080 @60Hz. No 4K2K output.) 2 Intel Thunderbolt 4.0 1 USB 3.2 Gen 1 Type-A 1 Universal Audio Jack*"", ""Networking"": ""Intel® Wi-Fi 6E AX211, 2x2, 802.11ax, Bluetooth® wireless card"", ""Storage"": ""512GB SSD"", ""Size :Height x width x depth"": ""Height (Front): 15.70 mm (0.61 in.) Height (Rear): 17.86 mm (0.70 in.) Height (Peak): 18.50 mm (0.72 in.) Width: 314 mm (12.36 in.) Depth: 227.50 mm (8.95 in.)"", ""Battery"": ""4-Cell 54 Watt-Hours Integrated"", ""Camera Webcam"": ""1080p at 30 fps FHD camera Dual-array microphones"", ""Weight"": ""1.57Kg"", ""Audio"": ""1 headset (headphone and microphone combo) port Stereo speakers with Waves MaxxAudio® Pro, 2 W x 2 = 4 W total"", ""Dell Inspiron 14 7430 Price in Nepal"": ""Rs. 174,000""}"
https://hexxone.com/laptops-by-brand/dell/dell-inspiron-14-7430-i7-1355u-16gb-ram-512gb-ssd-14-inch-fhd-360-degree-touch-display-backlit-keyboard-fingerprint-reader-2-years-warranty-in-nepal?limit=30,Dell Inspiron 14 7430 - i7 1355U - 16GB RAM - 512GB SSD - 14-inch FHD 360-degree Touch display - Backlit Keyboard - Fingerprint Reader - 2 Years Warranty in Nepal,"NPR 164,500.00",Availability: Out Of Stock,"Model: Dell Inspiron 14 7430 | Processor:  13th Gen Intel I7 1335U Processor | RAM: 16GB DDR5 RAM | Storage: 512GB SSD | Display: 14 inch FHD (1920 x 1080) Touch 2-in-1 Display | Graphic: Intel Iris Xe Graphic | Warranty: 2 Year Warranty, Authorised Product","{""Brand"": ""Dell"", ""Series"": ""Inspiron Series"", ""CPU"": ""13th Generation Intel Core i7-1355U Processor (12MB Cache, up to 5.00 GHz)"", ""Graphics"": ""Intel Iris Xe Graphics"", ""Memory"": ""16 GB, LPDDR5, 4800 MHz, integrated"", ""Display"": ""14-inch Full-HD+ (1920 x 1200 pixels), 16:10 aspect ratio; 60Hz refresh rate, Touch display, WVA, TrueLife™, Narrow Border, Pen Support"", ""Type"": ""Thin and Light Ultrabook"", ""Connections"": ""1 HDMI 1.4 (The maximum resolution supported over HDMI is 1920x1080 @60Hz. No 4K2K output.) 2 Intel Thunderbolt 4.0 1 USB 3.2 Gen 1 Type-A 1 Universal Audio Jack*"", ""Networking"": ""Intel® Wi-Fi 6E AX211, 2x2, 802.11ax, Bluetooth® wireless card"", ""Storage"": ""512GB SSD"", ""Size :Height x width x depth"": ""Height (Front): 15.70 mm (0.61 in.) Height (Rear): 17.86 mm (0.70 in.) Height (Peak): 18.50 mm (0.72 in.) Width: 314 mm (12.36 in.) Depth: 227.50 mm (8.95 in.)"", ""Battery"": ""4-Cell 54 Watt-Hours Integrated"", ""Camera Webcam"": ""1080p at 30 fps FHD camera Dual-array microphones"", ""Weight"": ""1.57Kg"", ""Audio"": ""1 headset (headphone and microphone combo) port Stereo speakers with Waves MaxxAudio® Pro, 2 W x 2 = 4 W total"", ""Dell Inspiron 14 7430 Price in Nepal"": ""Rs. 174,000""}"
https://hexxone.com/laptops-by-brand/dell/dell-inspiron-14-7430-2-in-1-i5-13th-gen-8gb-ram-512gb-ssd-14-inch-360-touchscreen-fhd-display-in-nepal?limit=30,Dell Inspiron 14 7430 2-in-1 i5 13th Gen - 8GB RAM - 512GB SSD - 14-inch 360 Touchscreen FHD display in Nepal,"NPR 137,500.00",Availability: Out Of Stock,Model: Dell Inspiron 14 7430 | Processor:  13th Gen Intel I5 1335U Processor | RAM: 8GB DDR5 RAM | Storage: 512GB SSD | Display: 14 inch FHD (1920 x 1080) Touch 2-in-1 Display | Graphic: Intel Iris Xe Graphic | Warranty: 1 Year Warranty,"{""Brand"": ""Dell"", ""Series"": ""Inspiron Series"", ""CPU"": ""13th Gen Intel® Core™ i5-1335U (12 MB cache, 10 cores, 12 threads, up to 4.60 GHz Turbo)"", ""Graphics"": ""Intel® Iris® Xe Graphics"", ""Memory"": ""8 GB, LPDDR5, 4800 MHz, integrated"", ""Display"": ""14-inch Full-HD+ (1920 x 1200 pixels), 16:10 aspect ratio; 60Hz refresh rate, Touch display, WVA, TrueLife™, Narrow Border, Pen Support"", ""Type"": ""Thin and Light Ultrabook"", ""Connections"": ""1 HDMI 1.4 (The maximum resolution supported over HDMI is 1920x1080 @60Hz. No 4K2K output.) 2 Intel Thunderbolt 4.0 1 USB 3.2 Gen 1 Type-A 1 Universal Audio Jack*"", ""Networking"": ""Intel® Wi-Fi 6E AX211, 2x2, 802.11ax, Bluetooth® wireless card"", ""Storage"": ""512GB SSD"", ""Size :Height x width x depth"": ""Height (Front): 15.70 mm (0.61 in.) Height (Rear): 17.86 mm (0.70 in.) Height (Peak): 18.50 mm (0.72 in.) Width: 314 mm (12.36 in.) Depth: 227.50 mm (8.95 in.)"", ""Battery"": ""4-Cell 54 Watt-Hours Integrated"", ""Camera Webcam"": ""1080p at 30 fps FHD camera Dual-array microphones"", ""Weight"": ""1.57Kg"", ""Audio"": ""1 headset (headphone and microphone combo) port Stereo speakers with Waves MaxxAudio® Pro, 2 W x 2 = 4 W total"", ""Dell Inspiron 14 7430 Price in Nepal"": ""Rs. 138,000""}"
https://hexxone.com/laptops-by-brand/dell/dell-inspiron-14-7430-2-in-1-i5-13th-gen-8gb-ram-512gb-ssd-14-inch-360-touchscreen-fhd-display-in-nepal?limit=30,Dell Inspiron 14 7430 2-in-1 i5 13th Gen - 8GB RAM - 512GB SSD - 14-inch 360 Touchscreen FHD display in Nepal,"NPR 137,500.00",Availability: Out Of Stock,Model: Dell Inspiron 14 7430 | Processor:  13th Gen Intel I5 1335U Processor | RAM: 8GB DDR5 RAM | Storage: 512GB SSD | Display: 14 inch FHD (1920 x 1080) Touch 2-in-1 Display | Graphic: Intel Iris Xe Graphic | Warranty: 1 Year Warranty,"{""Brand"": ""Dell"", ""Series"": ""Inspiron Series"", ""CPU"": ""13th Gen Intel® Core™ i5-1335U (12 MB cache, 10 cores, 12 threads, up to 4.60 GHz Turbo)"", ""Graphics"": ""Intel® Iris® Xe Graphics"", ""Memory"": ""8 GB, LPDDR5, 4800 MHz, integrated"", ""Display"": ""14-inch Full-HD+ (1920 x 1200 pixels), 16:10 aspect ratio; 60Hz refresh rate, Touch display, WVA, TrueLife™, Narrow Border, Pen Support"", ""Type"": ""Thin and Light Ultrabook"", ""Connections"": ""1 HDMI 1.4 (The maximum resolution supported over HDMI is 1920x1080 @60Hz. No 4K2K output.) 2 Intel Thunderbolt 4.0 1 USB 3.2 Gen 1 Type-A 1 Universal Audio Jack*"", ""Networking"": ""Intel® Wi-Fi 6E AX211, 2x2, 802.11ax, Bluetooth® wireless card"", ""Storage"": ""512GB SSD"", ""Size :Height x width x depth"": ""Height (Front): 15.70 mm (0.61 in.) Height (Rear): 17.86 mm (0.70 in.) Height (Peak): 18.50 mm (0.72 in.) Width: 314 mm (12.36 in.) Depth: 227.50 mm (8.95 in.)"", ""Battery"": ""4-Cell 54 Watt-Hours Integrated"", ""Camera Webcam"": ""1080p at 30 fps FHD camera Dual-array microphones"", ""Weight"": ""1.57Kg"", ""Audio"": ""1 headset (headphone and microphone combo) port Stereo speakers with Waves MaxxAudio® Pro, 2 W x 2 = 4 W total"", ""Dell Inspiron 14 7430 Price in Nepal"": ""Rs. 138,000""}"
https://hexxone.com/laptops-by-brand/dell/dell-inspiron-14-7445-amd-ryzen-5-8640hs-8gb-ram-512gb-ssd-14-inch-fhd-backlight-keyboard-2-1-touch?limit=30,Dell Inspiron 14 7445 - AMD Ryzen 5 8640HS - 8GB RAM 512GB SSD - 14-inch FHD + - Backlight Keyboard - 2-1 Touch,"NPR 104,500.00",Availability: Out Of Stock,"Model: Dell Inspiron 14 7445 2-1 2024 Model | Processor: AMD Ryzen™ 5 8640HS 6-core/12-thread Processor with Radeon™ Graphics | RAM: 8GB RAM, Storage: 512GB SSD | Display: 14"", Touch, FHD+ 1920x1200, 60Hz, WVA, IPS, 250 nit, ComfortView | Graphic: AMD Radeon™ Graphics | Features: Wi-Fi 6, Stereo Speaker, Backlit Keyboard, Fingerprint","{""Brand"": ""Dell"", ""Series"": ""Inspiron Series"", ""CPU"": ""AMD Ryzen™ 5 8640HS 6-core/12-thread Processor with Radeon™ Graphics"", ""Graphics"": ""AMD Radeon™ Graphics"", ""Memory"": ""8 GB: 1 x 8 GB, DDR5, 5600 MT/s"", ""Display"": ""14\"", FHD+ 1920x1200, 60Hz, WVA, Touch, Anti-Glare, 250 nit, ComfortView Plus"", ""Type"": ""Thin and Light Ultrabook"", ""Connections"": ""2 USB Type-C® 3.2 Gen 2 (10 Gbps) with Power Delivery and DisplayPort™ 1.4 ports 2 USB 3.2 Gen 1 Type-A ports 1 Universal audio jack* 1 HDMI 1.4 port - The maximum resolution supported over HDMI is 1920x1080 @60HZ. No 4K/2K output.​"", ""Networking"": ""Realtek Wi-Fi 6 RTL8852BE, 2x2, 802.11ax, MU-MIMO, Bluetooth® wireless card"", ""Storage"": ""512GB SSD, M.2, PCIe NVMe, SSD"", ""Size :Height x width x depth"": ""1. Height: 0.62 in.- 0.74 in. (15.86 mm – 18.90 mm) 2. Width: 12.36 in. (314.00 mm) 3. Depth: 8.90 in. (226.15 mm) Starting Weight: 3.77 lb (1.71 kg)*"", ""Audio"": ""Stereo speakers with Realtek ALC3254 Audio Controller, 2W x 2 = 4W total"", ""Battery"": ""4-Cell 54 Watt-Hours Integrated"", ""Camera Webcam"": ""1080p at 30 fps widescreen FHD-RGB camera, Dual-array microphones"", ""Weight"": ""Weight (Maximum): 1.71Kg"", ""Keyboard"": ""English International backlit keyboard"", ""Dell Inspiron 14 7445  Price in Nepal"": ""Rs.115000""}"
https://hexxone.com/laptops-by-brand/dell/dell-inspiron-14-7445-amd-ryzen-5-8640hs-8gb-ram-512gb-ssd-14-inch-fhd-backlight-keyboard-2-1-touch?limit=30,Dell Inspiron 14 7445 - AMD Ryzen 5 8640HS - 8GB RAM 512GB SSD - 14-inch FHD + - Backlight Keyboard - 2-1 Touch,"NPR 104,500.00",Availability: Out Of Stock,"Model: Dell Inspiron 14 7445 2-1 2024 Model | Processor: AMD Ryzen™ 5 8640HS 6-core/12-thread Processor with Radeon™ Graphics | RAM: 8GB RAM, Storage: 512GB SSD | Display: 14"", Touch, FHD+ 1920x1200, 60Hz, WVA, IPS, 250 nit, ComfortView | Graphic: AMD Radeon™ Graphics | Features: Wi-Fi 6, Stereo Speaker, Backlit Keyboard, Fingerprint","{""Brand"": ""Dell"", ""Series"": ""Inspiron Series"", ""CPU"": ""AMD Ryzen™ 5 8640HS 6-core/12-thread Processor with Radeon™ Graphics"", ""Graphics"": ""AMD Radeon™ Graphics"", ""Memory"": ""8 GB: 1 x 8 GB, DDR5, 5600 MT/s"", ""Display"": ""14\"", FHD+ 1920x1200, 60Hz, WVA, Touch, Anti-Glare, 250 nit, ComfortView Plus"", ""Type"": ""Thin and Light Ultrabook"", ""Connections"": ""2 USB Type-C® 3.2 Gen 2 (10 Gbps) with Power Delivery and DisplayPort™ 1.4 ports 2 USB 3.2 Gen 1 Type-A ports 1 Universal audio jack* 1 HDMI 1.4 port - The maximum resolution supported over HDMI is 1920x1080 @60HZ. No 4K/2K output.​"", ""Networking"": ""Realtek Wi-Fi 6 RTL8852BE, 2x2, 802.11ax, MU-MIMO, Bluetooth® wireless card"", ""Storage"": ""512GB SSD, M.2, PCIe NVMe, SSD"", ""Size :Height x width x depth"": ""1. Height: 0.62 in.- 0.74 in. (15.86 mm – 18.90 mm) 2. Width: 12.36 in. (314.00 mm) 3. Depth: 8.90 in. (226.15 mm) Starting Weight: 3.77 lb (1.71 kg)*"", ""Audio"": ""Stereo speakers with Realtek ALC3254 Audio Controller, 2W x 2 = 4W total"", ""Battery"": ""4-Cell 54 Watt-Hours Integrated"", ""Camera Webcam"": ""1080p at 30 fps widescreen FHD-RGB camera, Dual-array microphones"", ""Weight"": ""Weight (Maximum): 1.71Kg"", ""Keyboard"": ""English International backlit keyboard"", ""Dell Inspiron 14 7445  Price in Nepal"": ""Rs.115000""}"
https://hexxone.com/laptops-by-brand/dell/dell-inspiron-15-3530-i3-1305u-8gb-ram-512gb-ssd-156-inch-fhd-display-2-years-warranty-in-nepal?limit=30,Dell Inspiron 15 3530 - i3 1305U - 8GB RAM - 512GB SSD - 15.6-inch FHD display - 2 Years Warranty in Nepal,"NPR 72,500.00",Availability: Out Of Stock,"Model: Dell Inspiron 15 3530 | Processor:  13th Gen Intel I3 1305U Processor | RAM: 8GB DDR4 RAM | Storage: 512GB SSD | Display: 15.6-inch IPS display; Full-HD, 60hz | Graphic: Intel UHD Graphics | Warranty: 2 Year Warranty, Authorised Product","{""CPU"": ""13th Generation Intel Core i3-1305U Processor (10MB Cache, up to 4.50 GHz)"", ""RAM"": ""8GB, 1x8GB, DDR4, 2666MHz"", ""Display"": ""15.6-inch FHD (1920 x 1080) Anti-glare LED Backlight Non-Touch Narrow Border WVA Display"", ""Connections"": ""1 USB 3.2 Gen 1 Type-C® port with DisplayPort 1.4 (on 12th Gen Processor configured with Type-C®)* 1 USB 3.2 Gen 1 port (on systems configured with Type-C®) 2 USB 3.2 Gen 1 ports (on systems configured with non Type-C®) 1 USB 2.0 port 1 Power Jack 1 headset (headphone and microphone combo) port 1 HDMI 1.4 port"", ""Networking"": ""Intel® Wi-Fi 6 AX201, 2x2, 802.11ax, Bluetooth® wireless card"", ""Storage"": ""512GB SSD"", ""Size: Height x width x depth"": ""Height (front): 16.96 mm (0.67 in.) Height (rear): 21.07 mm (0.83 in.) Width: 358.50 mm (14.11 in.) Depth: 235.56 mm (9.27 in.)"", ""Camera"": ""720p at 30 fps HD camera, single-integrated microphone"", ""Battery"": ""3-Cell Battery, 41WHr"", ""Weight"": ""1.65 kg (3.65 lbs.)"", ""Audio"": ""Stereo speakers, 2 W x 2 = 4 W total""}"
https://hexxone.com/laptops-by-brand/dell/dell-inspiron-15-3530-i5-1335u-8gb-ram-512gb-ssd-156-inch-fhd-display-2-years-warranty-in-nepal?limit=30,Dell Inspiron 15 3530 - i5 1335U - 8GB RAM - 512GB SSD - 15.6-inch FHD display - 2 Years Warranty in Nepal,"NPR 87,500.00",Availability: Out Of Stock,"Model: Dell Inspiron 15 3530 | Processor:  13th Gen Intel I5 1335U Processor | RAM: 8GB DDR4 RAM | Storage: 512GB SSD | Display: 15.6-inch IPS display; Full-HD, 60hz | Graphic: Intel UHD Graphics | Warranty: 2 Year Warranty, Authorized Product","{""CPU"": ""13th Generation Intel® Core™ i5-1335U Processor (12MB Cache, up to 4.60 GHz)"", ""RAM"": ""8GB, 1x8GB, DDR4, 2666MHz"", ""Display"": ""15.6 inch FHD (1920 x 1080) 120Hz 250 nits WVA Anti- Glare LED Backlit Narrow Border Display"", ""Connections"": ""1 USB 3.2 Gen 1 Type-C® port with DisplayPort 1.4 (on 12th Gen Processor configured with Type-C®)* 1 USB 3.2 Gen 1 port (on systems configured with Type-C®) 2 USB 3.2 Gen 1 ports (on systems configured with non Type-C®) 1 USB 2.0 port 1 Power Jack 1 headset (headphone and microphone combo) port 1 HDMI 1.4 port"", ""Networking"": ""Intel® Wi-Fi 6 AX201, 2x2, 802.11ax, Bluetooth® wireless card"", ""Storage"": ""512GB SSD"", ""Size: Height x width x depth"": ""Height (front): 16.96 mm (0.67 in.) Height (rear): 21.07 mm (0.83 in.) Width: 358.50 mm (14.11 in.) Depth: 235.56 mm (9.27 in.)"", ""Camera"": ""720p at 30 fps HD camera, single-integrated microphone"", ""Battery"": ""3-Cell Battery, 41WHr"", ""Weight"": ""1.65 kg (3.65 lbs.)"", ""Audio"": ""Stereo speakers, 2 W x 2 = 4 W total""}"
https://hexxone.com/laptops-by-brand/dell/dell-inspiron-15-3530-i7-1355u-16gb-ram-512gb-ssd-156-inch-fhd-display-2-years-warranty-in-nepal?limit=30,Dell Inspiron 15 3530 - i7 1355U - 16GB RAM - 512GB SSD - 15.6-inch FHD display - 2 Years Warranty in Nepal,"NPR 115,500.00",Availability: Out Of Stock,"Model: Dell Inspiron 15 3530 | Processor:  13th Gen Intel I7 1355U Processor | RAM: 16GB DDR4 RAM | Storage: 512GB SSD | Display: 15.6-inch IPS display; Full-HD, 60hz | Graphic: Intel UHD Graphics | Warranty: 2 Year Warranty, Authorised Product","{""CPU"": ""13th Generation Intel® Core i7-1355U Processor (12MB Cache, up to 5.00 GHz)"", ""RAM"": ""16GB, 2x8GB, DDR4, 2666MHz"", ""Display"": ""15.6 inch FHD (1920 x 1080) 120Hz 250 nits WVA Anti- Glare LED Backlit Narrow Border Display"", ""Graphic"": ""Intel UHD Graphics"", ""Connections"": ""1 USB 3.2 Gen 1 Type-C® port with DisplayPort 1.4 (on 12th Gen Processor configured with Type-C®)* 1 USB 3.2 Gen 1 port (on systems configured with Type-C®) 2 USB 3.2 Gen 1 ports (on systems configured with non Type-C®) 1 USB 2.0 port 1 Power Jack 1 headset (headphone and microphone combo) port 1 HDMI 1.4 port"", ""Networking"": ""Intel® Wi-Fi 6 AX201, 2x2, 802.11ax, Bluetooth® wireless card"", ""Storage"": ""512GB SSD"", ""Size: Height x width x depth"": ""Height (front): 16.96 mm (0.67 in.) Height (rear): 21.07 mm (0.83 in.) Width: 358.50 mm (14.11 in.) Depth: 235.56 mm (9.27 in.)"", ""Camera"": ""720p at 30 fps HD camera, single-integrated microphone"", ""Battery"": ""3-Cell Battery, 41WHr"", ""Weight"": ""1.65 kg (3.65 lbs.)"", ""Audio"": ""Stereo speakers, 2 W x 2 = 4 W total""}"
https://hexxone.com/laptops-by-brand/dell/dell-inspiron-16-5620-i5-1235u-8gb-256ssd-intel-uhd-fhd-office-silver?limit=30,Dell Inspiron 16 5620 - i5 1235U - 8GB - 256SSD - Intel UHD - FHD - Office - Silver,"NPR 104,500.00",Availability: Out Of Stock,"Model: Dell Inspiron 16 5620 | Processor: 12th Gen Intel Core i5-1235U | RAM: 8GB, DDR4, 3200MHz, Expandable up to 16GB | Storage: 256GB SSD | Display: 16.1-inch IPS display; Full-HD+, 60hz, 250 | Graphic: Intel UHD Graphics | Warranty: 1 Year Warranty","{""Brand"": ""Dell"", ""Series"": ""Inspiron Series"", ""CPU"": ""12th Gen Intel® Core™ i5-1235U (12 MB cache, 10 cores, 12 threads, up to 4.40 GHz Turbo)"", ""Graphics"": ""Intel® UHD Graphics"", ""Memory"": ""8GB, DDR4, 3200MHz Expandable up to 16GB"", ""Display"": ""16.1-inch IPS display; Full-HD+ (1920 x 1200, pixels) resolution; 60Hz, Non-Touch, AG, Wide Viewing Angle, 250 nits, ComfortView"", ""Type"": ""Thin and Light Ultrabook"", ""Connections"": ""2 USB 3.2 Gen 1 Type-A ports 1 USB 3.2 Gen 2x1 Type-C port with Power Delivery and DisplayPort 1 Audio jack* 1 HDMI 1.4 port HDMI 1.4 (Maximum resolution supported over HDMI is 1920x1080 @60Hz. No 4K/2K output) 1 Power-adapter port"", ""Networking"": ""ntel® Wi-Fi 6E AX211, 2x2, 802.11ax, Bluetooth® wireless card"", ""Storage"": ""256GB SSD; Additional HDD slot available"", ""Size :Height x width x depth"": ""Height: 0.62\"" - 0.72\"" (15.67mm - 18.3mm) Width: 14.05\"" (356.78 mm) Depth: 9.92\"" (251.9 mm)"", ""Battery"": ""4-Cell 54 Watt-Hours Integrated"", ""Camera Webcam"": ""1080p at 30 fps FHD camera Dual-array microphones"", ""Weight"": ""1.87Kg"", ""Audio"": ""Stereo speakers with Waves MaxxAudio® Pro, 2 W x 2 = 4 W total"", ""Dell Inspiron 16 5625 Price in Nepal"": ""Rs.113,400""}"
https://hexxone.com/laptops-by-brand/dell/dell-inspiron-16-5630-i5-1355u-8gb-ram-512gb-ssd-161-inch-fhd-display-2-years-warranty-in-nepal?limit=30,Dell Inspiron 16 5630 - i5 1355U - 8GB RAM - 512GB SSD - 16.1-inch FHD display - 2 Years Warranty in Nepal,"NPR 120,500.00",Availability: Out Of Stock,"Model: Dell Inspiron 16 5630 | Processor:  Intel Core™ i5-1335U Processor | RAM: 8 GB, LPDDR5, 4800 MT/s, integrated | Storage: 512GB SSD | Display: 16-inch IPS display; Full-HD, 60hz | Graphic: Intel Iris Xe Graphics | Warranty: 2 Year Warranty, Authorised Product","{""Brand"": ""Dell"", ""Series"": ""Inspiron Series"", ""CPU"": ""13th Gen Intel® Core™ i5-1335U (12 MB cache, 10 cores, 12 threads, up to 4.60 GHz Turbo) 1.3 GHz (12MB Cache, up to 4.6 GHz, 10 cores, 12 Threads)"", ""Graphics"": ""Intel® Iris® Xe Graphics"", ""Memory"": ""8 GB, LPDDR5, 4800 MT/s, integrated"", ""Display"": ""16\"", FHD+ 1920x1200, 60Hz, WVA, Touch, 300 nit, ComfortView Plus"", ""Type"": ""Thin and Light Ultrabook"", ""Connections"": ""1 HDMI 1.4* 2 USB 3.2 Gen 1 Type-A 1 Universal Audio Jack** 1 Thunderbolt™ 4.0 (DP/PowerDelivery) *The maximum resolution supported over HDMI is 1920x1080 @60Hz. No 4K2K output **3.5mm Universal Audio Jack functionality varies by model configuration. For best results, use Dell-recommended audio accessories."", ""Networking"": ""Intel® Wi-Fi 6E AX211, 2x2, 802.11ax, Bluetooth® wireless card"", ""Storage"": ""512 GB, M.2, PCIe NVMe, SSD"", ""Size :Height x width x depth"": ""Height (Front): 0.619 in. (15.74 mm) Height (Rear): 0.695 in. (17.67 mm) Width: 12.36 in. (314.00 mm) Depth: 8.92 in. (226.60 mm)"", ""Audio"": ""Upfiring stereo speakers with Waves MaxxAudio® Pro and Dolby Atmos Core, 2.5 W x 2 = 5 W total (available for models shipped with Upfiring Speakers)"", ""Battery"": ""4-Cell 54 Watt-Hours Integrated"", ""Camera Webcam"": ""1080p at 30fps FHD camera, Dual-array microphones"", ""Weight"": ""Weight (Minimum): 1.531 kg (3.375 lb)"", ""Keyboard"": ""English International backlit keyboard"", ""Dell Inspiron 14 5630 Price in Nepal"": ""Rs.127,000 (i5 Variant)""}"
https://hexxone.com/laptops-by-brand/dell/dell-inspiron-16-5640-14th-gen-intel-core-7-150u-16gb-ram-1tb-ssd-16-inch-fhd-backlight-keyboard-2-years-warranty-in-nepal?limit=30,Dell Inspiron 16 5640 - 14Th Gen Intel Core 7 150U - 16GB RAM - 1TB SSD - 16-inch FHD + - Backlight Keyboard - 2 Years Warranty in Nepal,"NPR 156,500.00",Availability: Out Of Stock,"Model: Dell Inspiron 16 5640 2024 Model | Processor: Intel Core 7 -150U (12 MB cache, 10 cores, 12 threads, up to 4.60 GHz) | RAM: 16GB RAM, Storage: 1TB SSD | Display: 16"" FHD+ (1920x1200) | Features: Wi-Fi 6, Stereo Speaker, Backlit Keyboard, Fingerprint","{""Brand"": ""Dell"", ""Series"": ""Inspiron Series"", ""CPU"": ""Intel® Core™ 7 processor 150U (12MB cache, 10 cores, 12 threads, up to 5.0 GHz)"", ""Graphics"": ""Intel® Graphics"", ""Memory"": ""16 GB: 2 x 8 GB, DDR5, 5200 MT/s"", ""Display"": ""16\"", FHD+ 1920x1200, 60Hz, WVA, Touch, 300 nit, ComfortView Plus"", ""Type"": ""Thin and Light Ultrabook"", ""Connections"": ""Ports 2 USB 3.2 Gen 1 (5 Gbps) ports 1 USB 3.2 Gen 2 (10 Gbps) Type-C®port with DisplayPort™ 1.4 and PowerDelivery 1 headset (headphone and microphone combo) port 1 HDMI 1.4 port* 1 power-adapter port *The maximum resolution supported over HDMI is 1920x1080 @60Hz. No 4K/2K output.​"", ""Networking"": ""Realtek Wi-Fi 6 RTL8852BE, 2x2, 802.11ax, MU-MIMO, Bluetooth® wireless card"", ""Storage"": ""1TB SSD, M.2, PCIe NVMe, SSD"", ""Size :Height x width x depth"": ""Dimensions & Weight Height: 0.64 in. - 0.75 in. (16.1 mm -19.05 mm) Width: 14.05 in (356.78 mm) Depth: 9.82 in (249.52 mm)"", ""Audio"": ""Stereo speakers with Realtek ALC3254 Audio Controller, 2W x 2 = 4W total"", ""Battery"": ""4-Cell 54 Watt-Hours Integrated"", ""Camera Webcam"": ""1080p at 30 fps widescreen FHD-RGB camera, Dual-array microphones"", ""Weight"": ""Starting Weight: 4.12 lbs (1.87 kg)"", ""Keyboard"": ""English International backlit keyboard"", ""Dell Inspiron 16 5640 i7 Price in Nepal"": ""Rs.157000""}"
https://hexxone.com/laptops-by-brand/dell/dell-inspiron-16-5640-14th-gen-intel-core-7-150u-16gb-ram-1tb-ssd-geforce-mx570a-2gb-16-inch-fhd-backlight-keyboard-2-years-warranty-in-nepal?limit=30,Dell Inspiron 16 5640 - 14Th Gen Intel Core 7 150U - 16GB RAM - 1TB SSD - GeForce MX570A 2GB - 16-inch FHD + - Backlight Keyboard - 2 Years Warranty in Nepal,"NPR 175,500.00",Availability: Out Of Stock,"Model: Dell Inspiron 16 5640 2024 Model | Processor: Intel Core 7 -150U (12 MB cache, 10 cores, 12 threads, up to 4.60 GHz) | RAM: 16GB RAM, Storage: 1TB SSD | Display: 16"" FHD+ (1920x1200) | Graphic: NVIDIA GeForce MX570A 2GB | Features: Wi-Fi 6, Stereo Speaker, Backlit Keyboard, Fingerprint","{""Brand"": ""Dell"", ""Series"": ""Inspiron Series"", ""CPU"": ""Intel® Core™ 7 processor 150U (12MB cache, 10 cores, 12 threads, up to 5.0 GHz)"", ""Graphics"": ""NVIDIA® GeForce® MX570A with 2GB GDDR6 graphics memory"", ""Memory"": ""16 GB: 2 x 8 GB, DDR5, 5200 MT/s"", ""Display"": ""16\"", FHD+ 1920x1200, 60Hz, WVA, Touch, 300 nit, ComfortView Plus"", ""Type"": ""Thin and Light Ultrabook"", ""Connections"": ""Ports 2 USB 3.2 Gen 1 (5 Gbps) ports 1 USB 3.2 Gen 2 (10 Gbps) Type-C®port with DisplayPort™ 1.4 and PowerDelivery 1 headset (headphone and microphone combo) port 1 HDMI 1.4 port* 1 power-adapter port *The maximum resolution supported over HDMI is 1920x1080 @60Hz. No 4K/2K output.​"", ""Networking"": ""Realtek Wi-Fi 6 RTL8852BE, 2x2, 802.11ax, MU-MIMO, Bluetooth® wireless card"", ""Storage"": ""1TB SSD, M.2, PCIe NVMe, SSD"", ""Size :Height x width x depth"": ""Dimensions & Weight Height: 0.64 in. - 0.75 in. (16.1 mm -19.05 mm) Width: 14.05 in (356.78 mm) Depth: 9.82 in (249.52 mm)"", ""Audio"": ""Stereo speakers with Realtek ALC3254 Audio Controller, 2W x 2 = 4W total"", ""Battery"": ""4-Cell 54 Watt-Hours Integrated"", ""Camera Webcam"": ""1080p at 30 fps widescreen FHD-RGB camera, Dual-array microphones"", ""Weight"": ""Starting Weight: 4.12 lbs (1.87 kg)"", ""Keyboard"": ""English International backlit keyboard"", ""Dell Inspiron 16 5640 i7 Price in Nepal"": ""Rs.176000""}"
https://hexxone.com/laptops-by-brand/dell/dell-inspiron-16-5645-amd-ryzen-5-8540u-8gb-ram-512gb-ssd-16-inch-fhd-backlight-keyboard-2-years-warranty-in-nepal?limit=30,Dell Inspiron 16 5645 - AMD Ryzen 5 8540U - 8GB RAM 512GB SSD - 16-inch FHD + - Backlight Keyboard - 2 Years Warranty in Nepal,"NPR 116,500.00",Availability: Out Of Stock,"Model: Dell Inspiron 16 5645 2024 Model | Processor: AMD Ryzen™ 5 8540U 6-core/12-thread Processor with Radeon™ Graphics | RAM: 8GB RAM, Storage: 512GB SSD | Display: 16"" FHD+ (1920x1200) | Graphic: AMD Radeon™ Graphics | Features: Wi-Fi 6, Stereo Speaker, Backlit Keyboard, Fingerprint","{""Brand"": ""Dell"", ""Series"": ""Inspiron Series"", ""CPU"": ""AMD Ryzen™ 5 8540U 6-core/12-thread Processor with Radeon™ Graphics"", ""Graphics"": ""AMD Radeon™ Graphics"", ""Memory"": ""8 GB: 1 x 8 GB, DDR5, 5600 MT/s"", ""Display"": ""16\"", FHD+ 1920x1200, 60Hz, WVA, Non-Touch, Anti-Glare, 250 nit, ComfortView Plus"", ""Type"": ""Thin and Light Ultrabook"", ""Connections"": ""Ports 2 USB 3.2 Gen 1 (5 Gbps) ports 1 USB 3.2 Gen 2 (10 Gbps) Type-C® with DisplayPort™ Alt Mode 1.4/Power Delivery port 1 Universal audio jack 1 HDMI 1.4 port* The Maximum resolution supported over HDMI is 1920x1080 @60Hz. No 4K/2K output.​"", ""Networking"": ""Realtek Wi-Fi 6 RTL8852BE, 2x2, 802.11ax, MU-MIMO, Bluetooth® wireless card"", ""Storage"": ""1TB SSD, M.2, PCIe NVMe, SSD"", ""Size :Height x width x depth"": ""Dimensions & Weight Height: 0.64 in. - 0.75 in. (16.1 mm -19.05 mm) Width: 14.05 in (356.78 mm) Depth: 9.82 in (249.52 mm)"", ""Audio"": ""Stereo speakers with Realtek ALC3254 Audio Controller, 2W x 2 = 4W total"", ""Battery"": ""4-Cell 54 Watt-Hours Integrated"", ""Camera Webcam"": ""1080p at 30 fps widescreen FHD-RGB camera, Dual-array microphones"", ""Weight"": ""Starting Weight: 4.12 lbs (1.87 kg)"", ""Keyboard"": ""English International backlit keyboard"", ""Dell Inspiron 16 5645 Price in Nepal"": ""Rs.117000""}"
https://hexxone.com/laptops-by-brand/dell/dell-inspiron-5310-i5-11th-gen-8gb-ram-512gb-ssd-133-inch-fhd-display-in-nepal?limit=30,Dell Inspiron 5310 i5 11th Gen - 8GB RAM - 512GB SSD - 13.3-inch FHD display in Nepal,"NPR 94,500.00",Availability: Out Of Stock,"Model: Dell Inspiron 5310 | Processor: 11th Generation Intel Core i5-11320H | RAM: 8GB, onboard, LPDDR4x, 4267MHz | Storage: 512GB SSD | Display: 13.3-inch 16:10 FHD+, 300nits | Graphic: Intel Iris Xe Graphics | Warranty: 1 Year Warranty","{""Brand"": ""Dell"", ""CPU"": ""11th Generation Intel Core i5-11320H Processor (8MB Cache, 4.5GHz)"", ""Graphics"": ""Intel Iris Xe Graphics with shared graphics memory"", ""Memory"": ""8GB, onboard, LPDDR4x, 4267MHz"", ""Display"": ""13.3-inch 16:10 FHD+ (1920 x 1200) Anti-Glare Non-Touch Narrow Border 300nits WVA Display"", ""Type"": ""Budget Ultrabook"", ""Connections"": ""1 USB 3.2 Gen 1 port 1 Thunderbolt 4 (Type-C) port with Power Delivery 1 Thunderbolt 4 (Type-C) port with Power Delivery, Primary-Power Port (Type-C PECOS) 1 headset (headphone and microphone combo) port 1 HDMI 1.4b port"", ""Networking"": ""Intel® Wi-Fi 6 2x2 (Gig+) and Bluetooth 5.1"", ""Storage"": ""512 GB, M.2, PCIe NVMe, SSD"", ""Size :Height x width x depth"": ""Height: 0.55” – 0.62” (13.9 – 15.9 mm) Width: 11.68” (296.78 mm) Depth: 8.27” (210 mm)"", ""Battery"": ""4-Cell 54 Watt-Hours Integrated"", ""Camera Webcam"": ""720p at 30 fps, HD RGB camera, dual-array microphones"", ""Weight"": ""1.26kg"", ""Audio"": ""Stereo speakers with Waves MaxxAudio® Pro, 2.5 W x 2 = 5 W total 2.1 digital-audio out using HDMI-out connection 3.50 mm headset (headphone and microphone combo) port"", ""Dell Inspiron 5310 Price in Nepal"": ""Rs. 122000 (i5 Variant)""}"
https://hexxone.com/laptops-by-brand/dell/dell-inspiron-5510-i5-11th-gen-8gb-ram-256gb-ssd-156-inch-fhd-display-backlight-keyboard?limit=30,Dell Inspiron 5510 i5 11th Gen - 8GB RAM - 256GB SSD - 15.6-inch FHD display - Backlight Keyboard,"NPR 86,500.00",Availability: Out Of Stock,"Model: Dell Inspiron 5510 | Processor: 11th Generation Intel Core i5 | RAM: 8GB, DDR4, 3200MHz | Storage: 256GB SSD | Display: 15.6"" FHD Display | Graphic: Intel Iris Xe Graphics | Warranty: 1 Year Warranty","{""Brand"": ""Dell"", ""CPU"": ""11th Generation Intel® Core™ i5-11320H Processor (8MB Cache, up to 4.5GHz)"", ""RAM"": ""8GB, DDR4, 3200MHz"", ""Graphics"": ""Intel® Iris® Xe Graphics with shared graphics memory"", ""Display"": ""15.6-inch FHD (1920 x 1080) Anti-glare LED Backlight Non-Touch Narrow Border WVA Display"", ""Type"": ""Thin and light laptop"", ""Connections"": ""2 USB 3.2 Gen 1 Type-A ports1 USB 3.2 Gen 2x2 Type-C™ with DisplayPort™ and Power Delivery (Available on i3/i5 processors) / Thunderbolt 4.0 with DisplayPort™ and Power Delivery (Available on i7 processors)1 Universal Audio Jacki1 HDMI 1.4 port1 power-adapter port"", ""Networking"": ""Intel® Wi-Fi 6 2x2 (Gig+) and Bluetooth 5.1"", ""Storage"": ""256GB SSD"", ""Size: Height x width x depth"": ""Height (front): 14.6 mm (0.57\"") Height (rear): 17.99 mm (0.71\"") Width: 356.06 mm (14.02\"") Depth: 228.9 mm (9.01\"")"", ""Battery"": ""4-Cell Battery, 54WHr (Integrated)"", ""Camera Webcam"": ""HD 1280 x 720 at 30 fps camera Dual-array microphones"", ""Weight"": ""1.63 kg"", ""Audio"": ""Stereo speakers, 2 W x 2 W = 4 W total"", ""Dell Inspiron 5510 Price in Nepal"": ""Rs. 114,500 (i5 Variant)""}"
https://hexxone.com/laptops-by-brand/dell/dell-inspiron-5515-ryzen-7-5700u-8gb-ram-512gb-ssd-vega-8-156-inch-fhd-display-in-nepal?limit=30,Dell Inspiron 5515 Ryzen 7 5700U - 8GB RAM - 512GB SSD - Vega 8 - 15.6-inch FHD display in Nepal,"NPR 114,500.00",Availability: Out Of Stock,"Model: Dell Inspiron 5515 | Processor: AMD Ryzen 7 5700U | RAM: 8GB, DDR4, 2666MHz, Expandable up to 16GB | Storage: 512GB SSD | Display: 15.6"" FHD Display | Graphic: AMD Radeon Vega Graphics | Warranty: 1 Year Warranty","{""Brand"": ""Dell"", ""CPU"": ""AMD Ryzen 7 5700U 8-core/16-thread Mobile Processor with Radeon™ Graphics"", ""Graphics"": ""AMD Radeon Vega Graphics"", ""Memory"": ""8GB, DDR4, 2666MHz Expandable up to 16GB"", ""Display"": ""15.6-inch FHD (1920 x 1080) Anti-glare LED Backlight Non-touch Narrow Border WVA Display"", ""Type"": ""Thin and light laptop"", ""Connections"": ""2 USB 3.2 Gen 1 Type-A ports 1 USB 3.2 Gen 1 Type-C™ port with DisplayPort™ and Power Delivery 1 Headset Jack* 1 HDMI 1.4b port 1 power-adapter port"", ""Networking"": ""802.11ac 2x2 WiFi and Bluetooth"", ""Storage"": ""512 SSD; Additional HDD slot available"", ""Size :Height x width x depth"": ""Height: 14.6mm – 17.99mm (0.57\"" – 0.71\"") x Width: 356.06mm (14.02\"") x Depth: 228.9mm (9.01\"")"", ""Battery"": ""4-Cell 54 Watt-Hours Integrated"", ""Camera Webcam"": ""720p"", ""Weight"": ""1.6g"", ""Audio"": ""2 tuned speakers with Waves MaxxAudio Pro 1 combo headphone/microphone jack"", ""Dell Inspiron 5515 Price in Nepal"": ""Rs.119,000 (Ryzen 7)""}"
https://hexxone.com/laptops-by-brand/dell/dell-inspiron-7391-i5-10th-gen-8gb-ram-256gb-ssd-133-inch-fhd-display-in-nepal?limit=30,Dell Inspiron 7391 i5 10th Gen - 8GB RAM - 256GB SSD - 13.3-inch FHD display in Nepal,"NPR 89,500.00",Availability: Out Of Stock,"Model: Dell Inspiron 7391 | Processor: 10th Generation Intel Core i5-10210U | RAM: 8GB, onboard, LPDDR3, 2133MHz | Storage: 256GB SSD | Display: 13.3-inch Truelife LED | Graphic: Intel UHD Graphic | Warranty: 1 Year Warranty","{""CPU"": ""10th Generation Intel Core i5-10210U Processor"", ""RAM"": ""8GB, onboard, LPDDR3, 2133MHz"", ""Graphics"": ""Intel UHD Graphic"", ""Display"": ""13.3-inch Truelife LED (1920 x 1080 pixels) Narrow Border Wide Viewing Angle Display"", ""Connections"": ""1 x HDMI 1.4b 1 x USB 3.1 Gen 1 Type-C (PD/power delivery) 1 x USB 3.1 Gen 1 1 x Micro SD card reader 1 x Headphone & Microphone Audio Jack"", ""Networking"": ""802.11ac + Bluetooth 4.1, Dual Band 2.4&5 GHz, 1x1"", ""Storage"": ""256GB SSD"", ""Size: Height x width x depth"": ""Height: 14.9 – 16.8mm (0.59 – 0.66\"") x Width: 307.6mm (12.11\"") x Depth: 204.7mm (8.06\"""", ""Battery"": ""4-cell 52Whr \""smart\"" lithium-ion"", ""Camera Webcam"": ""HD RGB camera"", ""Weight"": ""955 Gram 2.1Lbs"", ""Audio"": ""(2) tuned speakers, audio processing by Waves MaxxAudio® Pro (1) combo headphone/microphone jack""}"
https://hexxone.com/laptops-by-brand/dell/dell-inspiron-g15-15-g5500-2020-i7-10870h-rtx-2060-6gb-16gb-ram-1tb-ssd-156-inch-fhd-300hz-display-in-nepal?limit=30,Dell Inspiron G15 15 G5500 2020 i7 10870H - RTX 2060 6GB - 16GB RAM - 1TB SSD - 15.6-inch FHD 300Hz display in Nepal,"NPR 124,500.00",Availability: Out Of Stock,"Model: Dell G5 15 G5500 2020 | Processor: 10th Gen Intel Core i7-10870H | RAM: 16GB, DDR4, 3200MHz | Storage: 1TB SSD | Display: 15.6-inch IPS display; Full-HD, 144Hz | Graphic: NVIDIA GeForce RTX 2060, 6GB GDDR6 | Warranty: 1 Year Warranty","{""Brand"": ""Dell"", ""CPU"": ""10th Gen Intel Core i7-10870H Processor, 2.2 GHz (16MB Cache, up to 5.0 GHz, 8 Cores, 16 Threads)"", ""RAM"": ""16GB, DDR4, 3200MHz"", ""Graphics"": ""NVIDIA GeForce RTX 2060, 6GB GDDR6"", ""Display"": ""15.6 inch FHD(1920x1080) 300nits WVA Anti-Glare LED Backlit Display(non-touch), 300Hz refresh rate"", ""Type"": ""Gaming Laptop"", ""Connections"": ""1 Thunderbolt™ 3 Port (USB 3.1 Gen 2 Type-C™ with support for 40 Gbps Thunderbolt and DisplayPort) 1 MiniDP 1 RJ-45 Killer Networks E2500V2 Gigabit Ethernet Por"", ""Networking"": ""Killer™ Wi-Fi 6 AX1650 (2x2) 802.11ax Wireless and Bluetooth 5.1"", ""Storage"": ""1TB SSD"", ""Size: height x width x depth (in mm)"": ""Height: 0.85\"" (21.6mm) | Width: 14.4\"" (365.5mm) | Depth: 10\"" (254mm)"", ""Battery"": ""4-Cell Battery, 68 Whr (Integrated)"", ""Camera Webcam"": ""720p"", ""Weight"": ""2.39 kg"", ""Chasis"": ""12-zone chassis lighting"", ""Dell G5 15  2020 Price in Nepal"": ""Rs. 210,000""}"
https://hexxone.com/laptops-by-brand/dell/dell-inspiron-g15-15-g5500-2020-i7-10th-gen-rtx-2060-6gb-16gb-ram-512gb-ssd-156-inch-fhd-144hz-display-in-nepal?limit=30,Dell Inspiron G15 15 G5500 2020 i7 10th Gen - RTX 2060 6GB - 16GB RAM - 512GB SSD - 15.6-inch FHD 144Hz display in Nepal,"NPR 108,500.00",Availability: Out Of Stock,"Model: Dell G5 15 G5500 2020 | Processor: 10th Gen Intel Core i7-10750H | RAM: 16GB, DDR4, 3200MHz | Storage: 512GB SSD | Display: 15.6-inch IPS display; Full-HD, 144Hz | Graphic: NVIDIA GeForce RTX 2060, 6GB GDDR6 | Warranty: 1 Year Warranty","{""Brand"": ""Dell"", ""CPU"": ""10th Gen Intel Core i7-10750H Hexa Core Processor (12M Cache, up to 5.0 GHz)"", ""RAM"": ""16GB, DDR4, 3200MHz"", ""Graphics"": ""NVIDIA GeForce RTX 2060, 6GB GDDR6"", ""Display"": ""15.6-inch IPS display; Full-HD (1920 x 1080 pixels) resolution; 300nits brightness; 144Hz refresh rate"", ""Type"": ""Gaming Laptop"", ""Connections"": ""1 Thunderbolt™ 3 Port (USB 3.1 Gen 2 Type-C with support for 40 Gbps Thunderbolt and DisplayPort) 1 MiniDP 1 RJ-45 Killer Networks E2500V2 Gigabit Ethernet Port"", ""Networking"": ""Killer™ Wi-Fi 6 AX1650 (2x2) 802.11ax Wireless and Bluetooth 5.1"", ""Storage"": ""512Gb SSD"", ""Size: height x width x depth (in mm)"": ""Height: 0.85\"" (21.6mm) | Width: 14.4\"" (365.5mm) | Depth: 10\"" (254mm)"", ""Battery"": ""4-Cell Battery, 68 Whr (Integrated)"", ""Camera Webcam"": ""720p"", ""Weight"": ""2.39 kg"", ""Chasis"": ""12-zone chassis lighting"", ""Dell G5 15  2020 Price in Nepal"": ""Rs. 170,000""}"
https://hexxone.com/laptops-by-brand/dell/dell-inspiron-g15-2021-g5511-i7-11th-gen-11800h-rtx-3050-16gb-ram-512gb-ssd-156-inch-120hz-fhd-display-in-nepal?limit=30,Dell Inspiron G15 2021 G5511 i7 11th Gen 11800H - RTX 3050 - 16GB RAM - 512GB SSD - 15.6-inch 120Hz FHD display in Nepal,"NPR 120,500.00",Availability: Out Of Stock,"Model: Dell G5 2021 G5511 | Processor: 11th Generation Intel Core i7-11800H | RAM: 16GB, 2x8GB, DDR4, 3200MHz | Storage: 512GB SSD | Display: 15.6"" FHD 120Hz Display | Graphic: GeForce RTX 3050 4GB GDDR6 | Warranty: 1 Year Warranty","{""Brand"": ""Dell"", ""CPU"": ""11th Generation Intel® Core™ i7-11800H (24MB Cache, up to 4.6 GHz, 8 cores)"", ""RAM"": ""16GB, 2x8GB, DDR4, 3200MHz"", ""Graphics"": ""NVIDIA® GeForce RTX™ 3050 4GB GDDR6"", ""Display"": ""15.6 inch FHD (1920 x 1080) 120Hz 300 nits WVA Anti- Glare LED Backlit Narrow Border Display"", ""Type"": ""Gaming laptop"", ""Connections"": ""1 HiSpeed USB 2.0 1 HiSpeed USB 2.0 with PowerShare 1 USB 3.2 Gen 1 Type-C port with DisplayPort with alt mode 1 SuperSpeed USB 3.2 1 HDMI 1 Power in 1 RJ45 1 Headphones/mic"", ""Networking"": ""Intel® Wi-Fi 6 AX201 (2x2) Wi-Fi + Bluetooth"", ""Storage"": ""512GB M.2 PCIe NVMe Solid State Drive"", ""Size: height x width x depth"": ""Height: 0.98\"" (24.9mm) x Width: 14.06\"" (357.26mm) x Depth: 10.74\"" (272.83mm)"", ""Battery"": ""3-Cell Battery, 56WHr (Integrated)"", ""Camera Webcam"": ""HD RGB camera with digital-array microphones in camera assembly"", ""Weight"": ""2.65 kg"", ""Additional features"": ""1 headset (headphone and microphone combo) port Stereo speakers with Realtek ALC3254, 2 W x 2.5 W Dual-array microphones"", ""Dell G5 2021 G5511 Price in Nepal"": ""Rs. 170,000 (RTX 3050)""}"
https://hexxone.com/laptops-by-brand/dell/dell-inspiron-g15-2021-g5515-ryzen-7-5800h-rtx-3050-16gb-ram-512gb-ssd-156-inch-120hz-fhd-display-in-nepal?limit=30,Dell Inspiron G15 2021 G5515 Ryzen 7 5800H - RTX 3050 - 16GB RAM - 512GB SSD - 15.6-inch 120Hz FHD display in Nepal,"NPR 104,500.00",Availability: Out Of Stock,"Model: Dell G5 2021 G5515 | Processor: AMD Ryzen 7 5800H | RAM: 16GB, 2x8GB, DDR4, 3200MHz | Storage: 512GB SSD | Display: 15.6-inch FHD, 120Hz 300 nits WVA | Graphic: GeForce RTX 3050  4GB | Warranty: 1 Year Warranty","{""Brand"": ""Dell"", ""CPU"": ""AMD Ryzen™ 7 5800H 8-core/16-thread Mobile Processor"", ""RAM"": ""8GB, 1x8GB, DDR4, 3200MHz"", ""Graphics"": ""NVIDIA® GeForce RTX™ 3050ti  4GB GDDR6"", ""Display"": ""15.6-inch FHD (1920 x 1080) 120Hz 300 nits WVA Anti- Glare LED Backlit Narrow Border Display"", ""Type"": ""Gaming laptop"", ""Connections"": ""1 USB 2.0 port 1 USB 2.0 with PowerShare port 1 USB Type-C® port 1 USB 3.2 port 1 HDMI port 1 Power In port 1 RJ45 Ethernet port 1 Headset (Headphone and Microphone combo) port"", ""Networking"": ""Intel® Wi-Fi 6 AX201 (2x2) Wi-Fi + Bluetooth"", ""Storage"": ""512GB M.2 PCIe NVMe Solid State Drive"", ""Size: height x width x depth"": ""Height: 0.98\"" (24.9mm) x Width: 14.06\"" (357.26mm) x Depth: 10.74\"" (272.83mm)"", ""Battery"": ""4-Cell Battery, 56WHr (Integrated)"", ""Camera Webcam"": ""HD RGB camera with digital-array microphones in camera assembly"", ""Weight"": ""2.57 kg"", ""Additional features"": ""1 headset (headphone and microphone combo) port Stereo speakers with Realtek ALC3254, 2 W x 2.5 W Dual-array microphones"", ""Dell G5 2021 G5515 Price in Nepal"": ""Rs. 162,000 (Ryzen 7)""}"
https://hexxone.com/laptops-by-brand/dell/dell-inspiron-g15-g5510-2021-core-i7-10870h-rtx-3060-16gb-ram-512gb-ssd-156-inch-165hz-fhd-display-in-nepal?limit=30,Dell Inspiron G15 G5510 2021 Core i7 10870H - RTX 3060 - 16GB RAM - 512GB SSD - 15.6-inch 165Hz FHD display in Nepal,"NPR 128,500.00",Availability: Out Of Stock,"Model: Dell G5 G5510 2021 | Processor: 10th Generation Intel Core i7-10870H | RAM: 16GB, DDR4, 2933MHz; up to 32GB | Storage: 512GB SSD | Display: 15.6-inch IPS display; 165Hz refresh rate, Full HD | Graphic: NVIDIA GeForce RTX 3060 6GB GDDR6 | Warranty: 1 Year Warranty","{""Brand"": ""Dell"", ""CPU"": ""10th Generation Intel Core i7-10870H (16MB Cache, up to 5.0 GHz, 8 cores)"", ""RAM"": ""16GB, DDR4, 2933MHz; up to 32GB (additional memory sold separately)"", ""Graphics"": ""NVIDIA GeForce RTX 3060 6GB GDDR6"", ""Display"": ""15.6-inch IPS display; 165Hz refresh rate; Full-HD (1920 x 1080 pixels) resolution; 300 nits brightness; Anti- Glare panel; LED-Backlit display with Narrow Bezels"", ""Type"": ""Gaming laptop"", ""Connections"": ""1. USB 3.2 Gen 1 | 2. USB 3.2 Gen 1 with PowerShare) | 3. USB 3.2 Gen 1 Type-C port with DisplayPort with alt mode l 4. USB 3.2 Gen 1 l 5. HDMI | 6. Power in | 7. RJ45 | 8. Headphones/mic"", ""Networking"": ""Intel Wi-Fi 6 AX201 (2x2) Wi-Fi + Bluetooth 5.1"", ""Storage"": ""512GB SSD"", ""Size: height x width x depth"": ""Height: 0.83\""(21.21 mm) Width: 14.06\""(357.26 mm) Depth: 10.71\""(272.11 mm"", ""Battery"": ""6-Cell Battery, 86WHr (Integrated)"", ""Camera Webcam"": ""HD RGB camera with digital-array microphones in camera assembly"", ""Weight"": ""2.44 kg"", ""Additional features"": ""1 headset (headphone and microphone combo) port Stereo speakers with Realtek ALC3254, 2 W x 2.5 W Dual-array microphones"", ""Dell G5 G5510 2021 Price in Nepal"": ""Rs. 180,000""}"
https://hexxone.com/laptops-by-brand/dell/dell-latitude-14-3440-3-year-warranty-in-nepal-i7-1355u-nvidia-mx550-2gb-16gb-ram-512gb-ssd-14-inch-full-hd-display-in-nepal?limit=30,Dell Latitude 14 3440 (3 Year Warranty in Nepal) - i7 1355U - Nvidia MX550 2GB - 16GB RAM - 512GB SSD - 14-inch Full-HD display in Nepal,"NPR 170,500.00",Availability: Out Of Stock,"Model: Dell Latitude 14 3440 | Processor: Intel Core i7-1355U (12M Cache, 1.70 GHz, up to 5.00 GHz) | RAM: 16GB DDR4 3200MHz RAM, Storage: 512GB NVMe PCIe Gen3x4 SSD | Graphic: NVIDIA GeForce MX550 (2 GB GDDR6) | Display: 14"" FHD (1920x1080) | Features: USB Type-C, M.2",{}
https://hexxone.com/laptops-by-brand/dell/dell-latitude-14-3440-i5-1235u-8gb-ram-512gb-ssd-14-inch-full-hd-display-3-year-warranty-in-nepal?limit=30,Dell Latitude 14 3440 - i5 1235U - 8GB RAM - 512GB SSD - 14-inch Full-HD display - 3 Year Warranty in Nepal,"NPR 75,500.00",Availability: Out Of Stock,"Model: Latitude 3440 | Processor: Intel Core i5-1235U (12M Cache, up to 4.40 GHz) | RAM: 8GB DDR4 3200MHz RAM, | Storage: 512GB NVMe PCIe Gen3x4 SSD | Display: 14"" FHD (1920x1080) | Features: USB Type-C, M.2",{}
https://hexxone.com/laptops-by-brand/dell/dell-latitude-14-3440-i5-1335u-8gb-ram-512gb-ssd-14-inch-full-hd-display-3-year-warranty-in-nepal?limit=30,Dell Latitude 14 3440 - i5 1335U - 8GB RAM - 512GB SSD - 14-inch Full-HD display - 3 Year Warranty in Nepal,"NPR 137,500.00",Availability: Out Of Stock,"Model: Latitude 3440 | Processor: Intel Core i5-1335U (12M Cache, 3.40 GHz, up to 4.60 GHz) | RAM: 8GB DDR4 3200MHz RAM, | Storage: 512GB NVMe PCIe Gen3x4 SSD | Display: 14"" FHD (1920x1080) | Features: USB Type-C, M.2",{}
https://hexxone.com/laptops-by-brand/dell/dell-latitude-14-3440-i7-1355u-16gb-ram-512gb-ssd-14-inch-full-hd-display-3-year-warranty-in-nepal?limit=30,Dell Latitude 14 3440 - i7 1355U - 16GB RAM - 512GB SSD - 14-inch Full-HD display - 3 Year Warranty in Nepal,"NPR 158,500.00",Availability: Out Of Stock,"Model: Dell Latitude 14 3440 | Processor: Intel Core i7-1355U (12M Cache, 1.70 GHz, up to 5.00 GHz) | RAM: 16GB DDR4 3200MHz RAM, | Storage: 512GB NVMe PCIe Gen3x4 SSD | Display: 14"" FHD (1920x1080) | Features: USB Type-C, M.2",{}
https://hexxone.com/laptops-by-brand/dell/dell-latitude-14-3450-intel-core-ultra-5-135u-8gb-ram-512gb-ssd-14-inch-full-hd-display-3-year-warranty-in-nepal-win-11-pro?limit=30,Dell Latitude 14 3450 - Intel Core Ultra 5 135U - 8GB RAM - 512GB SSD - 14-inch Full-HD display - 3 Year Warranty in Nepal - Win 11 Pro,"NPR 153,500.00",Availability: Out Of Stock,"Model: Latitude 3440 | Processor: Intel Core Ultra 5 135U (12MB cache, 12 cores, 14 threads, up to 4.40 GHz) | RAM: 8 GB: 1 x 8 GB, DDR5, 5600 MT/ s | Storage: 512GB, M.2 2230, QLC PCIe Gen 4 NVMe | Display: 14.0"" FHD (1920x1080) Non-Touch, AG, IPS, 250 nits, FHD Cam, WLAN | Features: USB Type-C, M.2","{""Brand"": ""Dell"", ""Series"": ""Latitude Series"", ""CPU"": ""Intel Core Ultra 5 135U (12MB cache, 12 cores, 14 threads, up to 4.40 GHz"", ""Graphics"": ""Integrated Intel® graphics for Intel® Core™ Ultra 5 135U vPro® processor"", ""Memory"": ""16 GB: 1 x 16 GB, DDR5, 5600 MT/s"", ""Display"": ""14.0\"" FHD (1920x1080) Non-Touch, AG, IPS, 250 nits, FHD Cam, WLAN"", ""Type"": ""Thin and Light Ultrabook"", ""Connections"": ""Ports 1 USB4® (20 Gbps) with PowerDelivery and DisplayPort™* 2 USB 3.2 Gen 1 (5 Gbps) ports 1 USB 3.2 Gen 1 (5 Gbps) with PowerShare port 1 HDMI 1.4 port (for computers shipped with 13th Gen Intel® Core i3/i5/i7 processor)* 1 HDMI 2.0 port (for computers shipped with 14th Gen Intel® Core Ultra i5/i7 processor)* 1 RJ45 (1 Gbps) Ethernet port 1 universal audio port 1 power-adapter port Slots 1 wedge-shaped lock slot 1 M.2 2230 slot for solid-state drive 1 M.2 2230 slot for WLAN, Wi-Fi/Bluetooth®"", ""Networking"": ""Intel Wi-Fi 6E (6 where 6E unavailable) AX211, 2x2, 802.11ax , Bluetooth 5.3 wireless card"", ""Storage"": ""512GB, M.2 2230, QLC PCIe Gen 4 NVMe"", ""Size :Height x width x depth"": ""Height (rear): 0.76 in. (19.40 mm) Height (front): 0.70 in. (17.70 mm) Width: 12.69 in. (322.20 mm) Depth: 8.64 in. (219.40 mm)"", ""Audio"": ""Stereo speakers with Waves MaxxAudio® Pro, Realtek ALC3204 Audio Controller, 2 W x 2 = 4 W total"", ""Battery"": ""3- cell, 54Wh Battery, Express Charge, Express Charge Boost capable"", ""Camera Webcam"": ""FHD HDR RGB Camera, TNR, Camera Shutter, Microphone"", ""Weight"": ""Weight (minimum): 3.30 lb (1.50 kg)"", ""Keyboard"": ""English International backlit keyboard"", ""Dell Latitude 14 3450 Core Ultra 5 135U Price in Nepal"": ""Rs.154,000""}"
https://hexxone.com/laptops-by-brand/dell/dell-latitude-14-3450-intel-core-ultra-7-155u-16gb-ram-512gb-ssd-14-inch-full-hd-display-3-year-warranty-in-nepal-free-dos?limit=30,Dell Latitude 14 3450 - Intel Core Ultra 7 155U - 16GB RAM - 512GB SSD - 14-inch Full-HD display - 3 Year Warranty in Nepal - Free Dos,"NPR 162,500.00",Availability: Out Of Stock,"Model: Latitude 3440 | Processor: Intel Core Ultra 7 155U (12MB cache, 12 cores, 14 threads, up to 4.80 GHz) | RAM: 16 GB: 1 x 16 GB, DDR5, 5600 MT/ s | Storage: 512GB, M.2 2230, QLC PCIe Gen 4 NVMe | Display: 14.0"" FHD (1920x1080) Non-Touch, AG, IPS, 250 nits, FHD Cam, WLAN | Features: USB Type-C, M.2","{""Brand"": ""Dell"", ""Series"": ""Latitude Series"", ""CPU"": ""Intel Core Ultra 7 155U (12MB cache, 12 cores, 14 threads, up to 4.80 GHz)"", ""Graphics"": ""Integrated Intel® graphics for Intel® Core™ Ultra 5 135U vPro® processor"", ""Memory"": ""16 GB: 1 x 16 GB, DDR5, 5600 MT/s"", ""Display"": ""14.0\"" FHD (1920x1080) Non-Touch, AG, IPS, 250 nits, FHD Cam, WLAN"", ""Type"": ""Thin and Light Ultrabook"", ""Connections"": ""Ports 1 USB4® (20 Gbps) with PowerDelivery and DisplayPort™* 2 USB 3.2 Gen 1 (5 Gbps) ports 1 USB 3.2 Gen 1 (5 Gbps) with PowerShare port 1 HDMI 1.4 port (for computers shipped with 13th Gen Intel® Core i3/i5/i7 processor)* 1 HDMI 2.0 port (for computers shipped with 14th Gen Intel® Core Ultra i5/i7 processor)* 1 RJ45 (1 Gbps) Ethernet port 1 universal audio port 1 power-adapter port Slots 1 wedge-shaped lock slot 1 M.2 2230 slot for solid-state drive 1 M.2 2230 slot for WLAN, Wi-Fi/Bluetooth®"", ""Networking"": ""Intel Wi-Fi 6E (6 where 6E unavailable) AX211, 2x2, 802.11ax , Bluetooth 5.3 wireless card"", ""Storage"": ""512GB, M.2 2230, QLC PCIe Gen 4 NVMe"", ""Size :Height x width x depth"": ""Height (rear): 0.76 in. (19.40 mm) Height (front): 0.70 in. (17.70 mm) Width: 12.69 in. (322.20 mm) Depth: 8.64 in. (219.40 mm)"", ""Audio"": ""Stereo speakers with Waves MaxxAudio® Pro, Realtek ALC3204 Audio Controller, 2 W x 2 = 4 W total"", ""Battery"": ""3- cell, 54Wh Battery, Express Charge, Express Charge Boost capable"", ""Camera Webcam"": ""FHD HDR RGB Camera, TNR, Camera Shutter, Microphone"", ""Weight"": ""Weight (minimum): 3.30 lb (1.50 kg)"", ""Keyboard"": ""English International backlit keyboard"", ""Dell Latitude 14 3450 Core Ultra 7 155U Price in Nepal"": ""Rs.180,000""}"
https://hexxone.com/laptops-by-brand/dell/dell-latitude-14-3450-intel-core-ultra-7-155u-16gb-ram-512gb-ssd-14-inch-full-hd-display-3-year-warranty-in-nepal-win-11-pro?limit=30,Dell Latitude 14 3450 - Intel Core Ultra 7 155U - 16GB RAM - 512GB SSD - 14-inch Full-HD display - 3 Year Warranty in Nepal - Win 11 Pro,"NPR 179,500.00",Availability: Out Of Stock,"Model: Latitude 3440 | Processor: Intel Core Ultra 7 155U (12MB cache, 12 cores, 14 threads, up to 4.80 GHz) | RAM: 16 GB: 1 x 16 GB, DDR5, 5600 MT/ s | Storage: 512GB, M.2 2230, QLC PCIe Gen 4 NVMe | Display: 14.0"" FHD (1920x1080) Non-Touch, AG, IPS, 250 nits, FHD Cam, WLAN | Features: USB Type-C, M.2","{""Brand"": ""Dell"", ""Series"": ""Latitude Series"", ""CPU"": ""Intel Core Ultra 7 155U (12MB cache, 12 cores, 14 threads, up to 4.80 GHz)"", ""Graphics"": ""Integrated Intel® graphics for Intel® Core™ Ultra 5 135U vPro® processor"", ""Memory"": ""16 GB: 1 x 16 GB, DDR5, 5600 MT/s"", ""Display"": ""14.0\"" FHD (1920x1080) Non-Touch, AG, IPS, 250 nits, FHD Cam, WLAN"", ""Type"": ""Thin and Light Ultrabook"", ""Connections"": ""Ports 1 USB4® (20 Gbps) with PowerDelivery and DisplayPort™* 2 USB 3.2 Gen 1 (5 Gbps) ports 1 USB 3.2 Gen 1 (5 Gbps) with PowerShare port 1 HDMI 1.4 port (for computers shipped with 13th Gen Intel® Core i3/i5/i7 processor)* 1 HDMI 2.0 port (for computers shipped with 14th Gen Intel® Core Ultra i5/i7 processor)* 1 RJ45 (1 Gbps) Ethernet port 1 universal audio port 1 power-adapter port Slots 1 wedge-shaped lock slot 1 M.2 2230 slot for solid-state drive 1 M.2 2230 slot for WLAN, Wi-Fi/Bluetooth®"", ""Networking"": ""Intel Wi-Fi 6E (6 where 6E unavailable) AX211, 2x2, 802.11ax , Bluetooth 5.3 wireless card"", ""Storage"": ""512GB, M.2 2230, QLC PCIe Gen 4 NVMe"", ""Size :Height x width x depth"": ""Height (rear): 0.76 in. (19.40 mm) Height (front): 0.70 in. (17.70 mm) Width: 12.69 in. (322.20 mm) Depth: 8.64 in. (219.40 mm)"", ""Audio"": ""Stereo speakers with Waves MaxxAudio® Pro, Realtek ALC3204 Audio Controller, 2 W x 2 = 4 W total"", ""Battery"": ""3- cell, 54Wh Battery, Express Charge, Express Charge Boost capable"", ""Camera Webcam"": ""FHD HDR RGB Camera, TNR, Camera Shutter, Microphone"", ""Weight"": ""Weight (minimum): 3.30 lb (1.50 kg)"", ""Keyboard"": ""English International backlit keyboard"", ""Dell Latitude 14 3450 Core Ultra 7 155U Price in Nepal"": ""Rs.180,000""}"
https://hexxone.com/laptops-by-brand/dell/dell-latitude-14-5440-3-year-warranty-in-nepal-13th-gen-i7-16gb-ram-512gb-ssd-14-inch-full-hd-display-win-11-pro?limit=30,Dell Latitude 14 5440 (3 Year Warranty in Nepal) - 13th Gen i7 - 16GB RAM - 512GB SSD - 14-inch Full-HD display - Win 11 Pro,"NPR 191,780.00",Availability: Out Of Stock,"Model: Dell Latitude 14 5440 | Processor: Intel Core i7-1355U (12M Cache, 1.80 GHz, up to 5.20 GHz) | RAM: 16GB DDR4 3200MHz RAM, Storage: 512GB NVMe PCIe Gen3x4 SSD | Display: 14"" FHD (1920x1080) | Features: USB Type-C, M.2",{}
https://hexxone.com/laptops-by-brand/dell/dell-latitude-14-5440-i5-13th-gen-16gb-ram-512gb-ssd-14-inch-full-hd-display-win-11-pro-3-year-warranty-in-nepal?limit=30,Dell Latitude 14 5440 - i5 13th Gen - 16GB RAM - 512GB SSD - 14-inch Full-HD display - Win 11 Pro - 3 Year Warranty in Nepal,"NPR 159,100.00",Availability: Out Of Stock,"Model: Latitude 5440 | Processor: Intel Core i5-1335U (12M Cache, 3.40 GHz, up to 4.60 GHz) | RAM: 8GB DDR4 3200MHz RAM, | Storage: 512GB NVMe PCIe Gen3x4 SSD | Display: 14"" FHD (1920x1080) | Features: USB Type-C, M.2",{}
https://hexxone.com/laptops-by-brand/dell/dell-latitude-14-5450-intel-core-ultra-5-135u-vpro-16gb-ram-512gb-ssd-14-inch-full-hd-display-win-11-pro-3-year-warranty-in-nepal?limit=30,Dell Latitude 14 5450 - Intel Core Ultra 5 135U vPro - 16GB RAM - 512GB SSD - 14-inch Full-HD display - Win 11 Pro - 3 Year Warranty in Nepal,"NPR 170,000.00",Availability: Out Of Stock,"Model: Latitude 5450 | Processor: Intel Core Ultra 5 135U vPro ( 12 MB cache, 12 cores, 14 thre ads, up to 4.4 GHz Turbo) | RAM: 16 GB: 1 x 16 GB, DDR5, 5600 M T/s | Storage: 512 GB, M.2 2230, TLC, Gen 4 P CIe NVMe, SSD | Display: 14"" FHD (1920x1080) | Features: USB Type-C, M.2","{""Brand"": ""Dell"", ""Series"": ""Latitude Series"", ""CPU"": ""Intel® Core™ Ultra 5 135U vPro® (12 MB cache, 12 cores, 14 threads, up to 4.4 GHz Turbo)"", ""Graphics"": ""Integrated Intel® graphics for Intel® Core™ Ultra 5 135U vPro® processor"", ""Memory"": ""16 GB: 1 x 16 GB, DDR5, 5600 MT/s"", ""Display"": ""14.0\"", FHD 1920x1080, 60Hz, IPS, Non-Touch, AG, 250 nit, 45% NTSC, FHD Cam"", ""Type"": ""Thin and Light Ultrabook"", ""Connections"": ""2 Thunderbolt™ 4 (40 Gbps) with DisplayPort™ Alt Mode/USB Type-C/USB4/Power Delivery 1 USB 3.2 Gen 1 port with PowerShare 1 USB 3.2 Gen 1 port 1 HDMI 2.1 port 1 universal audio port 1 RJ45 Ethernet port"", ""Networking"": ""Intel Wi-Fi 6E (6 where 6E unavailable) AX211, 2x2, 802.11ax , Bluetooth 5.3 wireless card"", ""Storage"": ""512 GB, M.2 2230, TLC, Gen 4 PCIe NVMe, SSD"", ""Size :Height x width x depth"": ""Height (rear): 0.83 in. (21.04 mm) Height (front): 0.75 in. (19.06 mm) Width: 12.65 in. (321.35 mm) Depth: 8.35 in. (212 mm)"", ""Audio"": ""Stereo speakers with with Waves MaxxAudio® Pro 13.0, 2W x 2 = 4W total"", ""Battery"": ""3-cell, 54 Wh, ExpressCharge™ Capable, ExpressCharge™ Boost Capable"", ""Camera Webcam"": ""HD HDR RGB Camera, TNR, Camera Shutter, Microphone"", ""Weight"": ""Starting Weight: 4.12 lbs (1.87 kg)"", ""Keyboard"": ""English International backlit keyboard"", ""Dell Latitude 14 5450 Core Ultra 5 135U Price in Nepal"": ""Rs.170500""}"
https://hexxone.com/laptops-by-brand/dell/dell-latitude-14-5450-intel-core-ultra-7-165h-vpro-16gb-ram-512gb-ssd-14-inch-full-hd-touch-display-win-11-pro-3-year-warranty-in-nepal?limit=30,Dell Latitude 14 5450 - Intel Core Ultra 7 165H vPro - 16GB RAM - 512GB SSD - 14-inch Full-HD TOUCH display - Win 11 Pro - 3 Year Warranty in Nepal,"NPR 222,500.00",Availability: Out Of Stock,"Model: Latitude 5450 | Processor: Intel Core Ultra 7 165H vPro ( 24 MB cache, 16 cores, 22 threads, up to 5.0 GHz) | RAM: 16 GB: 1 x 16 GB, DDR5, 5600 M T/s | Storage: 512 GB, M.2 2230, TLC, Gen 4 P CIe NVMe, SSD | Display: 14.0"", FHD 1920x1080, 60Hz, IPS, Touch, AG, 300 nit, 72% NTSC | Features: USB Type-C, M.2","{""Brand"": ""Dell"", ""Series"": ""Latitude Series"", ""CPU"": ""Intel Core Ultra 7 165H vPro ( 24 MB cache, 16 cores, 22 threads, up to 5.0 GHz)"", ""Graphics"": ""Integrated Intel Arc graphics or Intel graphics for Intel Core Ultra 7 165H vPro processor"", ""Memory"": ""16 GB: 1 x 16 GB, DDR5, 5600 MT/s"", ""Display"": ""14.0\"", FHD 1920x1080, 60Hz, IPS, Touch, AG, 300 nit, 72% NTSC, FHD+IR/IP Cam"", ""Type"": ""Thin and Light Ultrabook"", ""Connections"": ""2 Thunderbolt™ 4 (40 Gbps) with DisplayPort™ Alt Mode/USB Type-C/USB4/Power Delivery 1 USB 3.2 Gen 1 port with PowerShare 1 USB 3.2 Gen 1 port 1 HDMI 2.1 port 1 universal audio port 1 RJ45 Ethernet port"", ""Networking"": ""Intel Wi-Fi 6E (6 where 6E unavailable) AX211, 2x2, 802.11ax , Bluetooth 5.3 wireless card"", ""Storage"": ""512 GB, M.2 2230, TLC, Gen 4 PCIe NVMe, SSD"", ""Size :Height x width x depth"": ""Height (rear): 0.83 in. (21.04 mm) Height (front): 0.75 in. (19.06 mm) Width: 12.65 in. (321.35 mm) Depth: 8.35 in. (212 mm)"", ""Audio"": ""Stereo speakers with with Waves MaxxAudio® Pro 13.0, 2W x 2 = 4W total"", ""Battery"": ""3-cell, 54 Wh, ExpressCharge™ Capable, ExpressCharge™ Boost Capable"", ""Camera Webcam"": ""FHD HDR IR Camera with Express Sign-In + Intelligent Privacy, TNR, Camera Shutter, Microphone"", ""Weight"": ""Starting Weight: 4.12 lbs (1.87 kg)"", ""Keyboard"": ""English International backlit keyboard"", ""Dell Latitude 14 5450 Core Ultra 7 165H Price in Nepal"": ""Rs.2,23,000/-""}"
https://hexxone.com/laptops-by-brand/dell/dell-latitude-14-7440-3-year-warranty-in-nepal-i7-13th-gen-16gb-ram-1tb-ssd-14-inch-full-hd-display-win-11-pro?limit=30,Dell Latitude 14 7440 (3 Year Warranty in Nepal) - i7 13th Gen - 16GB RAM - 1TB SSD - 14-inch Full-HD display - Win 11 Pro,"NPR 228,500.00",Availability: Out Of Stock,"Model : Dell Latitude 14 7440 | Processor : Intel Core i7-1370P, vPro (24 MB cache, 14 cores, 20 threads, up to 5.20 GHz Turbo) | RAM : 16GB DDR5 4800MHz RAM, Storage: 1 TB, M.2, PCIe NVMe, SSD, Class 35 | Display : 14"" FHD (1920x1080) | Features : USB Type-C, M.2",{}
https://hexxone.com/laptops-by-brand/dell/dell-latitude-14-7450-intel-core-ultra-7-165h-vpro-16gb-ram-1tb-ssd-14-inch-full-hd-display-win-11-pro-3-year-warranty-in-nepal?limit=30,Dell Latitude 14 7450 - Intel Core Ultra 7 165H vPro - 16GB RAM - 1TB SSD - 14-inch Full-HD display - Win 11 Pro - 3 Year Warranty in Nepal,"NPR 247,500.00",Availability: Out Of Stock,"Model: Latitude 7450 | Processor: Intel Core Ultra 7 165H vPro ( 24 MB cache, 16 cores, 22 threads, up to 5.0 GHz) | RAM: 16 GB: LPDDR5x, 6400 MT/s (onboard) | Storage: 1TB, M.2 2230, TLC, Gen 4 P CIe NVMe, SSD | Display: Laptop 14.0"" FHD+ (1920x1200), IPS, AG Non-Touch, 250 nits, F HD Cam, WLAN, Aluminum | Features: USB Type-C, M.2","{""Brand"": ""Dell"", ""Series"": ""Latitude Series"", ""CPU"": ""Intel Core Ultra 7 165H vPro ( 24 MB cache, 16 cores, 22 threads, up to 5.0 GHz)"", ""Graphics"": ""Integrated Intel Arc graphics or Intel graphics for Intel Core Ultra 7 165H vPro processor"", ""Memory"": ""16 GB: LPDDR5x, 6400 MT/s (onboard)"", ""Display"": ""Laptop 14.0\"" FHD+ (1920x1200), IPS, AG Non-Touch, 250 nits, F HD Cam, WLAN, Aluminum"", ""Type"": ""Thin and Light Ultrabook"", ""Connections"": ""2 Thunderbolt™ 4 with DisplayPort™ Alt Mode/USB Type-C/USB4/Power Delivery* 1 Universal audio port 1 HDMI 2.1 port* 2 USB 3.2 Gen 1 ports"", ""Networking"": ""Intel® BE200 Wi-Fi 7 2x2, Bluetooth® 5.4 Technology, Wireless Card"", ""Storage"": ""1TB, M.2 2230, TLC, Gen 4 PCIe NVMe, SSD"", ""Size :Height x width x depth"": ""Height: 0.72 in. (18.21 mm) Width: 12.32 in. (313.00 mm) Depth: 8.77 in. (222.8 mm)"", ""Audio"": ""Stereo speakers with Realtek ALC3281 Audio Controller"", ""Battery"": ""3-cell, 57 Wh, ExpressCharge™ Capable, ExpressCharge™ Boost Capable"", ""Camera Webcam"": ""FHD HDR RGB Camera, TNR, Camera Shutter, Microphone"", ""Weight"": ""Starting Weight: 2.92 lb (1.33 kg)"", ""Keyboard"": ""English International backlit keyboard"", ""Dell Latitude 14 7450 Core Ultra 7 165H Price in Nepal"": ""Rs.2,48,000/-""}"
https://hexxone.com/laptops-by-brand/dell/dell-vostro-15-3520-i3-1215u-8gb-ram-512gb-ssd-156-inch-fhd-display-1-year-warranty-in-nepal?limit=30,Dell Vostro 15 3520 - i3 1215U - 8GB RAM - 512GB SSD - 15.6-inch FHD display - 1 Year Warranty in Nepal,"NPR 54,500.00",Availability: Out Of Stock,"Model : Dell Vostro 15 3520 | Processor :  12th Gen Intel I3 1215U Processor | RAM : 8GB DDR4 RAM | Storage : 512GB SSD | Display : 15.6-inch IPS display; Full-HD, 60hz | Graphic : Intel UHD Graphics | Warranty : 1 Year Warranty","{""CPU"": ""Intel Core i3-1215U (10M Cache, up to 4.40 GHz)"", ""RAM"": ""8GB, onboard, LPDDR4, 3200 MHz"", ""Display"": ""15.6\"", FHD 1920 x 1080, 120Hz, WVA, Non-Touch, Anti-Glare, 250 nit, Narrow Border, LED-Backlit"", ""Connections"": ""1 USB 3.2 Gen 1 Type-C® port with DisplayPort 1.4 (on 12th Gen Processor configured with Type-C®)* 1 USB 3.2 Gen 1 port (on systems configured with Type-C®) 2 USB 3.2 Gen 1 ports (on systems configured with non Type-C®) 1 USB 2.0 port 1 Power Jack 1 headset (headphone and microphone combo) port 1 HDMI 1.4 port"", ""Networking"": ""Intel® Wi-Fi 6 AX201, 2x2, 802.11ax, Bluetooth® wireless card"", ""Storage"": ""512GB SSD"", ""Size: Height x width x depth"": ""Height (front): 16.96 mm (0.67 in.) Height (rear): 21.07 mm (0.83 in.) Width: 358.50 mm (14.11 in.) Depth: 235.56 mm (9.27 in.)"", ""Battery"": ""3-Cell Battery, 41WHr"", ""Weight"": ""1.65 kg (3.65 lbs.)"", ""Audio"": ""Stereo speakers, 2 W x 2 = 4 W total""}"
https://hexxone.com/laptops-by-brand/dell/dell-vostro-15-3520-i5-12th-gen-intel-uhd-graphic-8gb-ram-256gb-ssd-156-inch-fhd-display-black-color-1-year-warranty-in-nepal?limit=30,Dell Vostro 15 3520 i5 12th Gen - Intel UHD Graphic - 8GB RAM - 256GB SSD - 15.6-inch FHD display - Black Color - 1 Year Warranty in Nepal,"NPR 66,500.00",Availability: Out Of Stock,Model : Dell Vostro 15 3520 i5 1235U | Intel UHD | Processor : Intel Core i5 1235U | RAM : 8GB DDR4 RAM | Storage : 256GB | Display : 15.6-inch IPS display; Full-HD (1920 x 1080 Pixels) Resolution | Graphic : Intel UHD Graphic | Warranty : 1 Year Warranty,"{""Brand"": ""Dell"", ""Series"": ""Vostro Series"", ""Type"": ""Ultrabook"", ""CPU"": ""Intel Core i5-1235U Processor 1.3 GHz (10M Cache, up to 4.4 GHz, 10 cores)"", ""RAM"": ""8GB, onboard, LPDDR4, 3200 MHz"", ""Display"": ""15.6\"", FHD 1920 x 1080, 60Hz, WVA, Non-Touch, Anti-Glare, 250 nit, Narrow Border, LED-Backlit"", ""Graphic"": ""Intel UHD Graphic"", ""Connections"": ""1 USB 3.2 Gen 1 Type-C® port with DisplayPort 1.4 (on 12th Gen Processor configured with Type-C®)* 1 USB 3.2 Gen 1 port (on systems configured with Type-C®) 2 USB 3.2 Gen 1 ports (on systems configured with non Type-C®) 1 USB 2.0 port 1 Power Jack 1 headset (headphone and microphone combo) port 1 HDMI 1.4 port HDMI 1.4 (Maximum resolution supported over HDMI is 1920x1080 @60Hz. No 4K/2K output)"", ""Networking"": ""Intel® Wi-Fi 6 AX201, 2x2, 802.11ax, Bluetooth® wireless card"", ""Storage"": ""256GB SSD"", ""Size: Height x width x depth"": ""Height (front): 16.96 mm (0.67 in.) Height (rear): 21.07 mm (0.83 in.) Width: 358.50 mm (14.11 in.) Depth: 235.56 mm (9.27 in.)"", ""Battery"": ""65 Watt AC Adapter"", ""Weight"": ""1.65 kg (3.65 lbs.)"", ""Audio"": ""Stereo speakers, 2 W x 2 = 4 W total""}"
https://hexxone.com/laptops-by-brand/dell/dell-vostro-15-3520-i5-12th-gen-nvidia-mx550-8gb-ram-512gb-ssd-156-inch-fhd-display-black-color?limit=30,Dell Vostro 15 3520 i5 12th Gen - Nvidia MX550 - 8GB RAM - 512GB SSD - 15.6-inch FHD display - Black Color,"NPR 79,500.00",Availability: Out Of Stock,Model: Dell Vostro 15 3520 i5 1235U | MX550 | Processor: Intel Core i5 1235U | RAM: 8GB DDR4 RAM | Storage: 512GB | Display: 15.6-inch IPS display; Full-HD (1920 x 1080 Pixels) Resolution | Graphic: Nvidia Ge-Force MX550 2GB | Warranty: 1 Year Warranty,"{""CPU"": ""Intel Core i5-1235U Processor 1.3 GHz (10M Cache, up to 4.4 GHz, 10 cores)"", ""RAM"": ""8GB, onboard, LPDDR4, 3200 MHz"", ""Display"": ""15.6\"", FHD 1920 x 1080, 60Hz, WVA, Non-Touch, Anti-Glare, 250 nit, Narrow Border, LED-Backlit"", ""Graphic"": ""Nvidia MX550 2GB DDr5 Graphic"", ""Connections"": ""1 USB 3.2 Gen 1 Type-C® port with DisplayPort 1.4 (on 12th Gen Processor configured with Type-C®)* 1 USB 3.2 Gen 1 port (on systems configured with Type-C®) 2 USB 3.2 Gen 1 ports (on systems configured with non Type-C®) 1 USB 2.0 port 1 Power Jack 1 headset (headphone and microphone combo) port 1 HDMI 1.4 port HDMI 1.4 (Maximum resolution supported over HDMI is 1920x1080 @60Hz. No 4K/2K output)"", ""Networking"": ""Intel® Wi-Fi 6 AX201, 2x2, 802.11ax, Bluetooth® wireless card"", ""Storage"": ""512GB SSD"", ""Size: Height x width x depth"": ""Height (front): 16.96 mm (0.67 in.) Height (rear): 21.07 mm (0.83 in.) Width: 358.50 mm (14.11 in.) Depth: 235.56 mm (9.27 in.)"", ""Battery"": ""65 Watt AC Adapter"", ""Weight"": ""1.65 kg (3.65 lbs.)"", ""Audio"": ""Stereo speakers, 2 W x 2 = 4 W total""}"
https://hexxone.com/laptops-by-brand/dell/dell-vostro-15-3520-i7-12th-gen-nvidia-mx550-8gb-ram-512gb-ssd-156-inch-fhd-display-silver-color?limit=30,Dell Vostro 15 3520 i7 12th Gen - Nvidia MX550 - 8GB RAM - 512GB SSD - 15.6-inch FHD display - Silver Color,"NPR 114,500.00",Availability: Out Of Stock,Model: Dell Vostro 15 3520 i7 1255U | MX550 | Processor: Intel Core i5 1235U | RAM: 8GB DDR4 RAM | Storage: 512GB | Display: 15.6-inch IPS display; Full-HD (1920 x 1080 Pixels) Resolution | Graphic: Nvidia Ge-Force MX550 2GB | Warranty: 1 Year Warranty,"{""CPU"": ""12th Generation Intel® Core™ i7-1255U  Processor"", ""RAM"": ""8GB, onboard, LPDDR4, 3200 MHz"", ""Display"": ""15.6\"", FHD 1920 x 1080, 120Hz, WVA, Non-Touch, Anti-Glare, 250 nit, Narrow Border, LED-Backlit"", ""Connections"": ""1 USB 3.2 Gen 1 Type-C® port with DisplayPort 1.4 (on 12th Gen Processor configured with Type-C®)* 1 USB 3.2 Gen 1 port (on systems configured with Type-C®) 2 USB 3.2 Gen 1 ports (on systems configured with non Type-C®) 1 USB 2.0 port 1 Power Jack 1 headset (headphone and microphone combo) port 1 HDMI 1.4 port HDMI 1.4 (Maximum resolution supported over HDMI is 1920x1080 @60Hz. No 4K/2K output)"", ""Networking"": ""Intel® Wi-Fi 6 AX201, 2x2, 802.11ax, Bluetooth® wireless card"", ""Storage"": ""512GB SSD"", ""Size: Height x width x depth"": ""Height (front): 16.96 mm (0.67 in.) Height (rear): 21.07 mm (0.83 in.) Width: 358.50 mm (14.11 in.) Depth: 235.56 mm (9.27 in.)"", ""Battery"": ""65 Watt AC Adapter"", ""Weight"": ""1.65 kg (3.65 lbs.)"", ""Audio"": ""Stereo speakers, 2 W x 2 = 4 W total""}"
https://hexxone.com/laptops-by-brand/dell/dell-vostro-3430-i5-13th-gen-8gb-ram-512gb-ssd-14-inch-fhd-display-in-nepal?limit=30,Dell Vostro 3430 i5 13th Gen - 8GB RAM - 512GB SSD - 14-inch FHD display in Nepal,"NPR 98,500.00",Availability: Out Of Stock,Model: Dell Vostro 14 3430 i5 1335U | Processor: Intel Core i5 1335U | RAM: 8GB DDR4 RAM | Storage: 512GB | Display: 14-inch IPS display; Full-HD (1920 x 1080 Pixels) Resolution | Graphic: Intel® UHD Graphics | Warranty: 1 Year Warranty,"{""CPU"": ""13th Gen Intel® Core™ i5-1335U (12 MB cache, 10 cores, 12 threads, up to 4.60 GHz Turbo)"", ""Graphics"": ""Intel® UHD Graphics"", ""Memory"": ""8GB DDR4, 3200MHz Expandable up to 16GB"", ""Display"": ""14\"", FHD 1920x1080, 60Hz, WVA, Non-Touch, Anti-Glare, Narrow Border, LED-Backlit"", ""Connections"": ""1 USB 3.2 Gen 1 port 1 USB 2.0 port 1 USB 3.2 Gen 1 Type C (Full function) port 1 Universal audio port 1 HDMI 1.4 port 1 RJ45 Ethernet port 1 Power-adapter port"", ""Networking"": ""Realtek Wi-Fi 5 RTL8821CE, 1x1, 802.11ac, MU-MIMO, Bluetooth® wireless card"", ""Storage"": ""512 GB, M.2, PCIe NVMe, SSD"", ""Size :Height x width x depth"": ""Height (front): 17.52 mm (0.69 in.) Height (rear): 18.48 mm (0.73 in.) Width: 323.67 mm (12.74 in.) Depth: 219.76 mm (8.65 in.)"", ""Battery"": ""3-Cell 42 Watt-Hours Integrated"", ""Camera Webcam"": ""1080p at 30 fps FHD RGB camera, dual-array microphone"", ""Weight"": ""1.44kg"", ""Slots"": ""1 SD-card slot 1 wedge-shaped lock slot 1 M.2 2230/2280 slot for solid-state drive 1 M.2 2230 slot for WLAN, Wi-Fi/Bluetooth"", ""Audio"": ""Stereo speakers, 2 W x 2 = 4 W total"", ""Dell Vostro 3430 Price in Nepal"": ""Rs. 99000""}"
https://hexxone.com/laptops-by-brand/dell/dell-vostro-3510-i5-11th-gen-8gb-ram-256gb-ssd-156-inch-fhd-display-in-nepal?limit=30,Dell Vostro 3510 i5 11th Gen - 8GB RAM - 256GB SSD - 15.6-inch FHD display in Nepal,"NPR 69,500.00",Availability: Out Of Stock,"Model: Dell Vostro 3510 | Processor: 11th Generation Intel Core i5 | RAM: 8GB, DDR4, 3200MHz | Storage: 256GB SSD | Display: 15.6"" FHD Display | Graphic: Intel Iris Xe Graphics | Warranty: 1 Year Warranty","{""Brand"": ""Dell"", ""CPU"": ""11th Generation Intel® Core™ i5-1135G7 Processor (8MB Cache, up to 4.2 GHz)"", ""Graphics"": ""Intel® UHD Graphics with shared graphics memory"", ""Memory"": ""8GB, DDR4, 3200MHz"", ""Display"": ""15.6-inch FHD Anti-glare LED Backlight 2 Side Narrow Border WVA Display"", ""Type"": ""Thin and light laptop"", ""Connections"": ""2 USB 3.2 Gen 1 port 1 USB 2.0 port 1 Audio jack 1 HDMI 1.4 port 1 Flip-Down RJ-45 port 10/100/1000 Mbps"", ""Networking"": ""802.11ac 1x1 WiFi and Bluetooth"", ""Storage"": ""256GB SSD"", ""Size :Height x width x depth"": ""Height (front): 0.69 in. (17.5 mm) Height (rear): 0.74 in. (18.9 mm) Width: 14.11 in. (358.5 mm) Depth: 9.27 in. (235.56 mm)"", ""Battery"": ""3-Cell Battery, 41WHr (Integrated)"", ""Camera Webcam"": ""720p"", ""Weight"": ""1.69kg"", ""Audio"": ""Stereo speakers, 2 W x 2 = 4 W total"", ""Dell Vostro 3510 Price in Nepal"": ""Rs. 82,000 (i5 Variant)""}"
https://hexxone.com/laptops-by-brand/dell/dell-vostro-5630-i5-13th-gen-8gb-ram-512gb-ssd-16-inch-fhd-display-backlight-keyboard-fingerprint-reader?limit=30,Dell Vostro 5630 i5 13th Gen - 8GB RAM - 512GB SSD - 16-inch FHD display - Backlight Keyboard - Fingerprint reader,"NPR 127,500.00",Availability: Out Of Stock,Model: Dell Vostro 16 5630 i5 1340P | Processor: Intel Core i5 1340P | RAM: 8GB DDR5 RAM | Storage: 512GB | Display: 16-inch IPS display; Full-HD (1920 x 1080 Pixels) Resolution | Graphic: Intel® UHD Graphics | Warranty: 1 Year Warranty,"{""CPU"": ""13th Gen Intel® Core™ i5-1340P (12 MB cache, 12 cores, 16 threads, up to 4.60 GHz Turbo)"", ""Graphics"": ""Intel® Iris® Xe Graphics"", ""OS"": ""Windows 11 Pro License"", ""Memory"": ""8 GB, LPDDR5, 4800 MT/s, integrated"", ""Display"": ""16.0-inch 16:10 FHD+ (1920 x 1200) Anti-Glare Non-Touch 250nits WVA Display with ComfortView Support"", ""Connections"": ""2 USB 3.2 Gen 1 Type A ports 1 Thunderbolt™ 4 port with DisplayPort™ and Power Delivery 1 Universal headset jack* 1 HDMI 1.4* port 1 power-adapter port 1 RJ45 Ethernet port"", ""Networking"": ""Intel® Wi-Fi 6E AX211, 2x2, 802.11ax, Bluetooth® wireless card"", ""Storage"": ""512 GB, M.2, PCIe NVMe, SSD"", ""Size :Height x width x depth"": ""Height (rear): 0.71 in. (17.95 mm) Height (peak): 0.72 in. (18.30 mm) Height (front): 0.62 in. (15.67 mm) Width: 14.05 in. (356.78 mm) Depth: 9.92 in. (251.90 mm)"", ""Battery"": ""4-Cell 54 Watt-Hours Integrated"", ""Camera Webcam"": ""1080p at 30 fps FHD camera Dual-array microphones"", ""Keyboard"": ""Carbon Black Backlit Keyboard with Numeric Keypad, English US"", ""Weight"": ""1.9kg"", ""Slots"": ""1 SD-card slot 1 Wedged shaped slot"", ""Audio"": ""Stereo speakers with Waves MaxxAudio® Pro, 2.5 W x 2 = 5 W total"", ""Dell Vostro 5630 Price in Nepal"": ""Rs. 133000""}"
https://hexxone.com/laptops-by-brand/dell/dell-vostro-5630-i7-13th-gen-nvidia-rtx-2050-16gb-ram-512gb-ssd-16-inch-fhd-display-backlight-keyboard-fingerprint-reader?limit=30,Dell Vostro 5630 i7 13th Gen - NVIDIA RTX 2050 - 16GB RAM - 512GB SSD - 16-inch FHD display - Backlight Keyboard - Fingerprint reader,"NPR 182,500.00",Availability: Out Of Stock,"Model: Dell Vostro 16 5630 i7 1360P | Processor: Intel Core i7 1360P | RAM: 16GB DDR5 RAM | Storage: 512GB | Display: 16.0-inch 16:10 FHD+ (1920 x 1200) | Graphic: NVIDIA® GeForce RTX™ 2050, 4 GB GDDR6 | Warranty: 1 Year Warranty","{""CPU"": ""13th Gen Intel® Core™ i7-1360P (18 MB cache, 12 cores, 16 threads, up to 5.00 GHz Turbo)"", ""Graphics"": ""NVIDIA® GeForce RTX™ 2050, 4 GB GDDR6"", ""OS"": ""Windows 11 Pro License"", ""Memory"": ""16 GB, LPDDR5, 4800 MT/s, integrated"", ""Display"": ""16.0-inch 16:10 FHD+ (1920 x 1200) Anti-Glare Non-Touch 250nits WVA Display with ComfortView Support"", ""Connections"": ""2 USB 3.2 Gen 1 Type A ports 1 Thunderbolt™ 4 port with DisplayPort™ and Power Delivery 1 Universal headset jack* 1 HDMI 1.4* port 1 power-adapter port 1 RJ45 Ethernet port"", ""Networking"": ""Intel® Wi-Fi 6E AX211, 2x2, 802.11ax, Bluetooth® wireless card"", ""Storage"": ""512 GB, M.2, PCIe NVMe, SSD"", ""Size :Height x width x depth"": ""Height (rear): 0.71 in. (17.95 mm) Height (peak): 0.72 in. (18.30 mm) Height (front): 0.62 in. (15.67 mm) Width: 14.05 in. (356.78 mm) Depth: 9.92 in. (251.90 mm)"", ""Battery"": ""4-Cell 54 Watt-Hours Integrated"", ""Camera Webcam"": ""1080p at 30 fps FHD camera Dual-array microphones"", ""Keyboard"": ""Carbon Black Backlit Keyboard with Numeric Keypad, English US"", ""Weight"": ""1.9kg"", ""Slots"": ""1 SD-card slot 1 Wedged shaped slot"", ""Audio"": ""Stereo speakers with Waves MaxxAudio® Pro, 2.5 W x 2 = 5 W total"", ""Dell Vostro 5630 Price in Nepal"": ""Rs. 183000""}"
https://hexxone.com/laptops-by-brand/dell/dell-xps-13-9340-2024-intel-core-ultra-7-processor-155h-16gb-ram-512gb-ssd-134-inch-fhd-120hz-display-1-year-warranty-in-nepal?limit=30,Dell XPS 13 9340 2024 - Intel Core Ultra 7 Processor 155H - 16GB RAM - 512GB SSD - 13.4-inch FHD+ 120Hz display - 1 Year Warranty in Nepal,"NPR 229,500.00",Availability: Out Of Stock,"Model : Dell XPS 13 9340 2024 | Processor : Intel® CoreTM Ultra 7 Processor 155H | RAM : 16 GB LPDDR5 RAM | Storage : 512GB SSD | Display : 13.4"", FHD+ 1920 x 1200, 30-120Hz, Non-Touch, Anti-Glare, 500 nit, EyeSafe, InfinityEdge | Graphic : Intel Iris Xe Graphics | Warranty : 1 Year Warranty","{""Brand"": ""Dell"", ""CPU"": ""Core, 18MB Cache, up to 4.5 GHz) Intel® CoreTM Ultra 7 Processor 155H (16- Core, 24MB Cache, up to 4.8 GHz)"", ""RAM"": ""16GB LPDDR5x Dual Channel at 7467 MT/s"", ""Graphics"": ""Intel® Iris® Xe Graphics"", ""Display"": ""13.4\"", FHD+ 1920 x 1200, 30-120Hz, Non-Touch, Anti-Glare, 500 nit, EyeSafe, InfinityEdge"", ""Type"": ""ULTRABOOK"", ""Connections"": ""2x ThunderboltTM 4 (USB Type-CTM) with DisplayPort 2.1 and Power Delivery"", ""Construction"": ""CNC machined aluminum with Corning Gorilla Glass 3 palm rest in graphite or platinum Corning Gorilla Glass Victus on OLED cover glass"", ""Networking"": ""Intel® KillerTM Wi-Fi 7* 1750 (BE200) 2x2 + Bluetooth 5.4 Wireless Card"", ""Storage"": ""512GB, M.2, PCIe NVMe, SSD"", ""Size: height x width x depth"": ""Height: 14.8 mm (0.58”) for OLED Height: 15.3 mm (0.60”) for FHD+, QHD+ Width: 295.3mm (11.62”) Depth: 199mm (7.84”)"", ""Battery"": ""55Whr battery (integrated) ExpressCharge 1.0"", ""Audio & Speaker"": ""Dual stereo speakers (tweeter + woofer), Realtek ALC1319D, 2 W x 2 = 4 W total"", ""Camera Webcam"": ""720p at 30 fps HD RGB camera, 400p at 30 fps IR camera, dual-array microphones"", ""Weight"": ""Starting weight*: 1.19 kg (2.6 lbs) for FHD+ or QHD+; 1.17kg (2.6 lbs) for OLED"", ""Dell XPS 13 Plus 2024 Price in Nepal"": ""Rs. 2,77,000/-""}"
https://hexxone.com/laptops-by-brand/dell/dell-xps-13-9340-2024-intel-core-ultra-7-processor-155h-16gb-ram-512gb-ssd-134-inch-qhd-120hz-touch-display-2-years-warranty-in-nepal?limit=30,Dell XPS 13 9340 2024 - Intel Core Ultra 7 Processor 155H - 16GB RAM - 512GB SSD - 13.4-inch QHD 120Hz Touch display - 2 Years Warranty in Nepal,"NPR 298,500.00",Availability: Out Of Stock,"Model : Dell XPS 13 9340 2024 | Processor : Intel® CoreTM Ultra 7 Processor 155H | RAM : 16 GB LPDDR5 RAM | Storage : 512GB SSD | Display : 13.4"", QHD+ 2560 x 1600, 30-120Hz, Touch, Anti-Reflect, 500 nit, EyeSafe, InfinityEdge | Graphic : Intel Iris Xe Graphics | Warranty : 2 Year Warranty","{""Brand"": ""Dell"", ""CPU"": ""16 Core, 18MB Cache, up to 4.5 GHz) Intel® CoreTM Ultra 7 Processor 155H (16- Core, 24MB Cache, up to 4.8 GHz)"", ""RAM"": ""16GB LPDDR5x Dual Channel at 7467 MT/s"", ""Graphics"": ""Intel® Iris® Xe Graphics"", ""Display"": ""13.4\"", QHD+ 2560 x 1600, 30-120Hz, Touch, Anti-Reflect, 500 nit, EyeSafe, InfinityEdge"", ""Type"": ""ULTRABOOK"", ""Connections"": ""2x ThunderboltTM 4 (USB Type-CTM) with DisplayPort 2.1 and Power Delivery"", ""Construction"": ""CNC machined aluminum with Corning Gorilla Glass 3 palm rest in graphite or platinum Corning Gorilla Glass Victus on OLED cover glass"", ""Networking"": ""Intel® KillerTM Wi-Fi 7* 1750 (BE200) 2x2 + Bluetooth 5.4 Wireless Card"", ""Storage"": ""512GB, M.2, PCIe NVMe, SSD"", ""Size: height x width x depth"": ""Height: 14.8 mm (0.58”) for OLED Height: 15.3 mm (0.60”) for FHD+, QHD+ Width: 295.3mm (11.62”) Depth: 199mm (7.84”)"", ""Battery"": ""55Whr battery (integrated) ExpressCharge 1.0"", ""Audio & Speaker"": ""Dual stereo speakers (tweeter + woofer), Realtek ALC1319D, 2 W x 2 = 4 W total"", ""Camera Webcam"": ""720p at 30 fps HD RGB camera, 400p at 30 fps IR camera, dual-array microphones"", ""Weight"": ""Starting weight*: 1.19 kg (2.6 lbs) for FHD+ or QHD+; 1.17kg (2.6 lbs) for OLED"", ""Dell XPS 13 Plus 2024 Price in Nepal"": ""Rs. 2,99,000/-""}"
https://hexxone.com/laptops-by-brand/dell/dell-xps-13-9340-2024-intel-core-ultra-7-processor-155h-32gb-ram-1tb-ssd-134-inch-qhd-120hz-touch-display-2-years-warranty-in-nepal?limit=30,Dell XPS 13 9340 2024 - Intel Core Ultra 7 Processor 155H - 32GB RAM - 1TB SSD - 13.4-inch QHD 120Hz Touch display - 2 Years Warranty in Nepal,"NPR 333,500.00",Availability: Out Of Stock,"Model : Dell XPS 13 9340 2024 | Processor : Intel® CoreTM Ultra 7 Processor 155H | RAM : 32GB LPDDR5 RAM | Storage : 1TB SSD | Display : 13.4"", QHD+ 2560 x 1600, 30-120Hz, Touch, Anti-Reflect, 500 nit, EyeSafe, InfinityEdge | Graphic : Intel Iris Xe Graphics | Warranty : 2 Year Warranty","{""Brand"": ""Dell"", ""CPU"": ""16 Core, 18MB Cache, up to 4.5 GHz) Intel® CoreTM Ultra 7 Processor 155H (16- Core, 24MB Cache, up to 4.8 GHz)"", ""RAM"": ""32GB LPDDR5x Dual Channel at 7467 MT/s"", ""Graphics"": ""Intel® Iris® Xe Graphics"", ""Display"": ""13.4\"", QHD+ 2560 x 1600, 30-120Hz, Touch, Anti-Reflect, 500 nit, EyeSafe, InfinityEdge"", ""Type"": ""ULTRABOOK"", ""Connections"": ""2x ThunderboltTM 4 (USB Type-CTM) with DisplayPort 2.1 and Power Delivery"", ""Construction"": ""CNC machined aluminum with Corning Gorilla Glass 3 palm rest in graphite or platinum Corning Gorilla Glass Victus on OLED cover glass"", ""Networking"": ""Intel® KillerTM Wi-Fi 7* 1750 (BE200) 2x2 + Bluetooth 5.4 Wireless Card"", ""Storage"": ""1TB, M.2, PCIe NVMe, SSD"", ""Size: height x width x depth"": ""Height: 14.8 mm (0.58”) for OLED Height: 15.3 mm (0.60”) for FHD+, QHD+ Width: 295.3mm (11.62”) Depth: 199mm (7.84”)"", ""Battery"": ""55Whr battery (integrated) ExpressCharge 1.0"", ""Audio & Speaker"": ""Dual stereo speakers (tweeter + woofer), Realtek ALC1319D, 2 W x 2 = 4 W total"", ""Camera Webcam"": ""720p at 30 fps HD RGB camera, 400p at 30 fps IR camera, dual-array microphones"", ""Weight"": ""Starting weight*: 1.19 kg (2.6 lbs) for FHD+ or QHD+; 1.17kg (2.6 lbs) for OLED"", ""Dell XPS 13 Plus 2024 Price in Nepal"": ""Rs. 3,34,000/-""}"
https://hexxone.com/laptops-by-brand/dell/dell-xps-14-9440-2024-intel-core-ultra-7-processor-155h-16gb-ram-512gb-ssd-nvidia-rtx-4050-6gb-145-inch-oled-32k-touch-display-in-nepal-120hz-2-years-warranty-in-nepal?limit=30,Dell XPS 14 9440 2024 -Intel Core Ultra 7 Processor 155H - 16GB RAM - 512GB SSD - Nvidia RTX 4050 6GB - 14.5-inch OLED 3.2K Touch display in Nepal 120Hz - 2 Years Warranty in Nepal,"NPR 424,500.00",Availability: Out Of Stock,"Model : Dell XPS 14 9440 2024 | Processor : Intel Core Ultra 7 Processor 155H | RAM : 16 GB LPDDR5 RAM | Storage : 512GB SSD | Display : 14.5"" OLED display with 3.2K (3200 x 2000) Resolution With Touch 120Hz | Graphic : NVIDIA GeForce RTX 4050 6GB GDDR6 (30W) | Warranty : 2 Year Warranty","{""Brand"": ""Dell"", ""CPU"": ""16 Core, 18MB Cache, up to 4.5 GHz) Intel® CoreTM Ultra 7 Processor 155H (16- Core, 24MB Cache, up to 4.8 GHz)"", ""RAM"": ""16GB LPDDR5x Dual Channel at 7467 MT/s"", ""Graphics"": ""NVIDIA GeForce RTX 4050 Laptop GPU 6GB GDDR6 (30W)"", ""Display"": ""14.5-inch 3.2K (3200 x 2000) OLED InfinityEdge touch display, 400-nit brightness, 100% DCI-P3 color gamut, 1,000,000:1 contrast ratio, 176° wide viewing angle +/- 88° / 88° / 88° / 88°, 48- 120Hz, Dolby VisionTM, Eyesafe® technology, anti-reflective, anti-smudge"", ""Type"": ""ULTRABOOK"", ""Connections"": ""3x ThunderboltTM 4 (USB Type-CTM) with DisplayPort 2.1 and Power Delivery microSDXC card reader v6.0 UHS-I/UHS-II 1 3.5mm headphone/microphone combo jack 1 USB-C to USB-A v3.0 & HDMI v2.0 adapter"", ""Construction"": ""CNC machined aluminum with Corning Gorilla Glass 3 palm rest in graphite or platinum Corning Gorilla Glass Victus on OLED cover glass"", ""Networking"": ""Intel® KillerTM Wi-Fi 6E 1675 (AX211) 2x2 + Bluetooth 5.3 Wireless Card"", ""Inputs"": ""2 Digital Array Microphones Touch Display (optional) Full size, backlit, zero-lattice keyboard; 1.0mm travel Seamless glass haptic touchpad Capacitive touch function row Ambient Light Sensor for display backlight control"", ""Storage"": ""1TB, M.2, PCIe NVMe, SSD"", ""Size: height x width x depth"": ""Height: 18.0mm (0.71”) Width: 320.0mm (12.6”) Depth: 216.0mm (8.5”)"", ""Battery"": ""69.5Whr battery (integrated) ExpressCharge 1.0"", ""Audio & Speaker"": ""Studio quality tuning with Waves MaxxAudio® Pro and Waves Nx® 3D audio Quad-speaker design with 2W Main x 2 Channel + 2W Tweeter x 2 Channel; 8W total peak output 3.5mm headphone/microphone combo jack featuring Waves Nx® 3D audio with head tracking Dual microphone array optimized with Waves MaxxVoice supporting Dolby Atmos"", ""Camera Webcam"": ""720p at 30 fps HD RGB camera, 400p at 30 fps IR camera, dual-array microphones"", ""Weight"": ""Starting weight*: 1.68kg (3.7lbs.) for FHD+; 1.74kg (3.8lbs) for OLED"", ""Dell XPS 13 Plus 2024 Price in Nepal"": ""Rs. 4,40,000/-""}"
https://hexxone.com/laptops-by-brand/dell/dell-xps-14-9440-2024-intel-core-ultra-7-processor-155h-32gb-ram-1tb-ssd-nvidia-rtx-4050-6gb-145-inch-oled-32k-touch-display-in-nepal-120hz-2-years-warranty-in-nepal?limit=30,Dell XPS 14 9440 2024 -Intel Core Ultra 7 Processor 155H - 32GB RAM - 1TB SSD - Nvidia RTX 4050 6GB - 14.5-inch OLED 3.2K Touch display in Nepal 120Hz - 2 Years Warranty in Nepal,"NPR 444,500.00",Availability: Out Of Stock,"Model : Dell XPS 14 9440 2024 | Processor : Intel Core Ultra 7 Processor 155H | RAM : 32 GB LPDDR5 RAM | Storage : 1TB SSD | Display : 14.5"" OLED display with 3.2K (3200 x 2000) Resolution With Touch 120Hz | Graphic : NVIDIA GeForce RTX 4050 6GB GDDR6 (30W) | Warranty : 2 Year Warranty","{""Brand"": ""Dell"", ""CPU"": ""16 Core, 18MB Cache, up to 4.5 GHz) Intel® CoreTM Ultra 7 Processor 155H (16- Core, 24MB Cache, up to 4.8 GHz)"", ""RAM"": ""32GB LPDDR5x Dual Channel at 7467 MT/s"", ""Graphics"": ""NVIDIA GeForce RTX 4050 Laptop GPU 6GB GDDR6 (30W)"", ""Display"": ""14.5-inch 3.2K (3200 x 2000) OLED InfinityEdge touch display, 400-nit brightness, 100% DCI-P3 color gamut, 1,000,000:1 contrast ratio, 176° wide viewing angle +/- 88° / 88° / 88° / 88°, 48- 120Hz, Dolby VisionTM, Eyesafe® technology, anti-reflective, anti-smudge"", ""Type"": ""ULTRABOOK"", ""Connections"": ""3x ThunderboltTM 4 (USB Type-CTM) with DisplayPort 2.1 and Power Delivery microSDXC card reader v6.0 UHS-I/UHS-II 1 3.5mm headphone/microphone combo jack 1 USB-C to USB-A v3.0 & HDMI v2.0 adapter"", ""Construction"": ""CNC machined aluminum with Corning Gorilla Glass 3 palm rest in graphite or platinum Corning Gorilla Glass Victus on OLED cover glass"", ""Networking"": ""Intel® KillerTM Wi-Fi 6E 1675 (AX211) 2x2 + Bluetooth 5.3 Wireless Card"", ""Inputs"": ""2 Digital Array Microphones Touch Display (optional) Full size, backlit, zero-lattice keyboard; 1.0mm travel Seamless glass haptic touchpad Capacitive touch function row Ambient Light Sensor for display backlight control"", ""Storage"": ""1TB, M.2, PCIe NVMe, SSD"", ""Size: height x width x depth"": ""Height: 18.0mm (0.71”) Width: 320.0mm (12.6”) Depth: 216.0mm (8.5”)"", ""Battery"": ""69.5Whr battery (integrated) ExpressCharge 1.0"", ""Audio & Speaker"": ""Studio quality tuning with Waves MaxxAudio® Pro and Waves Nx® 3D audio Quad-speaker design with 2W Main x 2 Channel + 2W Tweeter x 2 Channel; 8W total peak output 3.5mm headphone/microphone combo jack featuring Waves Nx® 3D audio with head tracking Dual microphone array optimized with Waves MaxxVoice supporting Dolby Atmos"", ""Camera Webcam"": ""720p at 30 fps HD RGB camera, 400p at 30 fps IR camera, dual-array microphones"", ""Weight"": ""Starting weight*: 1.68kg (3.7lbs.) for FHD+; 1.74kg (3.8lbs) for OLED"", ""Dell XPS 13 Plus 2024 Price in Nepal"": ""Rs. 4,69,000/-""}"
https://hexxone.com/laptops-by-brand/dell/dell-xps-15-9500-i7-10th-gen-16gb-ram-1tb-ssd-gtx-1650ti-156-inch-fhd?limit=30,Dell XPS 15 9500 i7 10TH GEN/ 16GB RAM/ 1TB SSD/ GTX 1650ti/ 15.6-inch FHD,"NPR 244,500.00",Availability: Out Of Stock,Model: Dell XPS 15 9500 | Processor: 10th Generation Intel Core i7-10750H | RAM: 16GB DDR4-2666MHz | Storage: 1TB SSD | Display: 14-inch FHD LED | Graphic: NVIDIA GeForce GTX 1650Ti 4GB | Warranty: 1 Year Warranty,"{""Brand"": ""Dell"", ""CPU"": ""10th Generation Intel® Core™ i7-10750H (12MB Cache, up to 5.0 GHz, 6 cores)z"", ""RAM"": ""16GB DDR4-2666MHz"", ""Graphics"": ""NVIDIA® GeForce® GTX 1650ti 4GB GDDR6"", ""Memory"": ""1TB PCIe Solid State Drive"", ""Display"": ""15.6\"" FHD+ (1920 x 1200) InfinityEdge Non-Touch Anti-Glare 500-Nit Display"", ""Type"": ""Thin and light ultrabook"", ""Connections"": ""2x Thunderbolt™ 3 with power delivery & DisplayPort 1x USB-C 3.1 with power delivery & DisplayPort 1x Full size SD card reader v6.0 1x 3.5mm headphone/microphone combo jack 1x Wedge-shaped lock slot 1x USB-C to USB-A v3.0 & HDMI v2.0 adapter ships standard"", ""Networking"": ""Killer Wi-Fi 6 AX1650 (2x2) and Bluetooth 5.0"", ""Storage"": ""1TB PCIe Solid State Drive"", ""Size Height x width x depth (in mm)"": ""Height: 0.71\"" (18 mm) Width: 13.57\"" (344.72 mm) Depth: 9.06\"" (230.14 mm)"", ""Battery"": ""86 Wh Lithium-Ion, six cells"", ""Camera Webcam"": ""720p"", ""Weight"": ""21.83kg – with 86 WHr battery, SSD"", ""Additional features"": ""Stereo speakers with Waves MaxxAudio® Pro; 2 W x 2 = 4 W total 1 Headphone/Microphone combo jack Dual array digital microphones"", ""Dell XPS 15 9500 Price in Nepal"": ""Rs. 265,000""}"
https://hexxone.com/laptops-by-brand/dell/dell-xps-16-9640-2024-intel-core-ultra-9-processor-185h-32gb-ram-1tb-ssd-nvidia-rtx-4060-8gb-163-inch-oled-4k-touch-display-in-nepal-120hz-2-years-warranty-in-nepal?limit=30,Dell XPS 16 9640 2024 - Intel Core Ultra 9 Processor 185H - 32GB RAM - 1TB SSD - Nvidia RTX 4060 8GB - 16.3-inch OLED 4K Touch display in Nepal 120Hz - 2 Years Warranty in Nepal,"NPR 548,500.00",Availability: Out Of Stock,"Model : Dell XPS 16 9640 2024 | Processor : Intel® CoreTM Ultra 9 Processor 185H | RAM : 32 GB DDR5 RAM | Storage : 1TB SSD | Display : 16.3"" OLED display 4K (3840 x 2400) Resolution With Touch | Graphic : NVIDIA GeForce RTX 4060 8GB GDDR6 (50W) | Warranty : 2 Year Warranty","{""Brand"": ""Dell"", ""CPU"": ""Intel® CoreTM Ultra 9 Processor 185H (16- core, 24MB Cache, up to 5.1 GHz) (post launch)"", ""RAM"": ""32GB LPDDR5x Dual Channel at 7467 MT/s"", ""Graphics"": ""NVIDIA® GeForce RTXTM 4060 Laptop GPU 8GB GDDR6 (50W)"", ""Display"": ""16.3-inch 4K+ (3840 x 2400) OLED InfinityEdge touch 400-nit brightness, 100% DCI-P3 color gamut, 1,000,000:1 contrast ratio, 178° wide viewing angle +/- 89° / 89° / 89° / 89°, 48-90Hz, Dolby VisionTM, Eyesafe® technology, anti-reflective, anti- smudge"", ""Type"": ""ULTRABOOK"", ""Connections"": ""3x ThunderboltTM 4 (USB Type-CTM) with DisplayPort 2.1 and Power Delivery* microSDXC card reader v6.0 UHS-I/UHS-II 1 3.5mm headphone/microphone combo jack 1 USB-C to USB-A v3.0 & HDMI v2.0 adapter"", ""Construction"": ""CNC machined aluminum with Corning Gorilla Glass 3 palm rest in graphite or platinum Corning Gorilla Glass Victus on OLED cover glass"", ""Networking"": ""Intel® KillerTM Wi-Fi 7* 1750 (BE200) 2x2 + Bluetooth 5.4 Wireless Card"", ""Charger"": ""130W AC adapter (USB Type-CTM)"", ""Inputs"": ""2 Digital Array Microphones Touch Display (optional) Full size, backlit, zero-lattice keyboard; 1.0mm travel Seamless glass haptic touchpad Capacitive touch function row Ambient Light Sensor for display backlight control"", ""Storage"": ""1TB, M.2, PCIe NVMe, SSD"", ""Size: height x width x depth"": ""Height: 18.7 mm (0.74”) Width: 358.1 mm (14.1”) Depth: 240.0mm (9.4”)"", ""Battery"": ""99.5Whr battery (integrated) ExpressCharge 1.0"", ""Audio & Speaker"": ""Studio quality tuning with Waves MaxxAudio® Pro and Waves Nx® 3D audio Quad-speaker design with 3W Main x 2 Channel + 2W Tweeter x 2 Channel; 10W total peak output 3.5mm headphone/microphone combo jack featuring Waves Nx® 3D audio with head tracking Dual microphone array optimized with Waves MaxxVoice supporting VoIP Dolby Atmos"", ""Camera Webcam"": ""FHD (1080p) webcam Windows Hello compliant, Express Sign-In, Intel IPU6"", ""Weight"": ""Starting weight*: 2.13kg (4.7lbs.) for FHD+ and UMA; 2.20kg (4.8lbs) for OLED"", ""Dell XPS 16 9640  2024 Price in Nepal"": ""Rs. 5,49,000/-""}"
https://hexxone.com/laptops-by-brand/hp/hp-envy-x360-14-2024-intel-core-5-14th-gen-8gb-ram-512gb-ssd-14-inch-fhd-360-touchscreen-display-in-nepal?limit=30,HP Envy x360 14 2024 Intel Core 5 14th Gen - 8GB RAM - 512GB SSD - 14-inch FHD 360 TouchScreen display in Nepal,"NPR 104,500.00",Availability: Out Of Stock,"Model: HP Envy x360 14 2024 | Processor: 13th Gen Intel Core i5-1355U | RAM: 8GB DDR4-3200 SDRAM (onboard) | Storage: 512GB SSD | Display: 14"" diagonal, WUXGA, multitouch-enabled, IPS, 300nits | Graphic: Intel Iris Xe Graphics | Warranty: 1 Year Warranty","{""Brand"": ""Hewlett Packard (HP)"", ""Type"": ""2-in-1 Convertible"", ""Product name"": ""HP ENVY x360 14 2024"", ""Microprocessor"": ""Intel® Core™ 5 120U (up to 5.0 GHz with Intel® Turbo Boost Technology, 12 MB L3 cache, 10 cores, 12 threads)"", ""Chipset"": ""Intel® Integrated SoC"", ""Memory, standard"": ""8 GB DDR4-3200 MHz RAM (onboard)"", ""Video graphics"": ""Intel® Iris® Xe Graphics"", ""Hard drive"": ""512GB PCIe® Gen4 NVMe™ M.2 SSD"", ""Optical drive"": ""Optical drive not included"", ""Display"": ""14\"" diagonal, FHD (1920 x 1080) resolution, multitouch-enabled, IPS, edge-to-edge glass, micro-edge, 300 nits, low power, 16:9 aspect ratio, 60Hz refresh rate,"", ""Wireless connectivity"": ""Intel® Wi-Fi 7 BE200 (2x2) and Bluetooth® 5.4 wireless card"", ""External ports"": ""1x USB Type-C® 10Gbps signaling rate (USB Power Delivery, DisplayPort™ 1.4, HP Sleep and Charge) | 2x USB Type-A 5Gbps signaling rate | 1x HDMI 2.1 port | 1x AC smart pin | 1x microSD media card reader | 1 headphone/microphone combo"", ""Minimum dimensions (W x D x H)"": ""12.68 x 8.3 x 0.75 in (front); 12.68 x 8.3 x 0.77 in (rear)"", ""Weight"": ""3.35 Lbs"", ""Power supply type"": ""65 W USB Type-C® power adapter"", ""Battery type"": ""3-cell, 43 Wh Li-ion polymer"", ""Battery life mixed usage"": ""Up to 11 hours and 45 minutes"", ""Video Playback Battery life"": ""Up to 15 hours"", ""Webcam"": ""HP True Vision 5MP camera with temporal noise reduction and integrated dual array digital microphones"", ""Audio features"": ""Audio by Bang & Olufsen; Dual speakers; HP Audio Boost""}"
https://hexxone.com/laptops-by-brand/hp/hp-envy-x360-14-2024-intel-core-7-14th-gen-16gb-ram-512gb-ssd-14-inch-fhd-360-touchscreen-display-in-nepal?limit=30,HP Envy x360 14 2024 Intel Core 7 14th Gen - 16GB RAM - 512GB SSD - 14-inch FHD 360 TouchScreen display in Nepal,"NPR 129,500.00",Availability: Out Of Stock,"Model: HP Envy x360 14 2024 | Processor: 14th Gen Intel® Core™ 7 150U | RAM: 16GB DDR4-3200 SDRAM (onboard) | Storage: 512GB SSD | Display: 14"" diagonal, WUXGA, multitouch-enabled, IPS, 300nits | Graphic: Intel Iris Xe Graphics | Warranty: 1 Year Warranty","{""Brand"": ""Hewlett Packard (HP)"", ""Type"": ""2-in-1 Convertible"", ""Product name"": ""HP ENVY x360 14 2024"", ""Microprocessor"": ""Intel® Core™ Core 7 150U (up to 4.8 GHz with Intel® Turbo Boost Technology, 12 MB L3 cache, 12 cores, 14 threads)"", ""Chipset"": ""Intel® Integrated SoC"", ""Memory, standard"": ""16 GB DDR4  MHz RAM (onboard)"", ""Video graphics"": ""Intel® Iris® Xe Graphics"", ""Hard drive"": ""512GB PCIe® Gen4 NVMe™ M.2 SSD"", ""Optical drive"": ""Optical drive not included"", ""Display"": ""14\"" diagonal, FHD (1920 x 1080) resolution, multitouch-enabled, IPS, edge-to-edge glass, micro-edge, 300 nits, low power, 16:9 aspect ratio, 60Hz refresh rate,"", ""Wireless connectivity"": ""Intel® Wi-Fi 7 BE200 (2x2) and Bluetooth® 5.4 wireless card"", ""External ports"": ""1x USB Type-C® 10Gbps signaling rate (USB Power Delivery, DisplayPort™ 1.4, HP Sleep and Charge) | 2x USB Type-A 5Gbps signaling rate | 1x HDMI 2.1 port | 1x AC smart pin | 1x microSD media card reader | 1 headphone/microphone combo"", ""Minimum dimensions (W x D x H)"": ""12.68 x 8.3 x 0.75 in (front); 12.68 x 8.3 x 0.77 in (rear)"", ""Weight"": ""3.35 Lbs"", ""Power supply type"": ""65 W USB Type-C® power adapter"", ""Battery type"": ""3-cell, 43 Wh Li-ion polymer"", ""Battery life mixed usage"": ""Up to 11 hours and 45 minutes"", ""Video Playback Battery life"": ""Up to 15 hours"", ""Webcam"": ""HP True Vision 5MP camera with temporal noise reduction and integrated dual array digital microphones"", ""Audio features"": ""Audio by Bang & Olufsen; Dual speakers; HP Audio Boost""}"
https://hexxone.com/laptops-by-brand/hp/hp-notebook-14-ep0792wm-13th-gen-intel-core-i3-n305-8gb-ram-256gb-ssd-14-inch-hd-display-in-nepal?limit=30,HP Notebook 14-EP0792WM 13th Gen Intel Core I3-N305 - 8GB RAM - 256GB SSD - 14-inch HD display in Nepal,"NPR 55,000.00",Availability: Out Of Stock,"Model: HP Notebook 14-EP0792WM | Processor: INTEL CORE I3 13TH GEN N305 | RAM: 8 GB DDR4-3200 MHz RAM | Storage: 256GB SSD | Display: 14-inch IPS display; Full-HD, 250nits | Graphic: INTIGRATED | Warranty: 1 Year Warranty","{""Brand"": ""Hewlett-Packard (HP)"", ""Product name"": ""HP Notebook 14-EP0792WM"", ""Type"": ""Budget Notebook"", ""Microprocessor"": ""Intel® Core™ i3-N305 (up to 3.8 GHz with Intel® Turbo Boost Technology, 6 MB L3 cache, 8 cores, 8 threads)"", ""Chipset"": ""Integrated Intel® UHD Graphics"", ""Memory, standard"": ""8 GB DDR4-3200 MHz RAM (1 x 8 GB)"", ""Video graphics"": ""Integrated Intel® UHD Graphics"", ""Hard drive"": ""256 GB PCIe® NVMe™ M.2 SSD"", ""Optical drive"": ""Optical drive not included"", ""Display"": ""14\"" diagonal HD display"", ""Wireless connectivity"": ""Realtek Wi-Fi 6 (2x2) and Bluetooth® 5.3 compatible combo (supporting Gigabit data rate)"", ""External ports"": ""(2) USB 3.2 Gen 1.0 Type-A ports; 5 Gbps signaling rate (1) USB 3.2 Gen 1.0 Type-C port; 5 Gbps signaling rate (data transfer only; charging or external monitors not supported) (1) Headphone/microphone combo port (1) HDMI v1.4b output port (1) AC Smart pin adapter plug"", ""Minimum dimensions (W x D x H)"": ""(W x D x H) 12.74 x 8.46 x 0.70 in (front); 12.74 x 8.46 x 1.28 in (rear)"", ""Weight"": ""Starting at 1.4 kg"", ""Power supply type"": ""45 W Smart AC power adapter"", ""Battery type"": ""3-cell, 41 Wh Li-ion"", ""Battery life mixed usage"": ""Up to 5 hours and 30 minutes"", ""Video Playback Battery life"": ""Up to 6 hours"", ""Webcam"": ""HP True Vision 1080p FHD camera with temporal noise reduction and integrated dual array digital microphones Privacy camera shutter door Supported audio software : Beam forming Echo cancellation Noise suppression"", ""Audio features"": ""Dual speakers"", ""HP Notebook 14-EP0792WM Price in Nepal"": ""Rs. 57,000 (HP Notebook 14-EP0792WM)""}"
https://hexxone.com/laptops-by-brand/hp/hp-notebook-14-fq1051au-ryzen-3-5300u-4gb-ram-256gb-ssd-14-inch-fhd-display-in-nepal?limit=30,HP Notebook 14-FQ1051AU Ryzen 3 5300U - 4GB RAM - 256GB SSD - 14-inch FHD display in Nepal,"NPR 50,500.00",Availability: Out Of Stock,"Model: HP Notebook 14-FQ1051AU | Processor: AMD Ryzen 3 5300U | RAM: 4 GB DDR4-3200 MHz | Storage: 256GB SSD | Display: 14-inch IPS display; Full-HD, 250nits | Graphic: AMD Radeon Graphics | Warranty: 1 Year Warranty","{""Product number"": ""48K01PA"", ""Product name"": ""HP Laptop 14s-fq1051AU"", ""Microprocessor"": ""AMD Ryzen™ 3 5300U (up to 3.8 GHz max boost clock, 4 MB L3 cache, 4 cores, 8 threads)"", ""Chipset"": ""AMD Integrated SoC"", ""Memory, standard"": ""4 GB DDR4-3200 MHz RAM (1 x 4 GB)"", ""Video graphics"": ""AMD Radeon™ Graphics"", ""Hard drive"": ""256 GB PCIe® NVMe™ M.2 SSD"", ""Optical drive"": ""Optical drive not included"", ""Display"": ""35.6 cm (14\"") diagonal, FHD (1920 x 1080), IPS, micro-edge, BrightView, 250 nits, 45% NTSC"", ""Wireless connectivity"": ""Realtek RTL8821CE-M 802.11a/b/g/n/ac (1x1) Wi-Fi® and Bluetooth® 4.2 combo"", ""Expansion slots"": ""1 multi-format SD media card reader"", ""External ports"": ""1 SuperSpeed USB Type-C® 5Gbps signaling rate; 2 SuperSpeed USB Type-A 5Gbps signaling rate; 1 HDMI 1.4b; 1 AC smart pin; 1 headphone/microphone combo"", ""Minimum dimensions (W x D x H)"": ""32.4 x 22.5 x 1.79 cm"", ""Weight"": ""Starting at 1.47 kg"", ""Power supply type"": ""45 W Smart AC power adapter"", ""Battery type"": ""3-cell, 41 Wh Li-ion"", ""Battery life mixed usage"": ""Up to 9 hours and 45 minutes"", ""Video Playback Battery life"": ""Up to 9 hours and 15 minutes"", ""Webcam"": ""HP True Vision 720p HD camera with integrated dual array digital microphones"", ""Audio"": ""Dual speakers""}"
https://hexxone.com/laptops-by-brand/hp/hp-notebook-15-ef2127-ryzen-5-5500u-8gb-ram-256gb-ssd-156-inch-fhd-display-in-nepal?limit=30,HP Notebook 15-EF2127 Ryzen 5 5500U - 8GB RAM - 256GB SSD - 15.6-inch FHD display in Nepal,"NPR 59,500.00",Availability: Out Of Stock,"Model: HP Notebook 15-EF2127 | Processor: AMD Ryzen 5 5500U | RAM: 8 GB DDR4-3200 MHz RAM | Storage: 256GB SSD | Display: 15.6-inch IPS display; Full-HD, 250nits | Graphic: AMD Radeon Graphics | Warranty: 1 Year Warranty","{""Brand"": ""Hewlett Packard (HP)"", ""Product number"": ""4J0V2UA"", ""Product name"": ""HP Laptop 15-ef2127wm"", ""Microprocessor"": ""AMD Ryzen 5 5500U (up to 4.0 GHz max boost clock, 8 MB L3 cache, 6 cores, 12 threads)"", ""Chipset"": ""AMD Integrated SoC"", ""Memory, standard"": ""8GB DDR4-3200 MHz RAM (2 x 4 GB)"", ""Video graphics"": ""AMD Radeon™ Graphics Integrated"", ""Hard drive"": ""256 GB PCIe® NVMe™ M.2 SSD"", ""Optical drive"": ""Optical drive not included"", ""Display"": ""15.6\"" diagonal, FHD (1920 x 1080), micro-edge, anti-glare, 250 nits, 45% NTSC"", ""Wireless connectivity"": ""Realtek RTL8822CE 802.11a/b/g/n/ac (2x2) Wi-Fi® and Bluetooth® 5 combo"", ""Expansion slots"": ""1 multi-format SD media card reader"", ""External ports"": ""1 SuperSpeed USB Type-C® 5Gbps signaling rate; 2 SuperSpeed USB Type-A 5Gbps signaling rate; 1 HDMI 1.4b; 1 AC smart pin; 1 headphone/microphone combo"", ""Minimum dimensions (W x D x H)"": ""35.85 x 24.2 x 1.79 cm"", ""Weight"": ""1.69 kg"", ""Power supply type"": ""45 W Smart AC power adapter"", ""Battery type"": ""3-cell, 41 Wh Li-ion"", ""Battery life mixed usage"": ""Up to 9 hours and 30 minutes"", ""Video Playback Battery life"": ""Up to 9 hours"", ""Webcam"": ""HP True Vision 720p HD camera with integrated dual array digital microphones"", ""Audio features"": ""Dual speakers""}"
https://hexxone.com/laptops-by-brand/hp/hp-notebook-15-fc0039wm-ryzen-5-7520u-8gb-ram-256gb-ssd-156-inch-fhd-display-in-nepal?limit=30,HP Notebook 15-FC0039WM Ryzen 5 7520U - 8GB RAM - 256GB SSD - 15.6-inch FHD display in Nepal,"NPR 61,500.00",Availability: Out Of Stock,"Model: HP Notebook 15-FC0039WM | Processor: AMD Ryzen 5 7520U | RAM: 8 GB DDR4-3200 MHz RAM | Storage: 256GB SSD | Display: 15.6-inch IPS display; Full-HD, 250nits | Graphic: AMD Radeon Graphics | Warranty: 1 Year Warranty","{""Brand"": ""Hewlett-Packard (HP)"", ""Product name"": ""HP Notebook  15-FC0039WM"", ""Type"": ""Budget Notebook"", ""Microprocessor"": ""AMD Ryzen™ 5 7520U (up to 4.3 GHz maximum boost clock, 4 MB L3 cache, 4 cores, 8 threads)"", ""Chipset"": ""AMD Integrated SoC"", ""Memory, standard"": ""8 GB DDR4-3200 MHz RAM (1 x 8 GB)"", ""Video graphics"": ""AMD Radeon™ Graphics"", ""Hard drive"": ""256 GB PCIe® NVMe™ M.2 SSD"", ""Optical drive"": ""Optical drive not included"", ""Display"": ""15.6\"" diagonal,FHD (1920 x 1080), IPS, micro-edge, antiglare, 250 nits, 45% NTSC"", ""Wireless connectivity"": ""Realtek Wi-Fi 6 (2x2) and Bluetooth® 5.3 compatible combo (supporting Gigabit data rate)"", ""External ports"": ""(2) USB 3.2 Gen 1.0 Type-A ports; 5 Gbps signaling rate (1) USB 3.2 Gen 1.0 Type-C port; 5 Gbps signaling rate (data transfer only; charging or external monitors not supported) (1) Headphone/microphone combo port (1) HDMI v1.4b output port (1) AC Smart pin adapter plug"", ""Minimum dimensions (W x D x H)"": ""35.98 x 23.6 x 1.86 cm"", ""Weight"": ""Starting at 1.6 kg"", ""Power supply type"": ""45 W Smart AC power adapter"", ""Battery type"": ""3-cell, 41 Wh Li-ion"", ""Battery life mixed usage"": ""Up to 5 hours and 30 minutes"", ""Video Playback Battery life"": ""Up to 6 hours"", ""Webcam"": ""HP True Vision 1080p FHD camera with temporal noise reduction and integrated dual array digital microphones Privacy camera shutter door Supported audio software : Beam forming Echo cancellation Noise suppression"", ""Audio features"": ""Dual speakers"", ""HP Notebook 15-FC0039WM Price in Nepal"": ""Rs. 63,000 (HP Notebook 15s-EQ2115AU)""}"
https://hexxone.com/laptops-by-brand/hp/hp-omen-16-2021-i7-11800h-8-core-rtx-3050ti-16gb-ram-512ggb-ssd-161-inch-fhd-60hz-display-in-nepal?limit=30,HP Omen 16 2021 i7 11800H 8 Core - RTX 3050Ti - 16GB RAM - 512GGB SSD - 16.1-inch FHD 60Hz display in Nepal,"NPR 132,500.00",Availability: Out Of Stock,"Model: HP Omen 16 2021 | Processor: 11th Generation Intel Core i7-11800H | RAM: 16 GB DDR4-3200 MHz RAM | Storage: 512GB SSD | Display: 16.1-inch IPS display; Full-HD, 300nits | Graphic: GeForce RTX 3050ti 4 GB | Warranty: 1 Year Warranty","{""Brand"": ""Hewlett-Packard (HP)"", ""Series"": ""Omen Series"", ""Product number"": ""492J0PA"", ""Product name"": ""OMEN by HP Laptop 16-b0004TX"", ""Microprocessor"": ""Intel Core i7-11800H (up to 4.6 GHz with Intel Turbo Boost Technology, 24 MB L3 cache, 8 cores)"", ""Chipset"": ""Intel HM570"", ""Memory, standard"": ""16 GB DDR4-3200 MHz RAM (2 x 8 GB)"", ""Video graphics"": ""NVIDIA GeForce RTX 3050 Ti Laptop GPU (4 GB GDDR6 dedicated)"", ""Hard drive"": ""512 GB PCIe NVMe TLC M.2 SSD"", ""Optical drive"": ""Optical drive not included"", ""Display"": ""16.1-inch IPS display; Full-HD (1920 x 1080 pixels), micro-edge, anti-glare, 300 nits, 100% sRGB"", ""Type"": ""Gaming Laptop"", ""Wireless connectivity"": ""Intel Wi-Fi 6E AX210 (2x2) and Bluetooth® 5.2 combo (Supporting Gigabit data rate)"", ""Network interface"": ""Integrated 10/100/1000 GbE LAN"", ""Expansion slots"": ""1 multi-format SD media card reader"", ""External ports"": ""1 SuperSpeed USB Type-C® 10Gbps signaling rate (DisplayPort 1.4, HP Sleep and Charge); 1 SuperSpeed USB Type-A 5Gbps signaling rate (HP Sleep and Charge); 2 SuperSpeed USB Type-A 5Gbps signaling rate; 1 HDMI 2.1; 1 mini DisplayPort™; 1 RJ-45; 1 AC smart pin; 1 headphone/microphone combo"", ""Minimum dimensions (W x D x H)"": ""36.92 x 24.8 x 2.3 cm"", ""Weight"": ""Starting at 2.3 kg"", ""Power supply type"": ""200 W Smart AC power adapter"", ""Battery type"": ""4-cell, 70 Wh Li-ion polymer"", ""Webcam"": ""HP Wide Vision 720p HD camera with integrated dual array digital microphones"", ""Audio features"": ""Audio by Bang & Olufsen; DTS:X Ultra; Dual speakers; HP Audio Boost"", ""HP Omen 16 2021 Price in Nepal"": ""Rs. 143,000""}"
https://hexxone.com/laptops-by-brand/hp/hp-omen-16-2023-gaming-laptop-amd-ryzen-9-7940hs-rtx-4070-16gb-ram-512gb-ssd-16-inch-fhd-165hz-display-in-nepal?limit=30,HP OMEN 16 2023 Gaming Laptop AMD RYZEN 9 7940HS - RTX 4070 - 16GB RAM - 512GB SSD - 16-inch FHD 165Hz display in Nepal,"NPR 219,500.00",Availability: Out Of Stock,"Model : HP OMEN 16 Gaming Laptop ( 2023 ) | Processor : AMD Ryzen™ 9 7940HS | RAM : 16 GB DDR5 | Storage : 512 SSD | Display : 16"" FHD  (1920 x 1080), 165Hz | Graphic : GeForce RTX 4070 8 GB | Warranty : 1 Year Warranty","{""Brand"": ""Hewlett-Packard (HP)"", ""Series"": ""Omen Series"", ""Product number"": """", ""Product name"": ""HP OMEN 16 Gaming Laptop"", ""Microprocessor"": ""AMD Ryzen™ 9 7940HS (up to 5.2 GHz max boost clock, 16 MB L3 cache, 8 cores, 16 threads) 1 2"", ""Chipset"": ""AMD integrated SoC"", ""Memory, standard"": ""16 GB DDR5-5600 MHz RAM (2 x 8 GB)"", ""Video graphics"": ""NVIDIA® GeForce RTX™ 4070 Laptop GPU (8 GB GDDR6 dedicated)"", ""Hard drive"": ""512GB PCIe® NVMe™ M.2 SSD (4x4 SSD)"", ""Display"": ""16.1\"" diagonal, FHD (1920 x 1080), 165 Hz, 7 ms response time, IPS, micro-edge, anti-glare, Low Blue Light, 300 nits, 100% sRGB 3"", ""Type"": ""Gaming Laptop"", ""Wireless connectivity"": ""Intel® Wi-Fi 6E AX211 (2x2) and Bluetooth® 5.3 wireless card"", ""External ports"": ""1 USB Type-A 5Gbps signaling rate; 1 USB Type-A 5Gbps signaling rate (HP Sleep and Charge); 2 USB Type-C® 10Gbps signaling rate (USB Power Delivery, DisplayPort™ 1.4a, HP Sleep and Charge); 1 HDMI 2.1; 1 RJ-45; 1 AC smart pin; 1 headphone/microphone combo 10 11"", ""Minimum dimensions (W x D x H)"": ""36.9 x 25.94 x 2.35  cm"", ""Weight"": ""2.37Kg"", ""Power supply type"": ""280 W Smart AC power adapter"", ""Keyboard"": ""Full-size, 4-zone RGB backlit, shadow black keyboard with numeric keypad and 26-Key Rollover Anti-Ghosting Key technology"", ""Battery type"": ""6-cell,83 WhLi-ionpolymer"", ""Webcam"": ""HP True Vision 1080p FHD IR camera with temporal noise reduction and integrated dual array digital microphones"", ""Audio features"": ""DTS:X® Ultra; Dual speakers; HP Audio Boost; HyperX"", ""HP Omen 16 2024 Price in Nepal"": ""230000""}"
https://hexxone.com/laptops-by-brand/hp/hp-omen-16-2024-gaming-laptop-intel-core-i7-14700hx-rtx-4050-16gb-ram-512gb-ssd-16-inch-fhd-165hz-display-in-nepal?limit=30,HP OMEN 16 2024 Gaming Laptop Intel Core i7 14700HX - RTX 4050 - 16GB RAM - 512GB SSD - 16-inch FHD 165Hz display in Nepal,"NPR 174,500.00",Availability: Out Of Stock,"Model : HP OMEN 16 Gaming Laptop ( 2024 ) | Processor : Intel® Core™ i7-14700HX | RAM : 16 GB DDR5 | Storage : 512GB SSD | Display : 16"" FHD  (1920 x 1080), 165Hz | Graphic : GeForce RTX 4050 6 GB | Warranty : 1 Year Warranty","{""Brand"": ""Hewlett-Packard (HP)"", ""Series"": ""Omen Series"", ""Product number"": """", ""Product name"": ""HP OMEN 16 Gaming Laptop"", ""Microprocessor"": ""Intel® Core™ i7-14700HX (up to 5.5 GHz with Intel® Turbo Boost Technology, 33 MB L3 cache, 20 cores, 28 threads)"", ""Chipset"": ""Intel® HM770"", ""Memory, standard"": ""16 GB DDR5-5600 MHz RAM (2 x 8 GB)"", ""Video graphics"": ""NVIDIA GeForce RTX 4050 GPU (6 GB GDDR6 dedicated)"", ""Hard drive"": ""512GB PCIe® NVMe™ M.2 SSD (4x4 SSD)"", ""Display"": ""40.9 cm (16.1\"") diagonal, FHD (1920 x 1080), 165 Hz, 7 ms response time, IPS, micro-edge, anti-glare, Low Blue Light, 300 nits, 100% sRGB"", ""Type"": ""Gaming Laptop"", ""Wireless connectivity"": ""Intel® Wi-Fi 6E AX211 (2x2) and Bluetooth® 5.3 wireless card"", ""External ports"": ""1 USB Type-A 5Gbps signaling rate; 1 USB Type-A 5Gbps signaling rate (HP Sleep and Charge); 2 Thunderbolt™ 4 with USB Type-C® 40Gbps signaling rate (USB Power Delivery, DisplayPort™ 1.4, HP Sleep and Charge); 1 HDMI 2.1; 1 RJ-45; 1 AC smart pin; 1 headphone/microphone combo"", ""Minimum dimensions (W x D x H)"": ""36.9 x 25.94 x 2.35 cm"", ""Weight"": ""2.39Kg"", ""Power supply type"": ""280 W Smart AC power adapter"", ""Keyboard"": ""Full-size, 4-zone RGB backlit, shadow black keyboard with numeric keypad and 26-Key Rollover Anti-Ghosting Key technology"", ""Battery type"": ""6-cell,83 WhLi-ionpolymer"", ""Webcam"": ""HP True Vision 1080p FHD IR camera with temporal noise reduction and integrated dual array digital microphones"", ""Audio features"": ""DTS:X® Ultra; Dual speakers; HP Audio Boost; HyperX"", ""HP Omen 16 2024 Price in Nepal"": ""Rs 1,90,000?-""}"
https://hexxone.com/laptops-by-brand/hp/hp-omen-16-2024-gaming-laptop-intel-core-i7-14700hx-rtx-4070-16gb-ram-512gb-ssd-16-inch-fhd-165hz-display-in-nepal?limit=30,HP OMEN 16 2024 Gaming Laptop Intel Core i7 14700HX - RTX 4070 - 16GB RAM - 512GB SSD - 16-inch FHD 165Hz display in Nepal,"NPR 239,500.00",Availability: Out Of Stock,"Model : HP OMEN 16 Gaming Laptop ( 2024 ) | Processor : Intel® Core™ i7-14700HX | RAM : 16 GB DDR5 | Storage : 512GB SSD | Display : 16"" FHD  (1920 x 1080), 165Hz | Graphic : GeForce RTX 4070 8 GB | Warranty : 1 Year Warranty","{""Brand"": ""Hewlett-Packard (HP)"", ""Series"": ""Omen Series"", ""Product number"": """", ""Product name"": ""HP OMEN 16 Gaming Laptop"", ""Microprocessor"": ""Intel® Core™ i7-14700HX (up to 5.5 GHz with Intel® Turbo Boost Technology, 33 MB L3 cache, 20 cores, 28 threads)"", ""Chipset"": ""Intel® HM770"", ""Memory, standard"": ""16 GB DDR5-5600 MHz RAM (2 x 8 GB)"", ""Video graphics"": ""NVIDIA GeForce RTX 4070 GPU (8 GB GDDR6 dedicated)"", ""Hard drive"": ""512GB PCIe® NVMe™ M.2 SSD (4x4 SSD)"", ""Display"": ""40.9 cm (16.1\"") diagonal, FHD (1920 x 1080), 165 Hz, 7 ms response time, IPS, micro-edge, anti-glare, Low Blue Light, 300 nits, 100% sRGB"", ""Type"": ""Gaming Laptop"", ""Wireless connectivity"": ""Intel® Wi-Fi 6E AX211 (2x2) and Bluetooth® 5.3 wireless card"", ""External ports"": ""1 USB Type-A 5Gbps signaling rate; 1 USB Type-A 5Gbps signaling rate (HP Sleep and Charge); 2 Thunderbolt™ 4 with USB Type-C® 40Gbps signaling rate (USB Power Delivery, DisplayPort™ 1.4, HP Sleep and Charge); 1 HDMI 2.1; 1 RJ-45; 1 AC smart pin; 1 headphone/microphone combo"", ""Minimum dimensions (W x D x H)"": ""36.9 x 25.94 x 2.35 cm"", ""Weight"": ""2.39Kg"", ""Power supply type"": ""330 W Smart AC power adapter"", ""Keyboard"": ""Full-size, 4-zone RGB backlit, shadow black keyboard with numeric keypad and 26-Key Rollover Anti-Ghosting Key technology"", ""Battery type"": ""6-cell,83 WhLi-ionpolymer"", ""Webcam"": ""HP True Vision 1080p FHD IR camera with temporal noise reduction and integrated dual array digital microphones"", ""Audio features"": ""DTS:X® Ultra; Dual speakers; HP Audio Boost; HyperX"", ""HP Omen 16 2024 Price in Nepal"": ""Rs 2,55,000-""}"
https://hexxone.com/laptops-by-brand/hp/hp-omen-16-2024-i7-14650hx-rtx-4060-16gb-ram-512ggb-ssd-161-inch-fhd-144hz-display-in-nepal?limit=30,HP Omen 16 2024 i7 14650HX - RTX 4060 - 16GB RAM - 512GGB SSD - 16.1-inch FHD 144Hz display in Nepal,"NPR 198,500.00",Availability: Out Of Stock,"Model: HP Omen 16 2024 | Processor: 14th Generation Intel Core i7-14650HX | RAM: 16GB DDR5-5600 MHz RAM | Storage: 512GB SSD | Display: 16.1-inch IPS display, FHD, 144Hz refresh rate, 3ms response time | Graphic: GeForce RTX 4060 8 GB | Warranty: 1 Year Warranty","{""Brand"": ""Hewlett-Packard (HP)"", ""Product name"": ""OMEN by HP Laptop 16"", ""Microprocessor"": ""Intel® Core™ i7-14650HX (up to 5.2 GHz with Intel® Turbo Boost Technology, 30 MB L3 cache, 16 cores, 24 threads)"", ""Chipset"": ""Intel HM770"", ""Memory, standard"": ""16GB DDR5-5600 MHz RAM (2 x 8 GB)"", ""Video graphics"": ""NVIDIA GeForce RTX 4060 Laptop GPU (8 GB GDDR6 dedicated)"", ""Hard drive"": ""512 GB PCIe NVMe TLC M.2 SSD"", ""Optical drive"": ""Optical drive not included"", ""Display"": ""16.1-40.9 cm (16.1)) diagonal, FHD (1920 x 1080), 144 Hz, IPS, micro-edge, anti-glare, 300 nits, 62.5% sRGB"", ""Type"": ""Gaming Laptop"", ""Wireless connectivity"": ""Intel® Wi-Fi 6E AX211 (2x2) and Bluetooth® 5.3 wireless card (supporting gigabit data rate)"", ""Network interface"": ""Integrated 10/100/1000 GbE LAN"", ""Expansion slots"": ""1 multi-format SD media card reader"", ""External ports"": ""USB Type-A 5Gbps signaling rate; 1 USB Type-A 5Gbps signaling rate (HP Sleep and Charge); 2 Thunderbolt™ 4 with USB Type-C® 40Gbps signaling rate (USB Power Delivery, DisplayPort™ 1.4, HP Sleep and Charge); 1 HDMI 2.1; 1 RJ-45; 1 AC smart pin; 1 headphone/microphone combo"", ""Minimum dimensions (W x D x H)"": ""36.9 x 25.94 x 2.35 cm"", ""Weight"": ""Starting at 2.39 kg"", ""Power supply type"": ""230 W AC power adapter"", ""Battery type"": ""6-cell, 83 Wh Li-ion polymer"", ""Battery life mixed usage"": ""Up to 5 hours and 30 minutes"", ""Video Playback Battery life"": ""Up to 6 hours and 30 minutes"", ""Webcam"": ""HP True Vision 1080p FHD camerawith temporal noise reduction and integrated dual array digital microphones"", ""Audio"": ""Audio by Bang & Olufsen; DTS:X Ultra; Dual speakers; HP Audio Boost"", ""Operating system"": ""Windows 11 Home 64"", ""HP Omen 16 2024 Price in Nepal"": ""Rs. 199,000/-""}"
https://hexxone.com/laptops-by-brand/hp/hp-pavilion-15-eh1070-ryzen-7-5700u-amd-vega-8-8gb-ram-512gb-ssd-156-inch-fhd-display-backlight-keyboard-fingerprint-reader?limit=30,HP Pavilion 15-EH1070 Ryzen 7 5700U - AMD VEGA 8 - 8GB RAM - 512GB SSD - 15.6-inch FHD display - Backlight Keyboard - Fingerprint Reader,"NPR 91,500.00",Availability: Out Of Stock,"Model: HP Pavilion 15-EH1070 | Processor: AMD Ryzen 7 5700U | RAM: 8GB DDR4-3200 SDRAM | Storage: 512GB SSD | Display: 15.6"" diagonal FHD, IPS, 250nits | Graphic: AMD Radeon Graphics | Warranty: 1 Year Warranty","{""CPU"": ""AMD Ryzen™ 7 5700U (1.8 GHz base clock, up to 4.3 GHz max boost clock, 8 MB L3 cache, 8 cores, 16 threads)"", ""RAM"": ""8GB DDR4-3200 SDRAM (2 x 4 GB)"", ""Operating System"": ""Windows 10"", ""Screen"": ""15.6-inch Full-HD (1920 x 1080 pixels) IPS LCD Display, micro-edge, BrightView, 250 nits brightness, 45% NTSC color coverage"", ""Hard Drive"": ""512GB PCIe NVMe M.2 SSD"", ""Memory Speed"": ""3200MHz"", ""Graphics"": ""AMD Radeon™ Graphics"", ""Ports"": ""1 SuperSpeed USB Type-C® 10Gbps signaling rate (USB Power Delivery, DisplayPort™ 1.4, HP Sleep and Charge); 2 SuperSpeed USB Type-A 5Gbps signaling rate; 1 HDMI 2.0; 1 AC smart pin; 1 headphone/microphone combo"", ""Wireless Type"": ""Intel® Wi-Fi 6 AX200 (2x2) and Bluetooth® 5 combo (Supporting Gigabit file transfer speeds)"", ""AUDIO"": ""Dual speaker"", ""Dimensions"": ""32.68 x 22.55 x 1.79 cm"", ""Batteries"": ""3-cell, 41 Wh Li-ion"", ""Weight"": ""1.75 kg""}"
https://hexxone.com/laptops-by-brand/hp/hp-pavilion-x360-13-2022-i5-12th-gen-8gb-ram-512gb-ssd-14-inch-fhd-touchscreen-display-in-nepal?limit=30,HP Pavilion X360 13 2022 i5 12th Gen - 8GB RAM - 512GB SSD - 14-inch FHD TouchScreen display in Nepal,"NPR 94,500.00",Availability: Out Of Stock,"Model: HP Pavilion X360 13 2022 | Processor: 12th Gen Intel Core i5-1235G7 | RAM: 8GB DDR4-3200 SDRAM | Storage: 512GB SSD | Display: 14-inch IPS display, Full-HD, 250nits | Graphic: Intel Iris Xe Graphics | Warranty: 1 Year Warranty","{""Brand"": ""Hewlett Packard (HP)"", ""CPU"": ""Intel® Core™ i5-1235U (up to 4.4 GHz with Intel® Turbo Boost Technology, 12 MB L3 cache, 10 cores, 12 threads)"", ""RAM"": ""8GB DDR4-3200 SDRAM"", ""Operating System"": ""Windows 10"", ""Display"": ""14-inch IPS display; Full-HD (1920 x 1080 pixels) resolution; multitouch-enabled, IPS, edge-to-edge glass, micro-edge, 250 nits, 45% NTSC"", ""Type"": ""2-in-1 Convertible Laptop"", ""Hard Drive"": ""512GB SSD"", ""Memory Speed"": ""3200MHz"", ""Graphics"": ""Intel Iris Xe Graphics Integrated"", ""Dimensions"": ""32.4 x 22.1 x 1.87 cm"", ""Ports"": ""1 SuperSpeed USB Type-C 10Gbps signaling rate (USB Power Delivery, DisplayPort 1.4, HP Sleep and Charge); 2 SuperSpeed USB Type-A 5Gbps signaling rate; 1 HDMI 2.0; 1 AC smart pin; 1 headphone/microphone combo"", ""Wireless Type"": ""Intel Wi-Fi 6 AX201 (2x2) and Bluetooth 5 combo (Supporting Gigabit file transfer speeds)"", ""Rear Webcam Resolution"": ""HP Wide Vision HD Camera with dual array digital microphone"", ""Keyboard"": ""Full-size island-style backlit keyboard"", ""Batteries"": ""4-cell, 53.2 Wh Li-ion"", ""Weight"": ""Starting at 1.61Kg"", ""HP Pavilion X360 13 2022 Price in Nepal"": ""Rs. 108000""}"
https://hexxone.com/laptops-by-brand/hp/hp-spectre-x360-14-2023-2-in-1-i7-13th-gen-16gb-ram-512gb-ssd-135-inch-wuxga-touchscreen-display-in-nepal?limit=30,HP Spectre x360 14 2023 2-in-1 i7 13th Gen - 16GB RAM - 512GB SSD - 13.5-inch WUXGA TouchScreen display in Nepal,"NPR 208,500.00",Availability: Out Of Stock,"Model: HP Spectre 14 x360 2023 | Processor: 13th Gen Intel Core i7-1355U | RAM: 16GB DDR4-4266 SDRAM (onboard) | Storage: 512GB SSD | Display: 13.5"" diagonal, WUXGA+ (1920 x 1280) | Graphic: Intel Iris Xe Graphics | Warranty: 1 Year Warranty","{""Brand"": ""Hewlett-Packard (HP)"", ""Series"": ""Spectre Series"", ""CPU"": ""Intel® Core™ i7-1355U (up to 5.0 GHz with Intel® Turbo Boost Technology, 12 MB L3 cache, 10 cores, 12 threads)"", ""RAM"": ""16 GB LPDDR4x-4266 MHz RAM (onboard)"", ""Operating System"": ""Windows 11"", ""Screen"": ""13.5\"" diagonal, WUXGA+ (1920 x 1280), multitouch-enabled, IPS, edge-to-edge glass, micro-edge, anti-reflection Corning® Gorilla® Glass NBT™, Low Blue Light, 400 nits, 100% sRGB"", ""Type"": ""2-in-1 Convertible Laptop"", ""Hard Drive"": ""512GB PCIe® NVMe™ TLC M.2 SSD"", ""Memory Speed"": ""4266"", ""Graphics"": ""integrated: Intel Iris® Xᵉ Graphics"", ""Dimensions"": ""11.73 x 8.68 x 0.67 in"", ""Ports"": ""1 USB Type-A 10Gbps signaling rate (HP Sleep and Charge); 2 Thunderbolt™ 4 with USB Type-C® 40Gbps signaling rate (USB Power Delivery, DisplayPort™ 1.4, HP Sleep and Charge); 1 headphone/microphone combo"", ""Wireless Type"": ""Intel® Wi-Fi 6E AX211 (2x2) and Bluetooth® 5.3 wireless card (supporting gigabit data rate)"", ""Webcam"": ""HP True Vision 5MP IR camera with camera shutter, temporal noise reduction and integrated dual array digital microphones"", ""Audio"": ""Bang & Olufsen, dual speakers, HP Audio Boost"", ""Keyboard"": ""Full-size island-style backlit keyboard (natural silver)"", ""Batteries"": ""4-cell, 66 Wh Li-ion polymer"", ""Weight"": ""3.01Lbs"", ""HP Spectre x360 14 2023 Price in Nepal"": ""Rs. 209,000""}"
https://hexxone.com/laptops-by-brand/hp/hp-spectre-x360-14-2024-2-in-1-intel-core-ultra-7-155h-32gb-ram-2tb-ssd-14-inch-28k-oled-touchscreen-display-in-nepal?limit=30,HP Spectre x360 14 2024 2-in-1 Intel Core Ultra 7 155H - 32GB RAM - 2TB SSD - 14-inch 2.8K OLED TouchScreen display in Nepal,"NPR 271,500.00",Availability: Out Of Stock,"Model: HP Spectre 14 x360 2024 | Processor: Intel® Core™ Ultra 7 155H | RAM: 32GB DDR5 | Storage: 2 TB SSD | Display: 14"" diagonal, 2.8K (2880 x 1800), OLED, multitouch-enabled | Graphic: Intel® Arc™ Graphics | Warranty: 1 Year Warranty","{""Brand"": ""Hewlett-Packard (HP)"", ""Series"": ""Spectre Series"", ""CPU"": ""Intel® Core™ Ultra 7 155H (up to 4.8 GHz, 24 MB L3 cache, 16 cores, 22 threads) + Intel® Arc™ Graphics + 16 GB(Onboard)"", ""RAM"": ""32 GB LPDDR5"", ""Operating System"": ""Windows 11"", ""Screen"": ""14\"" diagonal, 2.8K (2880 x 1800), OLED, multitouch-enabled, UWVA, edge-to-edge glass, micro-edge, Low Blue Light, HDR 500 nits"", ""Type"": ""2-in-1 Convertible Laptop"", ""Hard Drive"": ""2 TB PCIe® NVMe™ M.2 SSD (4x4 SSD)"", ""Graphics"": ""Intel® Arc™ Graphics"", ""Dimensions"": ""12.35 x 8.68 x 0.67 in"", ""Ports"": ""1 USB Type-A 10Gbps signaling rate (HP Sleep and Charge); 1 headphone/microphone combo; 2 Thunderbolt™ 4 with USB Type-C® 40Gbps signaling rate (USB Power Delivery, DisplayPort™ 2.1, HP Sleep and Charge)"", ""Wireless Type"": ""Intel® Wi-Fi 7 BE200 (2x2) and Bluetooth® 5.4 wireless card"", ""Webcam"": ""HP Wide Vision 9MP IR camera with camera shutter, temporal noise reduction and integrated dual array digital microphones"", ""Audio"": ""DTS:X® Ultra; Quad speakers; HP Audio Boost; Poly Studio"", ""Keyboard"": ""Full-size island-style backlit keyboard"", ""Active Pen"": ""HP USB-C Rechargeable MPP2.0 Tilt Nightfall Black Pen"", ""Batteries"": ""4-cell, 68 Wh Li-ion polymer"", ""Weight"": ""3.19 lb"", ""HP Spectre x360 14 2024 Price in Nepal"": ""Price Rs 2,72,000/-""}"
https://hexxone.com/laptops-by-brand/hp/hp-victus-15-2023-i5-12450h-8-core-nvidia-rtx-3050-8gb-ram-512gb-ssd-156-inch-144hz-fhd-display-in-nepal?limit=30,HP Victus 15 2023 i5 12450H 8 Core - NVIDIA RTX 3050 - 8GB RAM - 512GB SSD - 15.6-inch 144Hz FHD display in Nepal,"NPR 94,500.00",Availability: Out Of Stock,"Model: HP Victus 16 2023 | Processor: HP Victus 15 2023 i5 12450H 8 Core | RAM: 8GB DDR4-3200 SDRAM | Storage: 512GB SSD | Display: 15.6"" diagonal FHD, IPS | Graphic: NVIDIA GeForce RTX 3050 | Warranty: 1 Year Warranty","{""Brand"": ""Hewlett-Packard (HP)"", ""Series"": ""Victus Series"", ""Product name"": ""Victus by HP Laptop 15"", ""Microprocessor"": ""12th Generation Intel Core i5-12450H (up to 4.4 GHz with Intel Turbo Boost Technology, 12 MB L3 cache, 8 cores, 12 threads)"", ""Chipset"": ""Intel HM570"", ""Memory, standard"": ""8 GB DDR4-3200 MHz RAM (1 x 8 GB)"", ""Video graphics"": ""NVIDIA GeForce RTX 3050 (4 GB GDDR6 dedicated)"", ""Hard drive"": ""512 GB PCIe® NVMe™ TLC M.2 SSD"", ""Optical drive"": ""Optical drive not included"", ""Display"": ""15.6-inch IPS display; Full-HD (1920 x 1080 pixels) resolution, micro-edge, anti-glare, 250 nits, 45% NTSC"", ""Type"": ""Budget Gaming Laptop"", ""Wireless connectivity"": ""Intel Wi-Fi 6 AX201 (2x2) and Bluetooth® 5 combo (Supporting Gigabit data rate)"", ""Network interface"": ""Integrated 10/100/1000 GbE LAN"", ""Expansion slots"": ""1 multi-format SD media card reader"", ""External ports"": ""1 SuperSpeed USB Type-C® 5Gbps signaling rate (DisplayPort™ 1.4, HP Sleep and Charge); 1 SuperSpeed USB Type-A 5Gbps signaling rate (HP Sleep and Charge); 2 SuperSpeed USB Type-A 5Gbps signaling rate; 1 HDMI 2.1; 1 RJ-45; 1 AC smart pin; 1 headphone/microphone combo"", ""Minimum dimensions (W x D x H)"": ""37 x 26 x 2.35 cm"", ""Weight"": ""2.48 kg"", ""Power supply type"": ""200 W Smart AC power adapter"", ""Battery type"": ""3-cell, 52 Wh Li-ion polymer"", ""Battery life mixed usage"": ""Up to 3 hours and 45 minutes"", ""Video Playback Battery life"": ""Up to 3 hours and 15 minutes"", ""Webcam"": ""HP Wide Vision 720p HD camera with integrated dual array digital microphones"", ""Audio"": ""Audio by B&O Dual speakers; HP Audio Boost"", ""HP Victus 15 2022 Price in Nepal"": ""Rs. 126,000 (i5 variant)""}"
https://hexxone.com/laptops-by-brand/hp/hp-victus-16-2021-i7-11800h-8-core-nvidia-rtx-3060-16gb-ram-512gb-ssd-161-inch-144hz-fhd-display-in-nepal?limit=30,HP Victus 16 2021 i7 11800H 8 Core - NVIDIA RTX 3060 - 16GB RAM - 512GB SSD - 16.1-inch 144hz FHD display in Nepal,"NPR 124,500.00",Availability: Out Of Stock,"Model: HP Victus 16 2021 | Processor: 11th Generation Intel Core i7-11800H | RAM: 16GB DDR4-3200 MHz RAM | Storage: 512GB SSD | Display: 16.1-inch IPS display, Full-HD, 250nits , 144Hz. | Graphic: GeForce RTX 3060 6 GB | Warranty: 1 Year Warranty","{""Brand"": ""Hewlett-Packard (HP)"", ""Series"": ""Victus Series"", ""Product number"": ""4B6G6PA"", ""Product name"": ""Victus by HP Laptop 16-d0154TX"", ""Microprocessor"": ""Intel Core i7-11800H (up to 4.6 GHz with Intel Turbo Boost Technology, 24 MB L3 cache, 8 cores, 16 threads)"", ""Chipset"": ""Intel HM570"", ""Memory, standard"": ""16GB DDR4-3200 MHz RAM (2 x 8GB)"", ""Video graphics"": ""NVIDIA GeForce RTX 3060 Laptop GPU (6 GB GDDR6 dedicated)"", ""Hard drive"": ""512 GB PCIe NVMe TLC M.2 SSD"", ""Optical drive"": ""Optical drive not included"", ""Display"": ""16.1-inch IPS display; Full-HD (1920 x 1080 pixels) resolution, 144Hz resolution, IPS, micro-edge, anti-glare, 250 nits, 45% NTSC"", ""Type"": ""Gaming Laptop"", ""Wireless connectivity"": ""Intel® Wi-Fi CERTIFIED 6™ AX201 (2x2) and Bluetooth® 5 combo (Supporting Gigabit data rate)"", ""Network interface"": ""Integrated 10/100/1000 GbE LAN"", ""Expansion slots"": ""1 multi-format SD media card reader"", ""External ports"": ""1 SuperSpeed USB Type-C® 5Gbps signaling rate (DisplayPort™ 1.4, HP Sleep and Charge); 1 SuperSpeed USB Type-A 5Gbps signaling rate (HP Sleep and Charge); 2 SuperSpeed USB Type-A 5Gbps signaling rate; 1 HDMI 2.1; 1 RJ-45; 1 AC smart pin; 1 headphone/microphone combo"", ""Minimum dimensions (W x D x H)"": ""37 x 26 x 2.35 cm"", ""Weight"": ""Starting at 2.46 kg"", ""Power supply type"": ""200 W Smart AC power adapter"", ""Battery type"": ""4-cell, 70 Wh Li-ion polymer"", ""Webcam"": ""HP Wide Vision 720p HD camera with integrated dual array digital microphones"", ""Audio"": ""Audio by B&O Dual speakers; HP Audio Boost"", ""HP Victus 16 2021 Price in Nepal"": ""Rs. 185,000 (RTX 3060)""}"
https://hexxone.com/laptops-by-brand/lenovo/lenovo-ideapad-3-2022-15aba7-ryzen-7-5825u-16gb-ram-512gb-156-inch-fhd-display-in-nepal?limit=30,Lenovo IdeaPad 3 2022 15ABA7 Ryzen 7 5825U - 16GB RAM - 512GB - 15.6-inch FHD display in Nepal,"NPR 81,500.00",Availability: Out Of Stock,"Model: Lenovo IdeaPad 3 2022 15ABA7 | Processor: AMD Ryzen 7 5825U | RAM: 16GB soldered memory, not upgradable | Storage: 512GB SSD | Display: 15.6"" FHD IPS 300nits Anti-glare | Graphic: Integrated AMD Radeon Graphics | Warranty: 1 Year Warranty","{""Processor"": ""AMD Ryzen™ 7 5825U (8C / 16T, 2.0 / 4.5GHz, 4MB L2 / 16MB L3)"", ""Graphics"": ""Integrated AMD Radeon™ Graphics"", ""Chipset"": ""AMD SoC Platform"", ""Memory"": ""8GB Soldered DDR4-3200 + 8GB SO-DIMM DDR4-3200"", ""Memory Slots"": ""One memory soldered to systemboard, one DDR4 SO-DIMM slot, dual-channel capable"", ""Max Memory"": ""Up to 16GB (8GB soldered + 8GB SO-DIMM) DDR4-3200 offering"", ""Storage"": ""512GB SSD M.2 2280 PCIe® 3.0x4 NVMe®"", ""Storage Support"": ""Models with 38Wh battery: up to two drives, 1x 2.5\"" HDD + 1x M.2 SSD • 2.5\"" HDD up to 1TB • M.2 2242 SSD up to 1TB • M.2 2280 SSD up to 1TB"", ""Storage Slot"": ""Models with 38Wh battery: one 2.5\"" drive slot + one M.2 slot • One 2.5\"" SATA HDD slot • One M.2 2280 PCIe® 3.0 x4 slot"", ""Card Reader"": ""SD Card Reader"", ""Optical"": ""None"", ""Audio Chip"": ""High Definition (HD) Audio"", ""Speakers"": ""Stereo speakers, 1.5W x2, Dolby Audio™"", ""Camera"": ""HD 720p with Privacy Shutter"", ""Microphone"": ""2x, Array"", ""Battery"": ""Integrated 38Wh"", ""Power Adapter"": ""65W Round Tip (3-pin)"", ""Display"": ""15.6\"" FHD (1920x1080) IPS 300nits Anti-glare"", ""Touchscreen"": ""None"", ""Keyboard"": ""Non-backlit, English"", ""Touchpad"": ""Buttonless Mylar® surface multi-touch touchpad, supports Precision TouchPad (PTP), 69 x 104 mm (2.72 x 4.09 inches)"", ""Case Color"": ""Arctic Grey"", ""Surface Treatment"": ""IMR (In-Mold Decoration by Roller)"", ""Case Material"": ""PC-ABS (Top), PC-ABS (Bottom)"", ""Dimensions (WxDxH)"": ""359.2 x 236.5 x 19.9 mm (14.14 x 9.31 x 0.78 inches)"", ""Weight"": ""Starting at 1.63 kg (3.59 lbs)"", ""Operating System"": ""Windows® 11 Home, Traditional Chinese / Simplified Chinese / English"", ""Bundled Software"": ""Office Trial"", ""Ethernet"": ""No Onboard Ethernet"", ""WLAN + Bluetooth"": ""Wi-Fi® 6, 11ax 2x2 + BT5.2"", ""Standard Ports"": ""1x USB 2.0 1x USB 3.2 Gen 1 1x USB-C® 3.2 Gen 1 (support data transfer, Power Delivery and DisplayPort™ 1.2) 1x HDMI® 1.4b 1x Headphone / microphone combo jack (3.5mm) 1x Card reader 1x Power connector"", ""Docking"": ""Various docking solutions supported via USB-C®. For more compatible docking solutions, please visit Docking for IdeaPad® 3 15ABA7"", ""Security Chip"": ""Firmware TPM 2.0 Enabled"", ""Fingerprint Reader"": ""Touch Style, Integrated in Power Button"", ""Other Security"": ""Camera privacy shutter"", ""Base Warranty"": ""1-year, Courier or Carry-in"", ""Included Upgrade"": ""2Y Premium Care -IPENTRY (ESS)"", ""Bundled Accessories"": ""None"", ""Green Certifications"": ""ENERGY STAR® 8.0 ErP Lot 3 RoHS compliant""}"
https://hexxone.com/laptops-by-brand/lenovo/lenovo-ideapad-3-2023-14iau7-i7-12th-gen-16gb-ram-1tb-ssd-14-inch-fhd-display-in-nepal?limit=30,Lenovo IdeaPad 3 2023 14IAU7 i7 12th Gen - 16GB RAM - 1TB SSD - 14-inch FHD display in Nepal,"NPR 90,500.00",Availability: Out Of Stock,"Model: Lenovo IdeaPad 3 2022 14IAU7 | Processor: Intel Core i7-1255U | RAM: 16GB DDR4-3200 | Storage: 1TB SSD | Display: 14"" FHD IPS 300nits Anti-glare | Graphic: Integrated HD Graphics | Warranty: 1 Year Warranty","{""Processor"": ""Intel® Core™ i7-1255U, 10C (2P + 8E) / 12T, P-core 1.7 / 4.7GHz, E-core 1.2 / 3.5GHz, 12MB"", ""Graphics"": ""Integrated Intel® Iris® Xe Graphics"", ""Chipset"": ""Intel® SoC Platform"", ""Memory"": ""8GB Soldered DDR4-3200 + 8GB SO-DIMM DDR4-3200"", ""Memory Slots"": ""One memory soldered to systemboard, one DDR4 SO-DIMM slot, dual-channel capable"", ""Max Memory"": ""Up to 16GB (8GB soldered + 8GB SO-DIMM) DDR4-3200 offering"", ""Storage"": ""1TB SSD M.2 2242 PCIe® 4.0x4 NVMe®"", ""Storage Support"": ""Models with 38Wh battery: up to two drives, 1x 2.5\"" HDD + 1x M.2 SSD • 2.5\"" HDD up to 1TB • M.2 2242 SSD up to 1TB • M.2 2280 SSD up to 1TB"", ""Storage Slot"": ""Models with 38Wh battery: one 2.5\"" drive slot + one M.2 slot • One 2.5\"" SATA HDD slot • One M.2 2280 PCIe® 4.0 x4 slot"", ""Card Reader"": ""SD Card Reader"", ""Optical"": ""None"", ""Audio Chip"": ""High Definition (HD) Audio"", ""Speakers"": ""Stereo speakers, 1.5W x2, Dolby Audio™"", ""Camera"": ""HD 720p with Privacy Shutter"", ""Microphone"": ""2x, Array"", ""Battery"": ""Integrated 38Wh"", ""Power Adapter"": ""65W Round Tip (3-pin)"", ""Display"": ""14\"" FHD (1920x1080) IPS 300nits Anti-glare"", ""Touchscreen"": ""None"", ""Keyboard"": ""Non-backlit, English"", ""Touchpad"": ""Buttonless Mylar® surface multi-touch touchpad, supports Precision TouchPad (PTP), 62 x 104 mm (2.44 x 4.09 inches)"", ""Case Color"": ""Arctic Grey"", ""Surface Treatment"": ""IMR (In-Mold Decoration by Roller)"", ""Case Material"": ""PC-ABS (Top), PC-ABS (Bottom)"", ""Pen"": ""Pen Not Supported"", ""Dimensions (WxDxH)"": ""324.2 x 215.7 x 19.9 mm (12.76 x 8.49 x 0.78 inches)"", ""Weight"": ""Starting at 1.43 kg (3.15 lbs)"", ""Operating System"": ""Windows® 11 Home, Traditional Chinese / Simplified Chinese / English"", ""Bundled Software"": ""Office Trial"", ""Ethernet"": ""No Onboard Ethernet"", ""WLAN + Bluetooth"": ""Wi-Fi® 6, 802.11ax 2x2 + BT5.2"", ""WWAN"": ""Non-WWAN"", ""Standard Ports"": ""1x USB 2.0 1x USB 3.2 Gen 1 1x USB-C® 3.2 Gen 1 (support data transfer, Power Delivery and DisplayPort™ 1.2) 1x HDMI® 1.4b 1x Headphone / microphone combo jack (3.5mm) 1x Card reader 1x Power connector"", ""Security Chip"": ""Firmware TPM 2.0 Enabled"", ""Fingerprint Reader"": ""Touch Style, Integrated in Power Button"", ""Other Security"": ""Camera privacy shutter"", ""Base Warranty"": ""1-year, Courier or Carry-in"", ""Included Upgrade"": ""2Y Premium Care -IPENTRY (ESS)"", ""Bundled Accessories"": ""None"", ""Green Certifications"": ""ENERGY STAR® 8.0 ErP Lot 3 RoHS compliant""}"
https://hexxone.com/laptops-by-brand/lenovo/lenovo-ideapad-5-16-2-in-1-16iru9-2024-14th-gen-intel-core-5-120u-8gb-ram-512gb-ssd-16-inch-wuxga-1920x1200-360-degree-touch-display-in-nepal?limit=30,"Lenovo IdeaPad 5 16 2-in-1 16IRU9 2024 14Th Gen Intel® Core 5 120U - 8GB RAM - 512GB SSD - 16-inch WUXGA (1920x1200), 360-degree Touch display in Nepal","NPR 97,500.00",Availability: Out Of Stock,"Model: IdeaPad 5 2-1 16IRU9 | Processor: Intel® Core™ 5 120U, 10C (2P + 8E) / 12T, P-core 1.4 / 5.0GHz, E-core 0.9 | RAM: 8GB LPDDR5-5200, Storage: 512 M.2 2242 PCIe 4.0x4 NVMe SSD | Display: 16"" WUXGA (1920x1200) IPS 300nits Glossy, 45% NTSC, 60Hz, TÜV Low Blue Light, Glass, Touch | Features: Fingerprint, Backlit Keyboard, Privacy Shutter, Wi-Fi 6,","{""Processor"": ""Intel® Core™ 5 120U, 10C (2P + 8E) / 12T, P-core 1.4 / 5.0GHz, E-core 0.9 / 3.8GHz, 12MB"", ""Graphics"": ""Integrated Intel® Graphics"", ""Chipset"": ""Intel® SoC Platform"", ""Memory"": ""8GB Soldered LPDDR5-5200"", ""Memory Slots"": ""Memory soldered to systemboard, no slots, dual-channel"", ""Max Memory"": ""8GB soldered memory, not upgradable"", ""Storage"": ""512GB SSD M.2 2242 PCIe® 4.0x4 NVMe®"", ""Storage Support"": ""One drive, up to 1TB M.2 2242 SSD"", ""Storage Slot"": ""One M.2 2242 PCIe® 4.0 x4 slot"", ""Card Reader"": ""microSD Card Reader"", ""Audio Chip"": ""High Definition (HD) Audio, Realtek® ALC3287 codec"", ""Speakers"": ""Stereo speakers, 2W x2, optimized with Dolby Audio™"", ""Camera"": ""FHD 1080p with Privacy Shutter"", ""Microphone"": ""2x, Array"", ""Battery"": ""Integrated 57Wh"", ""Power Adapter"": ""65W USB-C® (3-pin)"", ""Display"": ""16\"" WUXGA (1920x1200) IPS 300nits Glossy, 45% NTSC, 60Hz, TÜV Low Blue Light, Glass, Touch"", ""Touchscreen"": ""10-point Multi-touch"", ""Color Calibration"": ""None"", ""Keyboard"": ""Backlit, English (US)"", ""Touchpad"": ""Buttonless Mylar® surface multi-touch touchpad, supports Precision TouchPad (PTP), 75 x 120 mm (2.95 x 4.72 inches)"", ""Case Color"": ""Cosmic Blue"", ""Surface Treatment"": ""Aluminium Stamping (Anodized with Sandblasting)"", ""Case Material"": ""Aluminium (Top), PC-ABS + 40% GF (Bottom)"", ""Pen"": ""Lenovo® Digital Pen 2"", ""Dimensions (WxDxH)"": ""356 x 255 x 18.4 mm (14.02 x 10.03 x 0.72 inches)"", ""Weight"": ""Starting at 2 kg (4.41 lbs)"", ""Operating System"": ""Windows® 11 Home, English"", ""Bundled Software"": ""Office Trial"", ""Ethernet"": ""No Onboard Ethernet"", ""WLAN + Bluetooth"": ""Wi-Fi® 6, 802.11ax 2x2 + BT5.2"", ""WWAN"": ""Non-WWAN"", ""Standard Ports"": ""1x USB-A (USB 5Gbps / USB 3.2 Gen 1) 1x USB-A (USB 5Gbps / USB 3.2 Gen 1), Always On 2x USB-C® (USB 10Gbps / USB 3.2 Gen 2), with USB PD 3.1 and DisplayPort™ 1.4 1x HDMI® 1.4b 1x Headphone / microphone combo jack (3.5mm) 1x microSD card reader"", ""Docking"": ""Various docking solutions are supported via USB-C®. For more compatible docking solutions, please visit Docking for IdeaPad® 5 2-in-1 16IRU9"", ""Security Chip"": ""Firmware TPM 2.0"", ""Fingerprint Reader"": ""Touch Style, on Palm Rest"", ""Other Security"": ""Camera privacy shutter"", ""Base Warranty"": ""1-year, Courier or Carry-in"", ""Included Upgrade"": ""None"", ""Bundled Accessories"": ""None"", ""Green Certifications"": ""ENERGY STAR® 8.0 EPEAT™ Gold Registered ErP Lot 6/26 RoHS compliant"", ""Other Certifications"": ""Models with IPS panel: TÜV Rheinland® Low Blue Light (Software Solution)"", ""Mil-Spec Test"": ""MIL-STD-810H military test passed (21 test items)""}"
https://hexxone.com/laptops-by-brand/lenovo/lenovo-ideapad-5-2-in-1-14q8x9-2024-snapdragon-x-plus-x1p-42-100-16gb-ram-1tb-ssd-14-inch-wuxga-1920x1200-oled-360-degree-touch-display-in-nepal?limit=30,"Lenovo IdeaPad 5 2-in-1 14Q8X9 2024 Snapdragon® X Plus X1P-42-100 - 16GB RAM - 1TB SSD - 14-inch WUXGA (1920x1200) OLED, 360-degree Touch display in Nepal","NPR 134,500.00",Availability: Out Of Stock,"MPN: 83HL004AIN | Model: IdeaPad 5 2-1 14Q8X9 | Processor: Snapdragon X Plus X1P-42-100 (30MB Cache, Max Turbo up to 3.4GHz) with NPU | RAM: 16GB LPDDR5x-8448, Storage: 1TB M.2 2242 PCIe 4.0x4 NVMe SSD | Display: 14"" WUXGA (1920x1200) OLED 400nits Glossy, 100% DCI-P3, Touchscreen | Features: Fingerprint, Backlit Keyboard, Privacy Shutter, Wi-Fi 7, Military Grade","{""Processor"": ""Snapdragon® X Plus X1P-42-100, 8C, Max Turbo up to 3.4GHz (single-core) / 3.2GHz (8-core), 30MB"", ""AI PC Category"": ""Copilot+ PC"", ""NPU"": ""Integrated Qualcomm® Hexagon™ NPU, up to 45 TOPS"", ""Graphics"": ""Integrated Qualcomm® Adreno™ GPU"", ""Chipset"": ""Qualcomm® SoC Platform"", ""Memory"": ""16GB Soldered LPDDR5x-8448"", ""Memory Slots"": ""Memory soldered to systemboard, no slots, dual-channel"", ""Max Memory"": ""16GB soldered memory, not upgradable"", ""Storage"": ""1TB SSD M.2 2242 PCIe® 4.0x4 NVMe®"", ""Storage Support"": ""One drive, up to 1TB M.2 2242 SSD"", ""Storage Slot"": ""One M.2 PCIe® 4.0 x4 slot"", ""Card Reader"": ""microSD Card Reader"", ""Audio Chip"": ""High Definition (HD) Audio"", ""Speakers"": ""Stereo speakers, 2W x2, optimized with Dolby Audio™"", ""Camera"": ""FHD 1080p with Privacy Shutter"", ""Microphone"": ""2x, Array"", ""Battery"": ""Integrated 57Wh"", ""Power Adapter"": ""65W USB-C® (3-pin)"", ""Display"": ""14\"" WUXGA (1920x1200) OLED 400nits Glossy, 100% DCI-P3, 60Hz, TÜV Low Blue Light, Glass, Touch"", ""Touchscreen"": ""OGM, 10-point Multi-touch"", ""Color Calibration"": ""None"", ""Keyboard"": ""Backlit, English"", ""Touchpad"": ""Buttonless Mylar® surface multi-touch touchpad, 75 x 120 mm (2.95 x 4.72 inches)"", ""Case Color"": ""Luna Grey"", ""Surface Treatment"": ""Aluminium Stamping (Anodized with Sandblasting)"", ""Case Material"": ""Aluminium (Top), PC-ABS + 40% GF (Bottom)"", ""Pen"": ""Pen Upgradable (Purchase Separately)"", ""Dimensions (WxDxH)"": ""313 x 227 x 17.5 mm (12.32 x 8.94 x 0.69 inches)"", ""Weight"": ""Starting at 1.49 kg (3.28 lbs)"", ""Operating System"": ""Windows® 11 Home (on ARM), English"", ""Bundled Software"": ""Office Trial"", ""Ethernet"": ""No Onboard Ethernet"", ""WLAN + Bluetooth"": ""Wi-Fi® 7, 802.11be 2x2 + BT5.4"", ""WWAN"": ""Non-WWAN"", ""Standard Ports"": ""1x USB-A (USB 5Gbps / USB 3.2 Gen 1) 1x USB-A (USB 5Gbps / USB 3.2 Gen 1), Always On 2x USB-C® (USB 10Gbps / USB 3.2 Gen 2), with USB PD 3.0 and DisplayPort™ 1.4 1x HDMI® 2.1, up to 4K/60Hz 1x Headphone / microphone combo jack (3.5mm) 1x microSD card reader"", ""Docking"": ""Various docking solutions are supported via USB-C®. For more compatible docking solutions, please visit Docking for IdeaPad® 5 2-in-1 14Q8X9"", ""Security Chip"": ""Microsoft® Pluton TPM 2.0 Enabled"", ""Fingerprint Reader"": ""Touch Style, on Palm Rest"", ""Other Security"": ""Camera privacy shutter"", ""Base Warranty"": ""1-year, Courier or Carry-in"", ""Included Upgrade"": ""None"", ""Bundled Accessories"": ""None"", ""Green Certifications"": ""ENERGY STAR® 8.0 EPEAT™ Gold Registered ErP Lot 6/26 RoHS compliant"", ""Other Certifications"": ""TÜV Rheinland® Low Blue Light (Hardware Solution)"", ""Mil-Spec Test"": ""MIL-STD-810H military test passed (21 test items)""}"
https://hexxone.com/laptops-by-brand/lenovo/lenovo-ideapad-5-pro-16arh7-ryzen-7-6800hs-16gb-ram-1tb-ssd-nvidia-rtx-3050ti-16-inch-25k-2880x1800-display-in-nepal?limit=30,Lenovo IdeaPad 5 Pro 16ARH7 Ryzen 7 6800HS - 16GB RAM - 1TB SSD - Nvidia RTX 3050ti - 16-inch 2.5K (2880x1800) display in Nepal,"NPR 158,500.00",Availability: Out Of Stock,"Model: Lenovo IdeaPad 5 Pro 16ARH7 | Processor: AMD Ryzen 7 6800HS Creator Edition | RAM: 16GB Soldered LPDDR5-6400 | Storage: 1TB SSD | Display: 16"" 2.5K IPS 350nits, 100% sRGB | Graphic: GeForce RTX 3050 Ti 4GB | Warranty: 1 Year Warranty","{""Processor"": ""AMD Ryzen™ 7 6800HS Creator Edition (8C / 16T, 3.2 / 4.7GHz, 4MB L2 / 16MB L3)"", ""Graphics"": ""NVIDIA® GeForce RTX™ 3050 Ti 4GB GDDR6"", ""Chipset"": ""AMD SoC Platform"", ""Memory"": ""16GB Soldered LPDDR5-6400"", ""Memory Slots"": ""Memory soldered to systemboard, no slots, dual-channel"", ""Max Memory"": ""16GB soldered memory, not upgradable"", ""Storage"": ""1TB SSD M.2 2280 PCIe® 4.0x4 NVMe®"", ""Storage Support"": ""One drive, up to 512GB M.2 2242 SSD or 1TB M.2 2280 SSD"", ""Storage Slot"": ""One M.2 2280 PCIe® 4.0 x4 slot"", ""Card Reader"": ""4-in-1 Card Reader"", ""Optical"": ""None"", ""Audio Chip"": ""High Definition (HD) Audio, Realtek® ALC3287 codec"", ""Speakers"": ""Stereo speakers, 2W x2, optimized with Dolby® Atmos®"", ""Camera"": ""FHD 1080p + IR, ToF Sensor"", ""Microphone"": ""2x, Array"", ""Battery"": ""Integrated 75Wh"", ""Max Battery Life"": ""Discrete graphics models: MobileMark® 2018@200nits: 9.45 hr Local video (1080p) playback@150nits: 13.57 hr"", ""Power Adapter"": ""135W Slim Tip (3-pin)"", ""Display"": ""16\"" 2.5K (2560x1600) IPS 350nits Anti-glare, 100% sRGB, TÜV Low Blue Light"", ""Touchscreen"": ""None"", ""Color Calibration"": ""None"", ""Keyboard"": ""Backlit, English"", ""Case Color"": ""Cloud Grey"", ""Surface Treatment"": ""Aluminium Stamping (Anodized)"", ""Case Material"": ""Aluminium (Top), Aluminium (Bottom)"", ""Dimensions (WxDxH)"": ""356 x 251 x 16.9 mm (14.02 x 9.88 x 0.67 inches)"", ""Weight"": ""Around 1.95 kg (4.30 lbs)"", ""Operating System"": ""Windows® 11 Home, Traditional Chinese / Simplified Chinese / English"", ""Bundled Software"": ""Office Trial"", ""Ethernet"": ""No Onboard Ethernet"", ""WLAN + Bluetooth®"": ""Wi-Fi® 6, 11ax 2x2 + BT5.1"", ""Standard Ports"": ""1x USB 3.2 Gen 1 1x USB 3.2 Gen 1 (Always On) 1x USB-C® 3.2 Gen 2 (support data transfer, Power Delivery and DisplayPort™) 1x HDMI® 2.0 1x Card reader 1x Headphone / microphone combo jack (3.5mm)"", ""Optional Ports (configured)"": ""1x Power Connector"", ""Security Chip"": ""Firmware TPM 2.0"", ""Fingerprint Reader"": ""None"", ""Other Security"": ""IR camera for Windows® Hello"", ""Base Warranty"": ""1-year, Courier or Carry-in"", ""Green Certifications"": ""ENERGY STAR® 8.0 ErP Lot 3 RoHS compliant"", ""Other Certifications"": ""TÜV Rheinland® Low Blue Light (Hardware Solution)""}"
https://hexxone.com/laptops-by-brand/lenovo/lenovo-ideapad-l3-15itl6-celeron-10th-gen-4gb-ram-256gb-ssd-156-inch-fhd-display-in-nepal?limit=30,Lenovo IdeaPad L3 15ITL6 Celeron 10th Gen - 4GB RAM - 256GB SSD - 15.6-inch FHD display in Nepal,"NPR 38,660.00",Availability: Out Of Stock,"Model: Lenovo IdeaPad L3 15ITL6 | Processor: 10th Gen with Intel Celeron | RAM: 4GB Soldered DDR4-2933, Up to 8GB | Storage: 256GB SSD | Display: 15.6"" FHD IPS 250nits Anti-glare | Graphic: Integrated Intel UHD Graphics | Warranty: 1 Year Warranty","{""Processor"": ""Intel Celeron 6305 (2C / 2T, 1.8GHz, 4MB)"", ""Graphics"": ""Integrated Intel UHD Graphics"", ""Chipset"": ""Intel SoC Platform"", ""Memory"": ""4GB Soldered DDR4-2933"", ""Memory Slots"": ""One memory soldered to systemboard, one DDR4 SO-DIMM slot, dual-channel capable"", ""Max Memory"": ""Up to 8GB (4GB soldered + 4GB SO-DIMM) DDR4-2933 offering"", ""Storage"": ""256GB SSD M.2 2242 PCIe 3.0x4 NVMe"", ""Storage Support"": ""Up to two drives, 1x 2.5\"" HDD + 1x M.2 SSD • 2.5\"" HDD up to 2TB • M.2 2242 SSD up to 512GB • M.2 2280 SSD up to 1TB"", ""Card Reader"": ""None"", ""Optical"": ""None"", ""Audio Chip"": ""High Definition (HD) Audio"", ""Speakers"": ""Stereo speakers, 1.5W x2, Dolby Audio"", ""Camera"": ""720p with Privacy Shutter"", ""Microphone"": ""Mono"", ""Battery"": ""Integrated 36Wh"", ""Max Battery Life"": ""MobileMark 2018: 6.5 hr"", ""Power Adapter"": ""65W Round Tip (2-pin, Wall-mount)"", ""Display"": ""15.6\"" FHD (1920x1080) IPS 250nits Anti-glare"", ""Touchscreen"": ""None"", ""Keyboard"": ""Non-backlit, English"", ""Case Color"": ""Blizzard White"", ""Surface Treatment"": ""IMR (In-Mold Decoration by Roller)"", ""Case Material"": ""PC + ABS (Top), PC + ABS (Bottom)"", ""Dimensions (WxDxH)"": ""363 x 254.6 x 22.9 mm (14.29 x 10.02 x 0.9 inches)"", ""Weight"": ""2.2 kg (4.8 lbs)"", ""Operating System"": ""Windows 10 Home 64, Traditional Chinese / Simplified Chinese / English"", ""Bundled Software"": ""Office Trial"", ""Ethernet"": ""100/1000M"", ""WLAN + Bluetooth"": ""11ac, 2x2 + BT5.0"", ""Standard Ports"": ""1x Power connector 1x Ethernet (RJ-45) 1x USB-C 3.2 Gen 1 (support data transfer only) 1x HDMI 1.4 2x USB 3.2 Gen 1 1x Headphone / microphone combo jack (3.5mm)"", ""Security Chip"": ""Firmware TPM 2.0"", ""Fingerprint Reader"": ""None"", ""Physical Locks"": ""Kensington Security Slot"", ""Other Security"": ""Camera privacy shutter"", ""Base Warranty"": ""1-year, Depot"", ""Green Certifications"": ""ErP Lot 3 RoHS compliant""}"
https://hexxone.com/laptops-by-brand/lenovo/lenovo-ideapad-pro-5-14ahp9-2024-ryzen-7-8845hs-16gb-ram-1tb-ssd-nvidia-rtx-3050-14-inch-28k-oled-2880x1800-display-in-nepal?limit=30,Lenovo IdeaPad Pro 5 14AHP9 2024 Ryzen 7 8845HS - 16GB RAM - 1TB SSD - Nvidia RTX 3050 |14-inch 2.8K OLED (2880x1800) display in Nepal,"NPR 178,500.00",Availability: Out Of Stock,"Model: Lenovo IdeaPad Pro 5 14AHP9 2024 | Processor: AMD Ryzen 7 8845HS | RAM: 16GB Soldered LPDDR5-6400 | Storage: 1TB SSD | Display: 14"" 2.8K OLED 400nits, 120Hz | Graphic: GeForce RTX 3050 6GB | Warranty: 1 Year Warranty","{""Processor"": ""AMD Ryzen™ 7 8845HS (8C / 16T, 3.8 / 5.1GHz, 8MB L2 / 16MB L3)"", ""Graphics"": ""NVIDIA® GeForce RTX™ 3050 6GB GDDR6"", ""Chipset"": ""AMD SoC Platform"", ""Memory"": ""16GB Soldered LPDDR5x-6400"", ""Memory Slots"": ""Memory soldered to systemboard, no slots, dual-channel"", ""Max Memory"": ""16GB soldered memory, not upgradable"", ""Storage"": ""1TB SSD M.2 2242 PCIe® 4.0x4 NVMe®"", ""Storage Support"": ""One drive, up to 1TB M.2 2242 SSD"", ""Storage Slot"": ""One M.2 2280 PCIe® 4.0 x4 slot"", ""Card Reader"": ""SD Card Reader"", ""Optical"": ""None"", ""Audio Chip"": ""High Definition (HD) Audio"", ""Speakers"": ""Stereo speakers, 2W x2, optimized with Dolby Atmos®"", ""Camera"": ""FHD 1080p + IR with Privacy Shutter, ToF Sensor"", ""Microphone"": ""2x, Array"", ""Battery"": ""Integrated 84Wh"", ""Power Adapter"": ""140W USB-C® Slim (3-pin)"", ""Display"": ""14\"" 2.8K (2880x1800) OLED 400nits (Typical) / 600nits (Peak) Glossy, 100% DCI-P3, 120Hz, Eyesafe®, DisplayHDR™ True Black 500"", ""Touchscreen"": ""None"", ""Keyboard"": ""Backlit, English (EU)"", ""Touchpad"": ""Buttonless glass surface multi-touch touchpad, supports Precision TouchPad (PTP), 75 x 120 mm (2.95 x 4.72 inches)"", ""Case Color"": ""Arctic Grey"", ""Surface Treatment"": ""Aluminium Stamping (Anodized)"", ""Case Material"": ""Aluminium (Top), Aluminium (Bottom)"", ""Dimensions (WxDxH)"": ""312 x 221 x 15.99 mm (12.28 x 8.7 x 0.63 inches)"", ""Weight"": ""Starting at 1.46 kg (3.22 lbs)"", ""Operating System"": ""Windows® 11 Home Single Language, English"", ""Bundled Software"": ""Office Trial"", ""Ethernet"": ""No Onboard Ethernet"", ""WLAN + Bluetooth"": ""Wi-Fi® 6E, 11ax 2x2 + BT5.2"", ""Standard Ports"": ""1x USB-A (USB 5Gbps / USB 3.2 Gen 1) 1x USB-A (USB 5Gbps / USB 3.2 Gen 1), Always On 1x USB-C® (USB 10Gbps / USB 3.2 Gen 2), with USB PD 3.0 and DisplayPort™ 1.4 1x USB-C® (USB4® 40Gbps), with USB PD 3.0 and DisplayPort™ 1.4 1x HDMI® 2.1, up to 4K/60Hz 1x Headphone / microphone combo jack (3.5mm) 1x SD card reader"", ""Monitor Cable"": ""None"", ""Security Chip"": ""Microsoft® Pluton TPM 2.0 Enabled"", ""Fingerprint Reader"": ""None"", ""Other Security"": ""IR camera for Windows® Hello (facial recognition) Camera privacy shutter"", ""Base Warranty"": ""1-year, Courier or Carry-in"", ""Included Upgrade"": ""None"", ""Bundled Accessories"": ""None"", ""Green Certifications"": ""ENERGY STAR® 8.0 EPEAT™ Gold Registered ErP Lot 6 ErP Lot 26 RoHS compliant"", ""Other Certifications"": ""Eyesafe® Certified 2.0 TÜV Rheinland® Low Blue Light (Hardware Solution)"", ""Mil-Spec Test"": ""MIL-STD-810H military test passed (21 test items)""}"
https://hexxone.com/laptops-by-brand/lenovo/lenovo-ideapad-slim-1-2022-ryzen-3-7320u-8gb-ram-256gb-ssd-14-inch-fhd-display-in-nepal?limit=30,Lenovo IdeaPad Slim 1 2022 Ryzen 3 7320U - 8GB RAM - 256GB SSD - 14-inch FHD display in Nepal,"NPR 52,500.00",Availability: Out Of Stock,"Model: Lenovo IdeaPad Slim 1 2022 | Processor: AMD Ryzen 3 7320U | RAM: 8GB Soldered LPDDR5-5500 | Storage: 256GB SSD | Display: 14"" FHD TN 220nits Anti-glare | Graphic: Integrated AMD Radeon 610M Graphics | Warranty: 1 Year Warranty","{""Brand"": ""Lenovo"", ""Series"": ""IdeaPad Slim Series"", ""Model"": ""Lenovo IdeaPad Slim 1 2022"", ""Type"": ""Slim and light Ultrabook"", ""Processor"": ""AMD Ryzen 3 7320U (4C / 8T, 2.4 / 4.1GHz, 2MB L2 / 4MB L3)"", ""Graphics"": ""Integrated AMD Radeon 610M Graphics"", ""Chipset"": ""AMD SoC Platform"", ""RAM"": ""8GB Soldered LPDDR5-5500"", ""Memory Slots"": ""Memory soldered to system board, no slots, dual-channel"", ""Max Memory"": ""8GB soldered memory, not upgradeable"", ""Storage"": ""256GB SSD M.2 2242 PCIe 4.0x4 NVMe"", ""Storage Support"": ""One drive, up to 1TB M.2 2242 SSD"", ""Storage Slot"": ""One M.2 2280 PCIe 3.0 x2 slot"", ""Card Reader"": ""4-in-1 Card Reader"", ""Optical"": ""None"", ""Audio Chip"": ""High Definition (HD) Audio"", ""Speakers"": ""Stereo speakers, 1.5W x2, Dolby Audio"", ""Camera"": ""HD 720p with Privacy Shutter"", ""Microphone"": ""2x, Array"", ""Battery"": ""Integrated 42Wh"", ""Max Battery Life"": ""MobileMark 2018: 9 hr Local video (1080p) playback@150nits: 14 hr"", ""Power Adapter"": ""65W Round Tip (3-pin)"", ""Display"": ""14\"" FHD (1920x1080) TN 220nits Anti-glare"", ""Touchscreen"": ""None"", ""Keyboard"": ""Non-backlit, English"", ""Case Color"": ""Cloud Grey"", ""Surface Treatment"": ""IMR (In-Mold Decoration by Roller)"", ""Case Material"": ""PC-ABS (Top), PC-ABS (Bottom)"", ""Dimensions (WxDxH)"": ""325.3 x 216.5 x 17.9 mm (12.8 x 8.52 x 0.70 inches)"", ""Weight"": ""Starting at 1.38 kg (3.04 lbs)"", ""Operating System"": ""Windows 11 Home 64, Traditional Chinese / Simplified Chinese / English"", ""Bundled Software"": ""Office Trial"", ""Ethernet"": ""No Onboard Ethernet"", ""WLAN + Bluetooth"": ""Wi-Fi 6 11ax, 2x2 + BT5.1"", ""Standard Ports"": ""1x USB 2.0 1x USB 3.2 Gen 1 1x USB-C 3.2 Gen 1 (support data transfer only) 1x HDMI 1.4b 1x Card reader 1x Headphone / microphone combo jack (3.5mm) 1x Power connector"", ""Security Chip"": ""Firmware TPM 2.0"", ""Fingerprint Reader"": ""None"", ""Other Security"": ""Camera privacy shutter"", ""Lenovo IdeaPad Slim 1 2022 Price in Nepal"": ""Rs. 62,000""}"
https://hexxone.com/laptops-by-brand/lenovo/lenovo-ideapad-slim-1-2022-ryzen-5-7520u-8gb-ram-512gb-ssd-14-inch-fhd-display-in-nepal?limit=30,Lenovo IdeaPad Slim 1 2022 Ryzen 5 7520U - 8GB RAM - 512GB SSD - 14-inch FHD display in Nepal,"NPR 59,000.00",Availability: Out Of Stock,"Model: Lenovo IdeaPad Slim 1 2022 | Processor: AMD Ryzen 5 7520U | RAM: 8GB Soldered LPDDR5-5500 | Storage: 512GB SSD | Display: 14"" FHD TN 220nits Anti-glare | Graphic: AMD Radeon 610M Graphics | Warranty: 1 Year Warranty","{""Processor"": ""AMD Ryzen™ 5 7520U (4C / 8T, 2.8 / 4.3GHz, 2MB L2 / 4MB L3)"", ""Graphics"": ""Integrated AMD Radeon™ 610M Graphics"", ""Chipset"": ""AMD SoC Platform"", ""Memory"": ""8GB Soldered LPDDR5-5500"", ""Memory Slots"": ""Memory soldered to systemboard, no slots, dual-channel"", ""Max Memory"": ""8GB soldered memory, not upgradable"", ""Storage"": ""512GB SSD M.2 2242 PCIe® 4.0x4 NVMe®"", ""Storage Support"": ""One drive, up to 1TB M.2 2242 SSD"", ""Storage Slot"": ""One M.2 2280 PCIe® 3.0 x2 slot"", ""Card Reader"": ""4-in-1 Card Reader"", ""Optical"": ""None"", ""Audio Chip"": ""High Definition (HD) Audio"", ""Speakers"": ""Stereo speakers, 1.5W x2, Dolby® Audio™"", ""Camera"": ""HD 720p with Privacy Shutter"", ""Microphone"": ""2x, Array"", ""Battery"": ""Integrated 42Wh"", ""Max Battery Life"": ""MobileMark® 2018: 9.86 hr Local video (1080p) playback@150nits: 17.35 hr"", ""Power Adapter"": ""65W Round Tip (3-pin)"", ""Display"": ""14\"" FHD (1920x1080) TN 220nits Anti-glare"", ""Touchscreen"": ""None"", ""Keyboard"": ""Non-backlit, English"", ""Case Color"": ""Cloud Grey"", ""Surface Treatment"": ""IMR (In-Mold Decoration by Roller)"", ""Case Material"": ""PC-ABS (Top), PC-ABS (Bottom)"", ""Dimensions (WxDxH)"": ""325.3 x 216.5 x 17.9 mm (12.8 x 8.52 x 0.70 inches)"", ""Weight"": ""Starting at 1.38 kg (3.04 lbs)"", ""Operating System"": ""Windows® 11 Home in S mode, Traditional Chinese / Simplified Chinese / English"", ""Bundled Software"": ""Office Trial"", ""Ethernet"": ""No Onboard Ethernet"", ""WLAN + Bluetooth®"": ""Wi-Fi® 6, 11ax 2x2 + BT5.1"", ""Standard Ports"": ""1x USB 2.0 1x USB 3.2 Gen 1 1x USB-C® 3.2 Gen 1 (support data transfer only) 1x HDMI® 1.4b 1x Card reader 1x Headphone / microphone combo jack (3.5mm) 1x Power connector"", ""Security Chip"": ""Firmware TPM 2.0"", ""Fingerprint Reader"": ""None"", ""Other Security"": ""Camera privacy shutter"", ""Base Warranty"": ""1-year, Courier or Carry-in"", ""Green Certifications"": ""ENERGY STAR® 8.0 ErP Lot 3 RoHS compliant""}"
https://hexxone.com/laptops-by-brand/lenovo/lenovo-ideapad-slim-3-14-2023-i3-13th-gen-8gb-ram-512gb-ssd-14-inch-fhd-display-backlight-keyboard?limit=30,Lenovo IdeaPad Slim 3 14 2023 i3 13th Gen - 8GB RAM - 512GB SSD - 14-inch FHD display - Backlight Keyboard,"NPR 54,500.00",Availability: Out Of Stock,"Model: Lenovo IdeaPad Slim 3 2023 14IRU8 | Processor: 13th Gen Intel i3 1305U | RAM: 8GB soldered DDR5 memory, not upgradable | Storage: 512 SSD | Display: 14"" FHD IPS 250nits Anti-glare | Graphic: Integrated Intel Iris Xe Graphics | Warranty: 1 Year Warranty","{""Processor"": ""Intel® Core™ i3-1305U 5C (1P + 4E) / 6T, P-core 1.6 / 4.5Ghz, E-core 1.2 / 3.3Ghz, 10MB"", ""Graphics"": ""Integrated Intel® UHD Graphics"", ""Chipset"": ""Intel® SoC Platform"", ""Memory"": ""8GB Soldered LPDDR5-4800"", ""Memory Slots"": ""Memory soldered to systemboard, no slots, dual-channel (16GB models)"", ""Max Memory"": ""8GB soldered memory, not upgradable"", ""Storage"": ""512GB SSD M.2 2242 PCIe® 4.0x4 NVMe®"", ""Storage Support"": ""One drive, up to 1TB M.2 2242 SSD"", ""Storage Slot"": ""One M.2 PCIe® 4.0 x4 slot"", ""Card Reader"": ""SD Card Reader"", ""Optical"": ""None"", ""Audio Chip"": ""High Definition (HD) Audio"", ""Speakers"": ""User-facing stereo speakers, 1.5W x2, optimized with Dolby® Audio™"", ""Camera"": ""FHD 1080p with Privacy Shutter"", ""Microphone"": ""2x, Array"", ""Battery"": ""Integrated 47Wh"", ""Power Adapter"": ""65W Round Tip (3-pin)"", ""Display"": ""14\"" FHD (1920x1080) TN 250nits Anti-glare"", ""Touchscreen"": ""None"", ""Keyboard"": ""backlit, English (EU)"", ""Touchpad"": ""Buttonless Mylar® surface multi-touch touchpad, supports Precision TouchPad (PTP), 62 x 104 mm (2.44 x 4.09 inches)"", ""Case Color"": ""Abyss Blue"", ""Surface Treatment"": ""IMR (In-Mold Decoration by Roller)"", ""Case Material"": ""PC-ABS (Top), PC-ABS (Bottom)"", ""Dimensions (WxDxH)"": ""324.3 x 213.8 x 17.9 mm (12.77 x 8.42 x 0.70 inches)"", ""Weight"": ""Starting at 1.37 kg (3.02 lbs)"", ""Operating System"": ""None"", ""Bundled Software"": ""None"", ""Ethernet"": ""No Onboard Ethernet"", ""WLAN + Bluetooth"": ""Wi-Fi® 6, 11ax 2x2 + BT5.2"", ""Standard Ports"": ""2x USB 3.2 Gen 1 1x USB-C® 3.2 Gen 1 (support data transfer, Power Delivery and DisplayPort™ 1.2) 1x HDMI® 1.4 1x Headphone / microphone combo jack (3.5mm) 1x Card reader 1x Power connector"", ""Docking"": ""Various docking solutions supported via USB-C®. For more compatible docking solutions, please visit Docking for IdeaPad® Slim 3 14IRH8"", ""Security Chip"": ""Firmware TPM 2.0 Enabled"", ""Fingerprint Reader"": ""None"", ""Other Security"": ""Camera privacy shutter"", ""Base Warranty"": ""1-year, Courier or Carry-in"", ""Included Upgrade"": ""None"", ""Bundled Accessories"": ""None"", ""Green Certifications"": ""ErP Lot 6 ErP Lot 26 RoHS compliant"", ""Other Certifications"": ""TÜV Rheinland® Low Blue Light (Software Solution)"", ""Mil-Spec Test"": ""MIL-STD-810H military test passed (21 test items)""}"
https://hexxone.com/laptops-by-brand/lenovo/lenovo-ideapad-slim-3-14-2023-i5-13420h-16gb-ram-512gb-ssd-140-inch-fhd-display-in-nepal?limit=30,Lenovo IdeaPad Slim 3 14 2023 i5 13420H - 16GB RAM - 512GB SSD - 14.0-inch FHD display in Nepal,"NPR 79,000.00",Availability: Out Of Stock,"Model: Lenovo IdeaPad Slim 3 2023 14IRH8 | Processor: 13th Gen Intel i5 13420H | RAM: 16GB soldered DDR5 memory, not upgradable | Storage: 512 SSD | Display: 14.0"" FHD TN/IPS Panel 250nits Anti-glare | Graphic: Integrated Intel Iris Xe Graphics | Warranty: 1 Year Warranty","{""Processor"": ""Intel® Core™ i5-13420H, 8C (4P + 4E) / 12T, P-core 2.1 / 4.6GHz, E-core 1.5 / 3.4GHz, 12MB"", ""Graphics"": ""Integrated Intel® UHD Graphics"", ""Chipset"": ""Intel® SoC Platform"", ""Memory"": ""16GB Soldered LPDDR5-4800"", ""Memory Slots"": ""Memory soldered to systemboard, no slots, dual-channel (16GB models)"", ""Max Memory"": ""16GB soldered memory, not upgradable"", ""Storage"": ""512GB SSD M.2 2242 PCIe® 4.0x4 NVMe®"", ""Storage Support"": ""One drive, up to 1TB M.2 2242 SSD"", ""Storage Slot"": ""One M.2 PCIe® 4.0 x4 slot"", ""Card Reader"": ""SD Card Reader"", ""Optical"": ""None"", ""Audio Chip"": ""High Definition (HD) Audio"", ""Speakers"": ""User-facing stereo speakers, 1.5W x2, optimized with Dolby® Audio™"", ""Camera"": ""HD 720p with Privacy Shutter"", ""Microphone"": ""2x, Array"", ""Battery"": ""Integrated 47Wh"", ""Power Adapter"": ""65W Round Tip (3-pin)"", ""Display"": ""14.0” FHD(1920 x 1200), TN, IPS, Anti-Glare, Non-Touch, 45% NTSC, 300 Nits"", ""Touchscreen"": ""None"", ""Keyboard"": ""Non-Backlit, English (EU)"", ""Touchpad"": ""Buttonless Mylar® surface multi-touch touchpad, supports Precision TouchPad (PTP), 62 x 104 mm (2.44 x 4.09 inches)"", ""Case Color"": ""Arctic Grey"", ""Surface Treatment"": ""IMR (In-Mold Decoration by Roller)"", ""Case Material"": ""PC-ABS (Top), PC-ABS (Bottom)"", ""Dimensions (WxDxH)"": ""324.3 x 213.8 x 17.9 mm (12.77 x 8.42 x 0.70 inches)"", ""Weight"": ""Starting at 1.38 kg"", ""Operating System"": ""None"", ""Bundled Software"": ""None"", ""Ethernet"": ""No Onboard Ethernet"", ""WLAN + Bluetooth"": ""Wi-Fi® 6, 11ax 2x2 + BT5.2"", ""Standard Ports"": ""2x USB 3.2 Gen 1 1x USB-C® 3.2 Gen 1 (support data transfer, Power Delivery and DisplayPort™ 1.2) 1x HDMI® 1.4 1x Headphone / microphone combo jack (3.5mm) 1x Card reader 1x Power connector"", ""Docking"": ""Various docking solutions supported via USB-C®. For more compatible docking solutions, please visit Docking for IdeaPad® Slim 3 14IAH8"", ""Security Chip"": ""Firmware TPM 2.0 Enabled"", ""Fingerprint Reader"": ""None"", ""Other Security"": ""Camera privacy shutter"", ""Base Warranty"": ""1-year, Courier or Carry-in"", ""Included Upgrade"": ""None"", ""Bundled Accessories"": ""None"", ""Green Certifications"": ""ErP Lot 6 ErP Lot 26 RoHS compliant"", ""Other Certifications"": ""TÜV Rheinland® Low Blue Light (Software Solution)"", ""Mil-Spec Test"": ""MIL-STD-810H military test passed (21 test items)""}"
https://hexxone.com/laptops-by-brand/lenovo/lenovo-ideapad-slim-3-14-2023-i5-13th-gen-13620h-8gb-ram-512gb-ssd-14-inch-fhd-display-in-nepal?limit=30,Lenovo IdeaPad Slim 3 14 2023 i5 13th Gen 13620H - 8GB RAM - 512GB SSD - 14-inch FHD display in Nepal,"NPR 73,500.00",Availability: Out Of Stock,"Model: Lenovo IdeaPad Slim 3 2023 14IRH8 | Processor: 13th Gen Intel i5 13450H | RAM: 8GB soldered DDR5 memory, not upgradable | Storage: 512 SSD | Display: 14"" FHD IPS 250nits Anti-glare | Graphic: Integrated Intel Iris Xe Graphics | Keyboard: Backlit keyboard | Warranty: 1 Year Warranty","{""Processor"": ""Intel® Core™ i5-13420H, 8C (4P + 4E) / 12T, P-core 2.1 / 4.6GHz, E-core 1.5 / 3.4GHz, 12MB"", ""Graphics"": ""Integrated Intel® UHD Graphics"", ""Chipset"": ""Intel® SoC Platform"", ""Memory"": ""8GB Soldered LPDDR5-4800"", ""Memory Slots"": ""Memory soldered to systemboard, no slots, dual-channel (16GB models)"", ""Max Memory"": ""8GB soldered memory, not upgradable"", ""Storage"": ""512GB SSD M.2 2242 PCIe® 4.0x4 NVMe®"", ""Storage Support"": ""One drive, up to 1TB M.2 2242 SSD"", ""Storage Slot"": ""One M.2 PCIe® 4.0 x4 slot"", ""Card Reader"": ""SD Card Reader"", ""Optical"": ""None"", ""Audio Chip"": ""High Definition (HD) Audio"", ""Speakers"": ""User-facing stereo speakers, 1.5W x2, optimized with Dolby® Audio™"", ""Camera"": ""FHD 1080p with Privacy Shutter"", ""Microphone"": ""2x, Array"", ""Battery"": ""Integrated 47Wh"", ""Power Adapter"": ""65W Round Tip (3-pin)"", ""Display"": ""14\"" FHD (1920x1080) TN 250nits Anti-glare"", ""Touchscreen"": ""None"", ""Keyboard"": ""Backlit, English (EU)"", ""Touchpad"": ""Buttonless Mylar® surface multi-touch touchpad, supports Precision TouchPad (PTP), 62 x 104 mm (2.44 x 4.09 inches)"", ""Case Color"": ""Abyss Blue"", ""Surface Treatment"": ""IMR (In-Mold Decoration by Roller)"", ""Case Material"": ""PC-ABS (Top), PC-ABS (Bottom)"", ""Dimensions (WxDxH)"": ""324.3 x 213.8 x 17.9 mm (12.77 x 8.42 x 0.70 inches)"", ""Weight"": ""Starting at 1.37 kg (3.02 lbs)"", ""Operating System"": ""None"", ""Bundled Software"": ""None"", ""Ethernet"": ""No Onboard Ethernet"", ""WLAN + Bluetooth"": ""Wi-Fi® 6, 11ax 2x2 + BT5.2"", ""Standard Ports"": ""2x USB 3.2 Gen 1 1x USB-C® 3.2 Gen 1 (support data transfer, Power Delivery and DisplayPort™ 1.2) 1x HDMI® 1.4 1x Headphone / microphone combo jack (3.5mm) 1x Card reader 1x Power connector"", ""Docking"": ""Various docking solutions supported via USB-C®. For more compatible docking solutions, please visit Docking for IdeaPad® Slim 3 14IRH8"", ""Security Chip"": ""Firmware TPM 2.0 Enabled"", ""Fingerprint Reader"": ""None"", ""Other Security"": ""Camera privacy shutter"", ""Base Warranty"": ""1-year, Courier or Carry-in"", ""Included Upgrade"": ""None"", ""Bundled Accessories"": ""None"", ""Green Certifications"": ""ErP Lot 6 ErP Lot 26 RoHS compliant"", ""Other Certifications"": ""TÜV Rheinland® Low Blue Light (Software Solution)"", ""Mil-Spec Test"": ""MIL-STD-810H military test passed (21 test items)""}"
https://hexxone.com/laptops-by-brand/lenovo/lenovo-ideapad-slim-3i-2023-15-i3-13th-gen-8gb-ram-256gb-156-inch-fhd-display-in-nepal?limit=30,Lenovo IdeaPad Slim 3i 2023 15 i3 13Th Gen - 8GB RAM - 256GB - 15.6-inch FHD display in Nepal,"NPR 52,500.00",Availability: Out Of Stock,"Model: Lenovo IdeaPad Slim 3i 2023 | Processor:  Intel® Core™ i3-N305, | RAM: 8GB Soldered LPDDR5-4800 | Storage: 256GB SSD | Display: 15.6"" FHD (1920x1080) IPS 300nits | Graphic: Integrated Intel® UHD Graphics | Warranty: 1 Year Warranty","{""Processor"": ""Intel® Core™ i3-N305 (8C / 8T, Max Turbo up to 3.8GHz, 6MB)"", ""Graphics"": ""Integrated Intel® UHD Graphics"", ""Chipset"": ""Intel® SoC Platform"", ""Memory"": ""8GB Soldered LPDDR5-4800"", ""Memory Slots"": ""Memory soldered to systemboard, no slots"", ""Max Memory"": ""8GB soldered memory, not upgradable"", ""Storage"": ""256GB SSD M.2 2242 PCIe® 4.0x4 NVMe®"", ""Storage Support"": ""One drive, up to 512GB M.2 2242 SSD"", ""Storage Slot"": ""One M.2 PCIe® 3.0 x4 slot (M.2 SSD models)"", ""Card Reader"": ""SD Card Reader"", ""Optical"": ""None"", ""Audio Chip"": ""High Definition (HD) Audio"", ""Speakers"": ""User-facing stereo speakers, 1.5W x2, optimized with Dolby Audio™"", ""Camera"": ""HD 720p with Privacy Shutter"", ""Microphone"": ""2x, Array"", ""Battery"": ""Integrated 47Wh"", ""Power Adapter"": ""65W Round Tip (3-pin)"", ""Display"": ""15.6\"" FHD (1920x1080) TN 250nits Anti-glare"", ""Touchscreen"": ""None"", ""Keyboard"": ""Non-backlit, English"", ""Touchpad"": ""Buttonless Mylar® surface multi-touch touchpad, supports Precision TouchPad (PTP), 69 x 104 mm (2.72 x 4.09 inches)"", ""Case Color"": ""Arctic Grey"", ""Surface Treatment"": ""IMR (In-Mold Decoration by Roller)"", ""Case Material"": ""PC-ABS (Top), PC-ABS (Bottom)"", ""Pen"": ""Pen Not Supported"", ""Dimensions (WxDxH)"": ""359.3 x 235 x 17.9 mm (14.15 x 9.25 x 0.70 inches)"", ""Weight"": ""Starting at 1.55 kg (3.42 lbs)"", ""Operating System"": ""Windows® 11 Home in S mode, English"", ""Bundled Software"": ""Office Trial"", ""Ethernet"": ""No Onboard Ethernet"", ""WLAN + Bluetooth"": ""Wi-Fi® 6, 802.11ax 2x2 + BT5.2"", ""WWAN"": ""Non-WWAN"", ""Standard Ports"": ""2x USB 3.2 Gen 1 1x USB-C® 3.2 Gen 1 (support data transfer, Power Delivery and DisplayPort™ 1.2) 1x HDMI® 1.4 1x Headphone / microphone combo jack (3.5mm) 1x Card reader 1x Power connector"", ""Security Chip"": ""Firmware TPM 2.0 Enabled"", ""Fingerprint Reader"": ""None"", ""Other Security"": ""Camera privacy shutter"", ""Base Warranty"": ""1-year, Courier or Carry-in"", ""Included Upgrade"": ""None"", ""Bundled Accessories"": ""None"", ""Green Certifications"": ""ENERGY STAR® 8.0 EPEAT™ Silver Registered ErP Lot 6/26 RoHS compliant"", ""Other Certifications"": ""TÜV Rheinland® Low Blue Light (Software Solution)"", ""Mil-Spec Test"": ""MIL-STD-810H military test passed (20 test items)""}"
https://hexxone.com/laptops-by-brand/lenovo/lenovo-ideapad-slim-5i-gen-9-2024-14-intel-core-ultra-5-125h-16gb-ram-512gb-ssd-14-inch-wuxga-oled-1920x1200-backlight-keyboard?limit=30,Lenovo IdeaPad Slim 5i Gen 9 2024 14 Intel® Core Ultra 5 125H - 16GB RAM - 512GB SSD - 14-inch WUXGA OLED (1920x1200) - Backlight Keyboard,"NPR 126,500.00",Availability: Out Of Stock,"Model : Lenovo IdeaPad Slim 5i Gen 9 2024 14IMH9 | Part No :83DA001JHH | Processor : Intel® Core™ Ultra 5 125H, 14C | RAM : 16GB Soldered LPDDR5x-7467 | Storage : 512GB SSD | Display : 14"" WUXGA (1920x1200) IPS 400nits Anti-glare, 60Hz, 100% DCI-P3 | Graphic : Integrated Intel® Arc™ Graphics | Warranty : 1 Year Warranty","{""Processor"": ""Intel® Core™ Ultra 5 125H, 14C (4P + 8E + 2LPE) / 18T, Max Turbo up to 4.5GHz, 18MB"", ""NPU"": ""Intel® AI Boost, up to 11 TOPS"", ""Graphics"": ""Integrated Intel® Arc™ Graphics"", ""Chipset"": ""Intel® SoC Platform"", ""Memory"": ""16GB Soldered LPDDR5x-7467"", ""Memory Slots"": ""Memory soldered to systemboard, no slots, dual-channel"", ""Max Memory"": ""16GB soldered memory, not upgradable"", ""Storage"": ""512GB SSD M.2 2242 PCIe® 4.0x4 NVMe®"", ""Storage Support"": ""One drive, up to 1TB M.2 2242 SSD"", ""Storage Slot"": ""One M.2 2280 PCIe® 4.0 x4 slot"", ""Card Reader"": ""microSD Card Reader"", ""Optical"": ""None"", ""Audio Chip"": ""High Definition (HD) Audio"", ""Speakers"": ""Stereo speakers, 2W x2, optimized with Dolby Audio™"", ""Camera"": ""FHD 1080p + IR with Privacy Shutter, ToF Sensor"", ""Microphone"": ""2x, Array"", ""Battery"": ""Integrated 57Wh"", ""Power Adapter"": ""65W USB-C® Slim (Wall-mount)"", ""Display"": ""14\"" WUXGA (1920x1200) OLED 400nits Glossy, 100% DCI-P3, DisplayHDR™ True Black 500"", ""Touchscreen"": ""None"", ""Keyboard"": ""Backlit, English (EU)"", ""Touchpad"": ""Buttonless Mylar® surface multi-touch touchpad, 75 x 120 mm (2.95 x 4.72 inches)"", ""Case Color"": ""Cloud Grey"", ""Surface Treatment"": ""Aluminium Stamping (Anodized with Sandblasting)"", ""Case Material"": ""Aluminium (Top), Aluminium (Bottom)"", ""Dimensions (WxDxH)"": ""312 x 221 x 16.9 mm (12.28 x 8.7 x 0.67 inches)"", ""Weight"": ""Starting at 1.48 kg (3.26 lbs)"", ""Operating System"": ""Windows® 11 Home Single Language, English"", ""Bundled Software"": ""Office Trial"", ""Ethernet"": ""No Onboard Ethernet"", ""WLAN + Bluetooth"": ""Wi-Fi® 6E, 802.11ax 2x2 + BT5.2"", ""Standard Ports"": ""1x USB-A (USB 5Gbps / USB 3.2 Gen 1) 1x USB-A (USB 5Gbps / USB 3.2 Gen 1), Always On 2x USB-C® (USB 5Gbps / USB 3.2 Gen 1), with USB PD 3.0 and DisplayPort™ 1.4 1x HDMI® 1.4b 1x Headphone / microphone combo jack (3.5mm) 1x microSD card reader"", ""Monitor Cable"": ""None"", ""Security Chip"": ""Firmware TPM 2.0 Enabled"", ""Fingerprint Reader"": ""None"", ""Other Security"": ""IR camera for Windows® Hello (facial recognition) Camera privacy shutter"", ""Base Warranty"": ""1-year, Courier or Carry-in"", ""Included Upgrade"": ""None"", ""Bundled Accessories"": ""None"", ""Green Certifications"": ""ENERGY STAR® 8.0 EPEAT™ Gold Registered ErP Lot 6 ErP Lot 26 RoHS compliant"", ""Other Certifications"": ""TÜV Rheinland® Low Blue Light (Hardware Solution) TÜV Rheinland® Flicker Free"", ""Mil-Spec Test"": ""MIL-STD-810H military test passed (21 test items)""}"
https://hexxone.com/laptops-by-brand/lenovo/lenovo-ideapad-slim-5i-gen-9-2024-14-intel-core-ultra-7-155h-32gb-ram-1tb-ssd-14-inch-wuxga-1920x1200-oled-backlight-keyboard?limit=30,Lenovo IdeaPad Slim 5i Gen 9 2024 14 Intel® Core Ultra 7 155H - 32GB RAM - 1TB SSD - 14-inch WUXGA (1920x1200) OLED - Backlight Keyboard,"NPR 159,500.00",Availability: Out Of Stock,"Model : Lenovo IdeaPad Slim 5i Gen 9 2024 14IMH9 | Part No :83DA001QHH | Processor : Intel® Core™ Ultra 7 155H | RAM : 32GB Soldered LPDDR5x-7467 | Storage : 1TB SSD | Display : 14"" WUXGA (1920x1200) OLED 400nits Glossy, 100% DCI-P3, 60Hz, | Graphic : Integrated Intel® Arc™ Graphics | Warranty : 1 Year Warranty","{""Processor"": ""Intel® Core™ Ultra 7 155H, 16C (6P + 8E + 2LPE) / 22T, Max Turbo up to 4.8Ghz, 24MB"", ""Graphics"": ""Integrated Intel® Arc™ Graphics"", ""Chipset"": ""Intel® SoC Platform"", ""Memory"": ""32GB Soldered LPDDR5x-7467"", ""Memory Slots"": ""Memory soldered to systemboard, no slots, dual-channel"", ""Max Memory"": ""32GB soldered memory, not upgradable"", ""Storage"": ""1TB SSD M.2 2242 PCIe® 4.0x4 NVMe®"", ""Storage Support"": ""One drive, up to 1TB M.2 2242 SSD"", ""Storage Slot"": ""One M.2 2280 PCIe® 4.0 x4 slot"", ""Card Reader"": ""microSD Card Reader"", ""Optical"": ""None"", ""Audio Chip"": ""High Definition (HD) Audio"", ""Speakers"": ""Stereo speakers, 2W x2, optimized with Dolby® Audio™"", ""Camera"": ""FHD 1080p + IR with Privacy Shutter, ToF Sensor"", ""Microphone"": ""2x, Array"", ""Battery"": ""Integrated 57Wh"", ""Power Adapter"": ""65W USB-C® Slim (Wall-mount)"", ""Display"": ""14\"" WUXGA (1920x1200) OLED 400nits Glossy, 100% DCI-P3, 60Hz, DisplayHDR™ True Black 500"", ""Touchscreen"": ""None"", ""Keyboard"": ""Backlit, English"", ""Case Color"": ""Cloud Grey"", ""Surface Treatment"": ""Aluminium Stamping (Anodized with Sandblasting)"", ""Case Material"": ""Aluminium (Top), Aluminium (Bottom)"", ""Dimensions (WxDxH)"": ""312 x 221 x 16.9 mm (12.28 x 8.7 x 0.67 inches)"", ""Weight"": ""Starting at 1.46 kg (3.22 lbs)"", ""Operating System"": ""Windows® 11 Home, Traditional Chinese / Simplified Chinese / English"", ""Bundled Software"": ""Office Trial"", ""Ethernet"": ""No Onboard Ethernet"", ""WLAN + Bluetooth"": ""Wi-Fi® 6E, 11ax 2x2 + BT5.3"", ""Standard Ports"": ""1x USB-A (USB 5Gbps / USB 3.2 Gen 1) 1x USB-A (USB 5Gbps / USB 3.2 Gen 1), Always On 2x USB-C® (USB 5Gbps / USB 3.2 Gen 1), with USB PD 3.0 and DisplayPort™ 1.4 1x HDMI® 1.4b 1x Headphone / microphone combo jack (3.5mm) 1x microSD card reader"", ""Monitor Cable"": ""None"", ""Security Chip"": ""Firmware TPM 2.0 Enabled"", ""Fingerprint Reader"": ""None"", ""Other Security"": ""Camera privacy shutter IR camera for Windows® Hello"", ""Base Warranty"": ""1-year, Courier or Carry-in"", ""Included Upgrade"": ""2Y Premium Care -IPMAIN (ESS)"", ""Bundled Accessories"": ""None"", ""Green Certifications"": ""ENERGY STAR® 8.0 EPEAT™ Gold Registered ErP Lot 6 ErP Lot 26 RoHS compliant"", ""Other Certifications"": ""TÜV Rheinland® Low Blue Light (Hardware Solution) TÜV Rheinland® Flicker Free"", ""Mil-Spec Test"": ""MIL-STD-810H military test passed (21 test items)""}"
https://hexxone.com/laptops-by-brand/lenovo/lenovo-legion-5-16irx9-2024-intel-i9-14900hx-rtx-4060-32gb-ram-1tb-16-inch-wqxga-2560x1600-165hz-refresh-rate?limit=30,Lenovo Legion 5 16IRX9 2024 Intel i9 14900HX - RTX 4060 - 32GB RAM - 1TB - 16-inch WQXGA (2560x1600) 165Hz Refresh Rate,"NPR 242,500.00",Availability: Out Of Stock,"Model:   Lenovo Legion 5 16IRX9 2024 | Processor: Intel Core i9-14900HX, 24C (8P + 16E) | RAM: 32GB DDR5-5600 | Storage: 1TB SSD | Display: 16"" WQXGA (2560x1600) IPS 350nits Anti-glare, 100% sRGB, 165Hz, Dolby | Graphic: NVIDIA GeForce RTX 4060  8GB GDDR6 | Warranty: 1 Year Warranty","{""Processor"": ""Intel® Core™ i9-14900HX, 24C (8P + 16E) / 32T, P-core 2.2 / 5.8GHz, E-core 1.6 / 4.1GHz, 36MB"", ""AI PC Category"": ""AI-Powered Gaming PC"", ""Graphics"": ""NVIDIA® GeForce RTX™ 4060 8GB GDDR6, Boost Clock 2370MHz, TGP 140W, 233 AI TOPS"", ""Chipset"": ""Intel® HM770 Chipset"", ""Memory"": ""2x 16GB SO-DIMM DDR5-5600"", ""Memory Slots"": ""Two DDR5 SO-DIMM slots, dual-channel capable"", ""Max Memory"": ""Up to 64GB DDR5-5600"", ""Storage"": ""1TB SSD M.2 2280 PCIe® 4.0x4 NVMe®"", ""Storage Support"": ""Up to two drives, 2x M.2 SSD • M.2 2242 SSD up to 1TB • M.2 2280 SSD up to 1TB"", ""Storage Slot"": ""Two M.2 2280 PCIe® 4.0 x4 slots"", ""Card Reader"": ""microSD Card Reader"", ""Optical"": ""None"", ""Audio Chip"": ""High Definition (HD) Audio, Realtek® ALC3287 codec"", ""Speakers"": ""Stereo speakers, 2W x2, optimized with Nahimic Audio"", ""Camera"": ""FHD 1080p with E-shutter"", ""Microphone"": ""2x, Array"", ""Battery"": ""Integrated 80Wh"", ""Power Adapter"": ""230W Slim Tip (3-pin)"", ""Special Features"": ""AI Chip: LA1"", ""Display"": ""16\"" WQXGA (2560x1600) IPS 350nits Anti-glare, 100% sRGB, 165Hz, Dolby Vision®, G-SYNC®, Low Blue Light"", ""Touchscreen"": ""None"", ""Color Calibration"": ""Factory Color Calibration"", ""Keyboard"": ""4-Zone RGB Backlit, English (US)"", ""Touchpad"": ""Buttonless Mylar® surface multi-touch touchpad, 75 x 120 mm (2.95 x 4.72 inches)"", ""Case Color"": ""Luna Grey"", ""Surface Treatment"": ""Aluminium Stamping (Anodized with Sandblasting)"", ""Case Material"": ""Aluminium (Top), PC-ABS (Bottom)"", ""Pen"": ""Pen Not Supported"", ""Dimensions (WxDxH)"": ""359.7 x 262.3 x 19.7-25.2 mm (14.16 x 10.33 x 0.78-0.99 inches)"", ""Weight"": ""Around 2.36 kg (5.2 lbs)"", ""Operating System"": ""Windows® 11 Home, English"", ""Bundled Software"": ""Office Trial"", ""Ethernet"": ""100/1000M (RJ-45)"", ""WLAN + Bluetooth"": ""Wi-Fi® 6E, 802.11ax 2x2 + BT5.2"", ""WWAN"": ""Non-WWAN"", ""Standard Ports"": ""2x USB-A (USB 5Gbps / USB 3.2 Gen 1) 1x USB-A (USB 5Gbps / USB 3.2 Gen 1), Always On 1x USB-C® (USB 10Gbps / USB 3.2 Gen 2), with Lenovo® PD 140W and DisplayPort™ 1.4 1x USB-C® (USB 10Gbps / USB 3.2 Gen 2), with DisplayPort™ 1.4 1x HDMI® 2.1, up to 8K/60Hz 1x Headphone / microphone combo jack (3.5mm) 1x Ethernet (RJ-45) 1x Card reader 1x Power connector"", ""Security Chip"": ""Firmware TPM 2.0 Enabled"", ""Fingerprint Reader"": ""None"", ""Other Security"": ""E-shutter"", ""Base Warranty"": ""1-year, Courier or Carry-in"", ""Included Upgrade"": ""None"", ""Bundled Accessories"": ""None"", ""Green Certifications"": ""ErP Lot 6/26 RoHS compliant"", ""Other Certifications"": ""TÜV Rheinland® Low Blue Light (Hardware Solution)""}"
https://hexxone.com/laptops-by-brand/lenovo/lenovo-legion-5-2023-amd-r7-7735hs-rtx-4060-16gb-ram-512gb-ssd-156-inch-wqhd-2560x1440-165hz-refresh-rate?limit=30,Lenovo Legion 5 2023 AMD R7 7735HS - RTX 4060 - 16GB RAM |512GB SSD - 15.6-inch WQHD (2560x1440) - 165Hz Refresh Rate,"NPR 169,500.00",Availability: Out Of Stock,"Model:  Lenovo Legion 5 2023 | Part No: 83EF0002US | Processor: AMD Ryzen™ 7 7735HS | RAM: 16GB DDR5-4800 | Storage: 512 SSD | Display: 15.6"" WQHD (2560x1440) I 144Hz | Graphic: NVIDIA GeForce RTX 4060 8GB GDDR6 | Warranty: 1 Year Warranty","{""Processor"": ""AMD Ryzen™ 7 7735HS (8C / 16T, 3.2 / 4.75GHz, 4MB L2 / 16MB L3)"", ""Graphics"": ""NVIDIA® GeForce RTX™ 4060 8GB GDDR6, Boost Clock 2370MHz, TGP 140W"", ""Chipset"": ""AMD SoC Platform"", ""Memory"": ""2x 8GB SO-DIMM DDR5-4800"", ""Memory Slots"": ""Two DDR5 SO-DIMM slots, dual-channel capable"", ""Max Memory"": ""Up to 16GB DDR5-4800 offering"", ""Storage"": ""512GB SSD M.2 2242 PCIe® 4.0x4 NVMe®"", ""Storage Support"": ""Up to two drives, 2x M.2 SSD • M.2 2242 SSD up to 1TB"", ""Storage Slot"": ""Two M.2 2280 PCIe® 4.0 x4 slots"", ""Card Reader"": ""None"", ""Optical"": ""None"", ""Audio Chip"": ""High Definition (HD) Audio, Realtek® ALC3287 codec"", ""Speakers"": ""Stereo speakers, 2W x2, optimized with Nahimic Audio"", ""Camera"": ""HD 720p with E-shutter"", ""Microphone"": ""2x, Array"", ""Battery"": ""Integrated 60Wh"", ""Power Adapter"": ""230W Slim Tip (3-pin)"", ""Display"": ""15.6\"" WQHD (2560x1440) IPS 350nits Anti-glare, 100% sRGB, 165Hz, Dolby® Vision™, FreeSync™, G-SYNC®"", ""Touchscreen"": ""None"", ""Color Calibration"": ""None"", ""Keyboard"": ""White Backlit, English (US)"", ""Case Color"": ""Storm Grey"", ""Surface Treatment"": ""Anodizing"", ""Case Material"": ""Aluminium (Top), PC-ABS (Bottom)"", ""Dimensions (WxDxH)"": ""358.8 x 262.35 x 19.9-24.05 mm (14.13 x 10.33 x 0.78-0.95 inches)"", ""Weight"": ""Less than 2.4 kg (5.3 lbs)"", ""Operating System"": ""Windows® 11 Home, English"", ""Bundled Software"": ""Office Trial"", ""Ethernet"": ""100/1000M (RJ-45)"", ""WLAN + Bluetooth"": ""Wi-Fi® 6, 11ax 2x2 + BT5.1"", ""Standard Ports"": ""1x Ethernet (RJ-45) 1x HDMI® 2.1, up to 8K/60Hz 1x Headphone / microphone combo jack (3.5mm) 1x Power connector 1x USB 3.2 Gen 1 (Always On) 1x USB-C® 3.2 Gen 2 (support data transfer and DisplayPort™ 1.4) 1x USB-C® 3.2 Gen 2 (support data transfer, Power Delivery 135W and DisplayPort™ 1.4) 2x USB 3.2 Gen 1"", ""Security Chip"": ""Firmware TPM 2.0 Enabled"", ""Fingerprint Reader"": ""None"", ""Other Security"": ""E-shutter"", ""Base Warranty"": ""1-year, Courier or Carry-in"", ""Included Upgrade"": ""None"", ""Bundled Accessories"": ""None"", ""Green Certifications"": ""ErP Lot 26 ErP Lot 6 RoHS compliant""}"
https://hexxone.com/laptops-by-brand/lenovo/lenovo-legion-5i-gen-9-2024-16irx9-i7-14650hx-rtx-4050-16gb-ram-1tb-ssd-16-inch-wqxga-165hz-display-in-nepal?limit=30,Lenovo Legion 5i Gen 9 2024 (16IRX9) i7 14650HX - RTX 4050 - 16GB RAM - 1TB SSD - 16-inch WQXGA 165Hz display in Nepal,"NPR 207,500.00",Availability: Out Of Stock,"Model:  Lenovo Legion 5i 2024 (16IRX9) | Processor: Intel Core i7-14650HX | RAM: 16GB DDR5-5600 | Storage: 1TB SSD | Display: 16"" WQXGA (2560x1600) 165Hz | Graphic: NVIDIA GeForce RTX 4050 8GB GDDR6 | Keyboard : RGB Backlight | Warranty: 1 Year Warranty","{""Processor"": ""Intel® Core™ i7-14650HX, 16C (8P + 8E) / 24T, P-core 2.2 / 5.2GHz, E-core 1.6 / 3.7GHz, 30MB"", ""Graphics"": ""NVIDIA® GeForce RTX™ 4050 6GB GDDR6, Boost Clock 2370MHz, TGP 140W"", ""Chipset"": ""Intel® HM770 Chipset"", ""Memory"": ""1x 16GB SO-DIMM DDR5-5600"", ""Memory Slots"": ""Two DDR5 SO-DIMM slots, dual-channel capable"", ""Max Memory"": ""Up to 64GB DDR5-5600"", ""Storage"": ""1TB SSD M.2 2280 PCIe® 4.0x4 NVMe®"", ""Storage Support"": ""Up to two drives, 2x M.2 SSD • M.2 2242 SSD up to 1TB • M.2 2280 SSD up to 1TB"", ""Storage Slot"": ""Two M.2 2280 PCIe® 4.0 x4 slots"", ""Card Reader"": ""microSD Card Reader"", ""Optical"": ""None"", ""Audio Chip"": ""High Definition (HD) Audio, Realtek® ALC3287 codec"", ""Speakers"": ""Stereo speakers, 2W x2, optimized with Nahimic Audio"", ""Camera"": ""FHD 1080p with E-shutter"", ""Microphone"": ""2x, Array"", ""Battery"": ""Integrated 80Wh"", ""Power Adapter"": ""230W Slim Tip (3-pin)"", ""Special Features"": ""AI Chip: LA1"", ""Display"": ""16\"" WQXGA (2560x1600) IPS 350nits Anti-glare, 100% sRGB, 165Hz, Dolby Vision®, G-SYNC®, Low Blue Light"", ""Touchscreen"": ""None"", ""Color Calibration"": ""Factory Color Calibration"", ""Keyboard"": ""4-Zone RGB Backlit, English (EU)"", ""Touchpad"": ""Buttonless Mylar® surface multi-touch touchpad, 75 x 120 mm (2.95 x 4.72 inches)"", ""Case Color"": ""Luna Grey"", ""Surface Treatment"": ""Aluminium Stamping (Anodized with Sandblasting)"", ""Case Material"": ""Aluminium (Top), PC-ABS (Bottom)"", ""Dimensions (WxDxH)"": ""359.7 x 262.3 x 19.7-25.2 mm (14.16 x 10.33 x 0.78-0.99 inches)"", ""Weight"": ""Around 2.36 kg (5.2 lbs)"", ""Operating System"": ""Windows® 11 Home Single Language, English"", ""Bundled Software"": ""Office Trial"", ""Ethernet"": ""100/1000M (RJ-45)"", ""WLAN + Bluetooth"": ""Wi-Fi® 6E, 11ax 2x2 + BT5.2"", ""Standard Ports"": ""2x USB-A (USB 5Gbps / USB 3.2 Gen 1) 1x USB-A (USB 5Gbps / USB 3.2 Gen 1), Always On 1x USB-C® (USB 10Gbps / USB 3.2 Gen 2), with Lenovo® PD 140W and DisplayPort™ 1.4 1x USB-C® (USB 10Gbps / USB 3.2 Gen 2), with DisplayPort™ 1.4 1x HDMI® 2.1, up to 8K/60Hz 1x Headphone / microphone combo jack (3.5mm) 1x Ethernet (RJ-45) 1x Card reader 1x Power connector"", ""Security Chip"": ""Firmware TPM 2.0 Enabled"", ""Fingerprint Reader"": ""None"", ""Other Security"": ""E-shutter"", ""Base Warranty"": ""1-year, Courier or Carry-in"", ""Included Upgrade"": ""None"", ""Bundled Accessories"": ""None"", ""Green Certifications"": ""ErP Lot 6 ErP Lot 26 RoHS compliant"", ""Other Certifications"": ""TÜV Rheinland® Low Blue Light (Hardware Solution)""}"
https://hexxone.com/laptops-by-brand/lenovo/lenovo-legion-5i-gen-9-2024-16irx9-i9-14900hx-rtx-4070-32gb-ram-1tb-ssd-16-inch-wqxga-165hz-display-in-nepal?limit=30,Lenovo Legion 5i Gen 9 2024 (16IRX9) i9 14900HX - RTX 4070 - 32GB RAM - 1TB SSD - 16-inch WQXGA 165Hz display in Nepal,"NPR 298,500.00",Availability: Out Of Stock,"Model:  Lenovo Legion 5i 2024 (16IRX9) | Processor: Intel Core i9-14900HX | RAM: 32GB DDR5-5600 | Storage: 1TB SSD | Display: 16"" WQXGA (2560x1600) 165Hz | Graphic: NVIDIA GeForce RTX 4070 8GB GDDR6 | Keyboard : RGB Backlight | Warranty: 1 Year Warranty","{""Processor"": ""Intel® Core™ i9-14900HX, 24C (8P + 16E) / 32T, P-core 2.2 / 5.8GHz, E-core 1.6 / 4.1GHz, 36MB"", ""Graphics"": ""NVIDIA® GeForce RTX™ 4070 8GB GDDR6, Boost Clock 2175MHz, TGP 140W"", ""Chipset"": ""Intel® HM770 Chipset"", ""Memory"": ""2x 16GB SO-DIMM DDR5-5600"", ""Memory Slots"": ""Two DDR5 SO-DIMM slots, dual-channel capable"", ""Max Memory"": ""Up to 64GB DDR5-5600"", ""Storage"": ""1TB SSD M.2 2280 PCIe® 4.0x4 NVMe®"", ""Storage Support"": ""Up to two drives, 2x M.2 SSD • M.2 2242 SSD up to 1TB • M.2 2280 SSD up to 1TB"", ""Storage Slot"": ""Two M.2 2280 PCIe® 4.0 x4 slots"", ""Card Reader"": ""microSD Card Reader"", ""Optical"": ""None"", ""Audio Chip"": ""High Definition (HD) Audio, Realtek® ALC3287 codec"", ""Speakers"": ""Stereo speakers, 2W x2, optimized with Nahimic Audio"", ""Camera"": ""FHD 1080p with E-shutter"", ""Microphone"": ""2x, Array"", ""Battery"": ""Integrated 80Wh"", ""Power Adapter"": ""300W Slim Tip (3-pin)"", ""Special Features"": ""AI Chip: LA1"", ""Display"": ""16\"" WQXGA (2560x1600) IPS 350nits Anti-glare, 100% sRGB, 165Hz, Dolby Vision®, G-SYNC®, Low Blue Light"", ""Touchscreen"": ""None"", ""Color Calibration"": ""Factory Color Calibration"", ""Keyboard"": ""4-Zone RGB Backlit, English (EU)"", ""Touchpad"": ""Buttonless Mylar® surface multi-touch touchpad, 75 x 120 mm (2.95 x 4.72 inches)"", ""Case Color"": ""Luna Grey"", ""Surface Treatment"": ""Aluminium Stamping (Anodized with Sandblasting)"", ""Case Material"": ""Aluminium (Top), PC-ABS (Bottom)"", ""Dimensions (WxDxH)"": ""359.7 x 262.3 x 19.7-25.2 mm (14.16 x 10.33 x 0.78-0.99 inches)"", ""Weight"": ""Around 2.36 kg (5.2 lbs)"", ""Operating System"": ""Windows® 11 Home Single Language, English"", ""Bundled Software"": ""Office Trial"", ""Ethernet"": ""100/1000M (RJ-45)"", ""WLAN + Bluetooth"": ""Wi-Fi® 6E, 11ax 2x2 + BT5.2"", ""Standard Ports"": ""2x USB-A (USB 5Gbps / USB 3.2 Gen 1) 1x USB-A (USB 5Gbps / USB 3.2 Gen 1), Always On 1x USB-C® (USB 10Gbps / USB 3.2 Gen 2), with Lenovo® PD 140W and DisplayPort™ 1.4 1x USB-C® (USB 10Gbps / USB 3.2 Gen 2), with DisplayPort™ 1.4 1x HDMI® 2.1, up to 8K/60Hz 1x Headphone / microphone combo jack (3.5mm) 1x Ethernet (RJ-45) 1x Card reader 1x Power connector"", ""Security Chip"": ""Firmware TPM 2.0 Enabled"", ""Fingerprint Reader"": ""None"", ""Other Security"": ""E-shutter"", ""Base Warranty"": ""1-year, Courier or Carry-in"", ""Included Upgrade"": ""None"", ""Bundled Accessories"": ""None"", ""Green Certifications"": ""ErP Lot 6 ErP Lot 26 RoHS compliant"", ""Other Certifications"": ""TÜV Rheinland® Low Blue Light (Hardware Solution)""}"
https://hexxone.com/laptops-by-brand/lenovo/lenovo-legion-5i-gen-9-2024-i7-14650hx-rtx-4060-16gb-ram-1tb-ssd-16-inch-wqxga-165hz-display-in-nepal?limit=30,Lenovo Legion 5i Gen 9 2024 i7 14650HX - RTX 4060 - 16GB RAM - 1TB SSD - 16-inch WQXGA 165Hz display in Nepal,"NPR 226,500.00",Availability: Out Of Stock,"Model:  Lenovo Legion 5i 2024 (16IRX9) | Processor: Intel Core i7-14650HX | RAM: 16GB DDR5-5600 | Storage: 1TB SSD | Display: 16"" WQXGA (2560x1600) 165Hz | Graphic: NVIDIA GeForce RTX 4060 8GB GDDR6 | Keyboard : RGB Backlight | Warranty: 1 Year Warranty","{""Processor"": ""Intel® Core™ i7-14650HX, 16C (8P + 8E) / 24T, P-core 2.2 / 5.2GHz, E-core 1.6 / 3.7GHz, 30MB"", ""Graphics"": ""NVIDIA® GeForce RTX™ 4060 8GB GDDR6, Boost Clock 2370MHz, TGP 140W"", ""Chipset"": ""Intel® HM770 Chipset"", ""Memory"": ""1x 16GB SO-DIMM DDR5-5600"", ""Memory Slots"": ""Two DDR5 SO-DIMM slots, dual-channel capable"", ""Max Memory"": ""Up to 64GB DDR5-5600"", ""Storage"": ""1TB SSD M.2 2280 PCIe® 4.0x4 NVMe®"", ""Storage Support"": ""Up to two drives, 2x M.2 SSD • M.2 2242 SSD up to 1TB • M.2 2280 SSD up to 1TB"", ""Storage Slot"": ""Two M.2 2280 PCIe® 4.0 x4 slots"", ""Card Reader"": ""microSD Card Reader"", ""Optical"": ""None"", ""Audio Chip"": ""High Definition (HD) Audio, Realtek® ALC3287 codec"", ""Speakers"": ""Stereo speakers, 2W x2, optimized with Nahimic Audio"", ""Camera"": ""FHD 1080p with E-shutter"", ""Microphone"": ""2x, Array"", ""Battery"": ""Integrated 80Wh"", ""Power Adapter"": ""230W Slim Tip (3-pin)"", ""Special Features"": ""AI Chip: LA1"", ""Display"": ""16\"" WQXGA (2560x1600) IPS 350nits Anti-glare, 100% sRGB, 165Hz, Dolby Vision®, G-SYNC®, Low Blue Light"", ""Touchscreen"": ""None"", ""Color Calibration"": ""Factory Color Calibration"", ""Keyboard"": ""4-Zone RGB Backlit, English (EU)"", ""Touchpad"": ""Buttonless Mylar® surface multi-touch touchpad, 75 x 120 mm (2.95 x 4.72 inches)"", ""Case Color"": ""Luna Grey"", ""Surface Treatment"": ""Aluminium Stamping (Anodized with Sandblasting)"", ""Case Material"": ""Aluminium (Top), PC-ABS (Bottom)"", ""Dimensions (WxDxH)"": ""359.7 x 262.3 x 19.7-25.2 mm (14.16 x 10.33 x 0.78-0.99 inches)"", ""Weight"": ""Around 2.36 kg (5.2 lbs)"", ""Operating System"": ""Windows® 11 Home Single Language, English"", ""Bundled Software"": ""Office Trial"", ""Ethernet"": ""100/1000M (RJ-45)"", ""WLAN + Bluetooth"": ""Wi-Fi® 6E, 11ax 2x2 + BT5.2"", ""Standard Ports"": ""2x USB-A (USB 5Gbps / USB 3.2 Gen 1) 1x USB-A (USB 5Gbps / USB 3.2 Gen 1), Always On 1x USB-C® (USB 10Gbps / USB 3.2 Gen 2), with Lenovo® PD 140W and DisplayPort™ 1.4 1x USB-C® (USB 10Gbps / USB 3.2 Gen 2), with DisplayPort™ 1.4 1x HDMI® 2.1, up to 8K/60Hz 1x Headphone / microphone combo jack (3.5mm) 1x Ethernet (RJ-45) 1x Card reader 1x Power connector"", ""Security Chip"": ""Firmware TPM 2.0 Enabled"", ""Fingerprint Reader"": ""None"", ""Other Security"": ""E-shutter"", ""Base Warranty"": ""1-year, Courier or Carry-in"", ""Included Upgrade"": ""None"", ""Bundled Accessories"": ""None"", ""Green Certifications"": ""ErP Lot 6 ErP Lot 26 RoHS compliant"", ""Other Certifications"": ""TÜV Rheinland® Low Blue Light (Hardware Solution)""}"
https://hexxone.com/laptops-by-brand/lenovo/lenovo-legion-5i-pro-2021-i7-11800h-rtx-3070-32gb-ram-1tb-ssd-16-inch-wqxga-display-165hz-refresh-rate?limit=30,Lenovo Legion 5i Pro 2021 i7 11800H - RTX 3070 - 32GB RAM - 1TB SSD - 16-inch WQXGA display - 165Hz Refresh Rate,"NPR 209,500.00",Availability: Out Of Stock,"Model: Lenovo Legion 5i Pro 2021 | Processor: 11th Gen Intel Core i7-11800H | RAM: 32GB SO-DIMM DDR4 | Storage: 1TB SSD | Display: 16"" WQXGA IPS 500nits, 100% sRGB, 165Hz | Graphic: GeForce RTX 3070 8GB | Warranty: 1 Year Warranty","{""Brand"": ""Lenovo"", ""Series"": ""Legion Gaming Series"", ""Model"": ""Lenovo Legion 5i Pro 2021"", ""Type"": ""Gaming Laptop"", ""Processor"": ""Intel Core i7-11800H (8C / 16T, 2.3 / 4.6GHz, 24MB)"", ""Graphics"": ""NVIDIA GeForce RTX 3070 8GB GDDR6, Boost Clock 1560 / 1620MHz, TGP 140W"", ""Chipset"": ""Intel HM570"", ""RAM"": ""2x 16GB SO-DIMM DDR4-3200"", ""Memory Slots"": ""Two DDR4 SO-DIMM slots, dual-channel capable"", ""Max Memory"": ""Up to 32GB DDR4-3200 offering"", ""Storage"": ""1TB SSD M.2 2280 PCIe 4.0x4 NVMe"", ""Storage Support"": ""Up to two drives, 2x M.2 SSD • M.2 2242 SSD up to 512GB • M.2 2280 SSD up to 1TB"", ""Storage Slot"": ""Two M.2 slots • One M.2 2280 PCIe 3.0 x4 slot • One M.2 2280 PCIe 4.0 x4 slot"", ""Card Reader"": ""None"", ""Optical"": ""None"", ""Audio Chip"": ""High Definition (HD) Audio, Realtek ALC3306 codec"", ""Speakers"": ""Stereo speakers, 2W x2, Nahimic Audio"", ""Camera"": ""HD 720p with E-shutter"", ""Microphone"": ""2x, Array"", ""Battery"": ""Integrated 80Wh"", ""Max Battery Life"": ""MobileMark 2018: 7.3 hr"", ""Power Adapter"": ""300W Slim Tip (3-pin)"", ""Display"": ""16\"" WQXGA (2560x1600) IPS 500nits Anti-glare, 100% sRGB, 165Hz, DisplayHDR 400, Dolby Vision, G-SYNC"", ""Touchscreen"": ""None"", ""Color Calibration"": ""Factory Color Calibration"", ""Keyboard"": ""Blue Backlit, English"", ""Case Color"": ""Stingray (Top), Dove Grey (Bottom)"", ""Surface Treatment"": ""Anodize Electrophoresis Deposition"", ""Case Material"": ""Aluminum (Top), Aluminium (Bottom)"", ""Dimensions (WxDxH)"": ""356 x 260.2-264.2 x 21.7-26.15 mm (14.02 x 10.24-10.40 x 0.85-1.03 inches)"", ""Weight"": ""Starting at 2.3 kg (5.07 lbs)"", ""Operating System"": ""Windows 10 Home 64, Traditional Chinese / Simplified Chinese / English"", ""Bundled Software"": ""Office Trial"", ""Ethernet"": ""100/1000M (RJ-45)"", ""WLAN + Bluetooth"": ""Wi-Fi 6 11ax, 2x2 + BT5.1"", ""Standard Ports"": ""3x USB 3.2 Gen 1 1x USB 3.2 Gen 1 (Always On) 1x Thunderbolt 4 / USB4 40Gbps (support data transfer and DisplayPort 1.4) 1x Thunderbolt 4 / USB4 40Gbps (support data transfer, Power Delivery and DisplayPort 1.4) 1x HDMI 2.1 1x Ethernet (RJ-45) 1x Headphone / microphone combo jack (3.5mm) 1x Power connector"", ""Security Chip"": ""Firmware TPM 2.0"", ""Fingerprint Reader"": ""None"", ""Other Security"": ""E-Camera shutter"", ""Base Warranty"": ""1-year, Courier or Carry-in"", ""Included Upgrade"": ""3Y Legion Ultimate Support -IPMAIN (ESS) (5WS1C87094)"", ""Lenovo Legion 5i Pro 2021 Price in Nepal"": ""Rs. 265,000""}"
https://hexxone.com/laptops-by-brand/lenovo/lenovo-legion-5i-pro-2023-intel-i9-13900hx-rtx-4060-16gb-ram-1tb-16-inch-wqxga-2560x1600-240hz-refresh-rate-lenovo-m300-gaming-mouse?limit=30,Lenovo Legion 5i Pro 2023 Intel i9 13900HX - RTX 4060 - 16GB RAM - 1TB - 16-inch WQXGA (2560x1600) 240Hz Refresh Rate - Lenovo M300 Gaming Mouse,"NPR 228,500.00",Availability: Out Of Stock,"Model:   Lenovo Legion 5i Pro 2023 | Part NO: 82WK008CHH | Processor: Intel Core i9-13900HX, 24C (8P + 16E) | RAM: 16GB DDR5-5600 | Storage: 1TB SSD | Display: 16"" WQXGA (2560x1600) IPS 500nits, 240Hz | Graphic: NVIDIA GeForce RTX 4060  8GB GDDR6 | Warranty: 1 Year Warranty","{""Processor"": ""Intel® Core™ i9-13900HX, 24C (8P + 16E) / 32T, P-core 2.2 / 5.4GHz, E-core 1.6 / 3.9GHz, 36MB"", ""Graphics"": ""NVIDIA® GeForce RTX™ 4060 8GB GDDR6, Boost Clock 2370MHz, TGP 140W"", ""Chipset"": ""Intel® HM770 Chipset"", ""Memory"": ""2x 8GB SO-DIMM DDR5-5600"", ""Memory Slots"": ""Two DDR5 SO-DIMM slots, dual-channel capable"", ""Max Memory"": ""Up to 32GB DDR5-5600 offering"", ""Storage"": ""1TB SSD M.2 2280 PCIe® 4.0x4 NVMe®"", ""Storage Support"": ""Up to two drives, 2x M.2 SSD • M.2 2280 SSD up to 1TB"", ""Storage Slot"": ""Two M.2 2280 PCIe® 4.0 x4 slots"", ""Card Reader"": ""None"", ""Optical"": ""None"", ""Audio Chip"": ""High Definition (HD) Audio, Realtek® ALC3306 codec"", ""Speakers"": ""Stereo speakers, 2W x2, optimized with Nahimic Audio"", ""Camera"": ""FHD 1080p with E-shutter"", ""Microphone"": ""2x, Array"", ""Battery"": ""Integrated 80Wh"", ""Power Adapter"": ""300W Slim Tip (3-pin)"", ""Special Features"": ""AI Chip: LA1 Legion Coldfront 5.0 cooling system"", ""Display"": ""16\"" WQXGA (2560x1600) IPS 500nits Anti-glare, 100% sRGB, 240Hz, DisplayHDR™ 400, Dolby® Vision™, G-SYNC®, Low Blue Light, High Gaming Performance"", ""Touchscreen"": ""None"", ""Color Calibration"": ""Factory Color Calibration"", ""Keyboard"": ""4-Zone RGB Backlit, English"", ""Case Color"": ""Onyx Grey"", ""Surface Treatment"": ""Anodizing"", ""Case Material"": ""Aluminium (Top), PC-ABS (Bottom)"", ""Dimensions (WxDxH)"": ""363.4 x 260.35 x 22.45-26.75 mm (14.31 x 10.25 x 0.88-1.05 inches)"", ""Weight"": ""Less than 2.55 kg (5.6 lbs)"", ""Operating System"": ""Windows® 11 Home, Traditional Chinese / Simplified Chinese / English"", ""Bundled Software"": ""Office Trial"", ""Ethernet"": ""100/1000M (RJ-45)"", ""WLAN + Bluetooth"": ""Wi-Fi® 6E, 11ax 2x2 + BT5.1"", ""Standard Ports"": ""1x Ethernet (RJ-45) 1x HDMI® 2.1, up to 8K/60Hz 1x Headphone / microphone combo jack (3.5mm) 1x Power connector 1x USB 3.2 Gen 1 (Always On) 1x USB-C® 3.2 Gen 2 (support data transfer and DisplayPort™ 1.4) 1x USB-C® 3.2 Gen 2 (support data transfer, Power Delivery 140W and DisplayPort™ 1.4) 3x USB 3.2 Gen 1"", ""Security Chip"": ""Firmware TPM 2.0 Enabled"", ""Fingerprint Reader"": ""None"", ""Other Security"": ""E-shutter"", ""Base Warranty"": ""1-year, Courier or Carry-in"", ""Bundled Accessories"": ""Lenovo® Legion™ M300 RGB Gaming Mouse"", ""Green Certifications"": ""ErP Lot 3 RoHS compliant""}"
https://hexxone.com/laptops-by-brand/lenovo/lenovo-legion-7-2024-14th-gen-i7-14700hx-rtx-4060-16gb-ram-1tb-16-inch-32k-display-165hz-refresh-rate?limit=30,Lenovo Legion 7 2024 14th Gen i7 14700HX - RTX 4060 - 16GB RAM - 1TB - 16-inch 3.2K display - 165Hz Refresh Rate,"NPR 254,500.00",Availability: Out Of Stock,"Model:  Lenovo Legion 7 2024 ( 16IRX9) | Processor: Intel Core i7-14700HX | RAM: 16GB DDR5-5600 | Storage: 1TB SSD | Display: 16"" 3.2K (3200x2000) IPS 430nits, 165Hz | Graphic: NVIDIA GeForce RTX 4060  8GB GDDR6 | Warranty: 1 Year Warranty","{""Processor"": ""Intel® Core™ i7-14700HX, 20C (8P + 12E) / 28T, P-core 2.1 / 5.5GHz, E-core 1.5 / 3.9GHz, 33MB"", ""Graphics"": ""NVIDIA® GeForce RTX™ 4060 8GB GDDR6, Boost Clock 2370MHz, TGP 130W"", ""Chipset"": ""Intel® HM770 Chipset"", ""Memory"": ""2x 8GB SO-DIMM DDR5-5600"", ""Memory Slots"": ""Two DDR5 SO-DIMM slots, dual-channel capable"", ""Max Memory"": ""Up to 32GB DDR5-5600 offering"", ""Storage"": ""1TB SSD M.2 2280 PCIe® 4.0x4 NVMe®"", ""Storage Support"": ""Up to two drives, 2x M.2 SSD • M.2 2280 SSD up to 1TB"", ""Storage Slot"": ""Two M.2 2280 PCIe® 4.0 x4 slots"", ""Card Reader"": ""SD Card Reader"", ""Optical"": ""None"", ""Audio Chip"": ""High Definition (HD) Audio, Realtek® ALC3287 codec"", ""Speakers"": ""Stereo speakers, 2W x2, audio by HARMAN, optimized with Nahimic Audio"", ""Camera"": ""FHD 1080p with E-shutter"", ""Microphone"": ""2x, Array"", ""Battery"": ""Integrated 99.9Wh"", ""Power Adapter"": ""230W Slim Tip (3-pin)"", ""Special Features"": ""AI Chip: LA3"", ""Display"": ""16\"" 3.2K (3200x2000) IPS 430nits Anti-glare, 100% DCI-P3, 165Hz, Dolby Vision®, G-SYNC®, Low Blue Light"", ""Touchscreen"": ""None"", ""Color Calibration"": ""Factory Color Calibration"", ""Keyboard"": ""Per-key RGB Backlit, English"", ""Touchpad"": ""Buttonless glass surface multi-touch touchpad, 75 x 120 mm (2.95 x 4.72 inches)"", ""Case Color"": ""Eclipse Black"", ""Surface Treatment"": ""Anodizing"", ""Case Material"": ""Aluminium (Top), Aluminium (Bottom)"", ""Dimensions (WxDxH)"": ""357.7 x 262.5 x 17.6-19.8 mm (14.08 x 10.33 x 0.69- 0.78 inches)"", ""Weight"": ""Starting at 2.24 kg (4.94 lbs)"", ""Operating System"": ""Windows® 11 Home Single Language, English"", ""Bundled Software"": ""Office Trial"", ""Ethernet"": ""No Onboard Ethernet"", ""WLAN + Bluetooth"": ""Wi-Fi® 6E, 11ax 2x2 + BT5.3"", ""Standard Ports"": ""1x USB-A (USB 5Gbps / USB 3.2 Gen 1) 1x USB-A (USB 5Gbps / USB 3.2 Gen 1), Always On 1x USB-C® (USB 5Gbps / USB 3.2 Gen 1) 1x USB-C® (USB 10Gbps / USB 3.2 Gen 2), with Lenovo® PD 140W and DisplayPort™ 1.4 1x USB-C® (Thunderbolt™ 4 / USB4® 40Gbps), with PD 140W and DisplayPort™ 1.4 1x HDMI® 2.1, up to 8K/60Hz 1x Headphone / microphone combo jack (3.5mm) 1x Card reader 1x Power connector"", ""Security Chip"": ""Firmware TPM 2.0 Enabled"", ""Fingerprint Reader"": ""Touch Style, Integrated in Power Button"", ""Other Security"": ""E-shutter"", ""Base Warranty"": ""1-year, Courier or Carry-in"", ""Included Upgrade"": ""None"", ""Bundled Accessories"": ""None"", ""Green Certifications"": ""ErP Lot 3 RoHS compliant"", ""Other Certifications"": ""TÜV Rheinland® Low Blue Light (Hardware Solution)""}"
https://hexxone.com/laptops-by-brand/lenovo/lenovo-legion-pro-7i-gen-9-2024-i9-14900hx-rtx-4080-32gb-ram-1tb-ssd-16-inch-wqxga-240hz-display-in-nepal?limit=30,Lenovo Legion Pro 7i Gen 9 2024 i9 14900HX - RTX 4080 - 32GB RAM - 1TB SSD - 16-inch WQXGA 240Hz display in Nepal,"NPR 426,500.00",Availability: Out Of Stock,"Model :   Lenovo Legion Pro 7i Gen 9 2024 | Processor : Intel® Core™ i9-14900HX | RAM : 32GB DDR5-5600 | Storage : 1TB SSD | Display : 16"" WQXGA (2560x1600) IPS 500nits, 240Hz | Graphic : NVIDIA GeForce RTX 4080  16GB GDDR6 | Warranty : 1 Year Warranty","{""Processor"": ""Intel® Core™ i9-14900HX, 24C (8P + 16E) / 32T, P-core 2.2 / 5.8GHz, E-core 1.6 / 4.1GHz, 36MB"", ""Graphics"": ""NVIDIA® GeForce RTX™ 4080 12GB GDDR6, Boost Clock 2280MHz, TGP 175W"", ""Chipset"": ""Intel® HM770 Chipset"", ""Memory"": ""2x 16GB SO-DIMM DDR5-5600"", ""Memory Slots"": ""Two DDR5 SO-DIMM slots, dual-channel capable"", ""Max Memory"": ""Up to 32GB DDR5-5600 offering"", ""Storage"": ""1TB SSD M.2 2280 PCIe® 4.0x4 NVMe®"", ""Storage Support"": ""Up to two drives, 2x M.2 SSD • M.2 2280 SSD up to 1TB"", ""Storage Slot"": ""Two M.2 2280 PCIe® 4.0 x4 slots"", ""Card Reader"": ""None"", ""Optical"": ""None"", ""Audio Chip"": ""High Definition (HD) Audio, Realtek® ALC3306 codec"", ""Speakers"": ""Stereo speakers (super linear speaker), 2W x2, audio by HARMAN, optimized with Nahimic Audio, Smart Amplifier (AMP)"", ""Camera"": ""FHD 1080p with E-shutter"", ""Microphone"": ""2x, Array"", ""Battery"": ""Integrated 99.9Wh"", ""Power Adapter"": ""330W Slim Tip Tiny GaN (3-pin)"", ""Special Features"": ""Hybrid thermal solution (air cooling + liquid metal) AI Chip: LA2-Q"", ""Display"": ""16\"" WQXGA (2560x1600) IPS 500nits Anti-glare, 100% DCI-P3, 240Hz, DisplayHDR™ 400, Dolby Vision®, G-SYNC®, Low Blue Light, High Gaming Performance"", ""Touchscreen"": ""None"", ""Color Calibration"": ""Factory Color Calibration"", ""Keyboard"": ""Per-key RGB Backlit (with Lighting Lens), English (EU)"", ""Touchpad"": ""Buttonless Mylar® surface multi-touch touchpad, supports Precision TouchPad (PTP), 75 x 120 mm (2.95 x 4.72 inches)"", ""Case Color"": ""Eclipse Black"", ""Surface Treatment"": ""Anodizing"", ""Case Material"": ""Aluminium (Top), Aluminium (Bottom)"", ""Dimensions (WxDxH)"": ""363.5 x 262.1 x 21.95-25.9 mm (14.31 x 10.32 x 0.86-1.02 inches)"", ""Weight"": ""Around 2.62 kg (5.78 lbs)"", ""Operating System"": ""Windows® 11 Home Single Language, English"", ""Bundled Software"": ""Office Trial"", ""Ethernet"": ""100/1000M (RJ-45)"", ""WLAN + Bluetooth"": ""Intel® Killer Wi-Fi® 6E AX1675i, 11ax 2x2 + BT5.3"", ""Standard Ports"": ""1x USB-A (USB 5Gbps / USB 3.2 Gen 1), Always On 3x USB-A (USB 5Gbps / USB 3.2 Gen 1) 1x USB-C® (USB 10Gbps / USB 3.2 Gen 2), with Lenovo® PD 140W and DisplayPort™ 1.4 1x USB-C® (Thunderbolt™ 4 / USB4® 40Gbps), with DisplayPort™ 1.4 1x HDMI® 2.1, up to 8K/60Hz 1x Headphone / microphone combo jack (3.5mm) 1x Ethernet (RJ-45) 1x Power connector"", ""Security Chip"": ""Firmware TPM 2.0 Enabled"", ""Fingerprint Reader"": ""None"", ""Other Security"": ""E-shutter"", ""Base Warranty"": ""1-year, Courier or Carry-in"", ""Included Upgrade"": ""None"", ""Bundled Accessories"": ""4 Switchable Keycaps and Easy Tool"", ""Green Certifications"": ""ErP Lot 3 RoHS compliant"", ""Other Certifications"": ""TÜV Rheinland® High Gaming Performance TÜV Rheinland® Low Blue Light (Hardware Solution)""}"
https://hexxone.com/laptops-by-brand/lenovo/lenovo-legion-pro-7i-gen-9-2024-i9-14900hx-rtx-4090-32gb-ram-1tb-ssd-16-inch-wqxga-240hz-display-in-nepal?limit=30,Lenovo Legion Pro 7i Gen 9 2024 i9 14900HX - RTX 4090 - 32GB RAM - 1TB SSD - 16-inch WQXGA 240Hz display in Nepal,"NPR 521,500.00",Availability: Out Of Stock,"Model :   Lenovo Legion Pro 7i Gen 9 2024 | Processor : Intel® Core™ i9-14900HX | RAM : 32GB DDR5-5600 | Storage : 1TB SSD | Display : 16"" WQXGA (2560x1600) IPS 500nits, 240Hz | Graphic : NVIDIA GeForce RTX 4090 16GB GDDR6 | Warranty : 1 Year Warranty","{""Processor"": ""Intel® Core™ i9-14900HX, 24C (8P + 16E) / 32T, P-core 2.2 / 5.8GHz, E-core 1.6 / 4.1GHz, 36MB"", ""Graphics"": ""NVIDIA® GeForce RTX™ 4090 16GB GDDR6, Boost Clock 2040MHz, TGP 175W"", ""Chipset"": ""Intel® HM770 Chipset"", ""Memory"": ""2x 16GB SO-DIMM DDR5-5600"", ""Memory Slots"": ""Two DDR5 SO-DIMM slots, dual-channel capable"", ""Max Memory"": ""Up to 32GB DDR5-5600 offering"", ""Storage"": ""1TB SSD M.2 2280 PCIe® 4.0x4 NVMe®"", ""Storage Support"": ""Up to two drives, 2x M.2 SSD • M.2 2280 SSD up to 1TB"", ""Storage Slot"": ""Two M.2 2280 PCIe® 4.0 x4 slots"", ""Card Reader"": ""None"", ""Optical"": ""None"", ""Audio Chip"": ""High Definition (HD) Audio, Realtek® ALC3306 codec"", ""Speakers"": ""Stereo speakers (super linear speaker), 2W x2, audio by HARMAN, optimized with Nahimic Audio, Smart Amplifier (AMP)"", ""Camera"": ""FHD 1080p with E-shutter"", ""Microphone"": ""2x, Array"", ""Battery"": ""Integrated 99.9Wh"", ""Power Adapter"": ""330W Slim Tip Tiny GaN (3-pin)"", ""Special Features"": ""Hybrid thermal solution (air cooling + liquid metal) AI Chip: LA2-Q"", ""Display"": ""16\"" WQXGA (2560x1600) IPS 500nits Anti-glare, 100% DCI-P3, 240Hz, DisplayHDR™ 400, Dolby Vision®, G-SYNC®, Low Blue Light, High Gaming Performance"", ""Touchscreen"": ""None"", ""Color Calibration"": ""Factory Color Calibration"", ""Keyboard"": ""Per-key RGB Backlit (with Lighting Lens), English (EU)"", ""Touchpad"": ""Buttonless Mylar® surface multi-touch touchpad, supports Precision TouchPad (PTP), 75 x 120 mm (2.95 x 4.72 inches)"", ""Case Color"": ""Eclipse Black"", ""Surface Treatment"": ""Anodizing"", ""Case Material"": ""Aluminium (Top), Aluminium (Bottom)"", ""Dimensions (WxDxH)"": ""363.5 x 262.1 x 21.95-25.9 mm (14.31 x 10.32 x 0.86-1.02 inches)"", ""Weight"": ""Around 2.62 kg (5.78 lbs)"", ""Operating System"": ""Windows® 11 Home Single Language, English"", ""Bundled Software"": ""Office Trial"", ""Ethernet"": ""100/1000M (RJ-45)"", ""WLAN + Bluetooth"": ""Intel® Killer Wi-Fi® 6E AX1675i, 11ax 2x2 + BT5.3"", ""Standard Ports"": ""1x USB-A (USB 5Gbps / USB 3.2 Gen 1), Always On 3x USB-A (USB 5Gbps / USB 3.2 Gen 1) 1x USB-C® (USB 10Gbps / USB 3.2 Gen 2), with Lenovo® PD 140W and DisplayPort™ 1.4 1x USB-C® (Thunderbolt™ 4 / USB4® 40Gbps), with DisplayPort™ 1.4 1x HDMI® 2.1, up to 8K/60Hz 1x Headphone / microphone combo jack (3.5mm) 1x Ethernet (RJ-45) 1x Power connector"", ""Security Chip"": ""Firmware TPM 2.0 Enabled"", ""Fingerprint Reader"": ""None"", ""Other Security"": ""E-shutter"", ""Base Warranty"": ""1-year, Courier or Carry-in"", ""Included Upgrade"": ""None"", ""Bundled Accessories"": ""4 Switchable Keycaps and Easy Tool"", ""Green Certifications"": ""ErP Lot 3 RoHS compliant"", ""Other Certifications"": ""TÜV Rheinland® High Gaming Performance TÜV Rheinland® Low Blue Light (Hardware Solution)""}"
https://hexxone.com/laptops-by-brand/lenovo/lenovo-legion-slim-5-2024-gen-9-ryzen-7-8845hs-rtx-4060-16gb-ram-1tb-gb-ssd-16-inch-qhd-display-165hz-refresh-rate?limit=30,Lenovo Legion Slim 5 2024 Gen 9 Ryzen 7 8845HS - RTX 4060 - 16GB RAM - 1TB GB SSD - 16-inch QHD display - 165Hz Refresh Rate,"NPR 231,500.00",Availability: Out Of Stock,"Model:  Lenovo Legion Slim 5 2024 Gen 9 | Part No: | Processor: AMD  Ryzen 7 8845HS | RAM: 16GB DDR5-5600 | Storage: 1TB SSD | Display: 16"" WUXGA (1920x1200) I 165Hz | Graphic: NVIDIA GeForce RTX 4060 8GB GDDR6 | Warranty: 1 Year Warranty","{""Processor"": ""AMD Ryzen™ 7 8845HS Processor 3.8GHz (24MB Cache, up to 5.1 GHz, 8 cores, 16 Threads); AMD Ryzen™ AI up to 38 TOPs"", ""Graphics"": ""NVIDIA® GeForce RTX™ 4060 Laptop GPU 8GB GDDR6 (115W), 2370MHz boost clock (G-SYNC® support, Advanced Optimus [DDS] support)"", ""Chipset"": """", ""Memory"": ""2x 8GB SO-DIMM DDR5-5600"", ""Memory Slots"": ""Two DDR5 SO-DIMM slots, dual-channel capable"", ""Max Memory"": ""Up to 32GB DDR5-5600 offering"", ""Storage"": ""1TB SSD M.2 2280 PCIe® 4.0x4 NVMe®"", ""Storage Support"": ""Up to two drives, 2x M.2 SSD • M.2 2280 SSD up to 1TB"", ""Storage Slot"": ""Two M.2 2280 PCIe® 4.0 x4 slots"", ""Card Reader"": ""4-in-1 Card Reader"", ""Optical"": ""None"", ""Audio Chip"": ""High Definition (HD) Audio, Realtek® ALC3287 codec"", ""Speakers"": ""Stereo speakers, 2W x2, optimized with Nahimic Audio"", ""Camera"": ""FHD 1080p with E-shutter"", ""Microphone"": ""2x, Array"", ""Battery"": ""Integrated 80Wh"", ""Power Adapter"": ""170W Slim Tip (3-pin)"", ""Special Features"": ""AI Chip: LA1 Legion Coldfront 5.0 cooling system"", ""Display"": ""16″ WQXGA (2560 x 1600) IPS, 16:10, (165Hz, 5ms / 3ms response time with OD, 100% sRGB, 350 nits, Dolby Vision®, G-SYNC®, TÜV Rheinland® certified: hardware low blue light and high gaming performance, X-Rite calibration"", ""Touchscreen"": ""None"", ""Color Calibration"": ""None"", ""Keyboard"": ""4-Zone RGB Backlit, English"", ""Case Color"": ""Storm Grey"", ""Surface Treatment"": ""Anodizing"", ""Case Material"": ""Aluminium (Top), PC-ABS (Bottom)"", ""Dimensions (WxDxH)"": ""19.7mm-25.2mm x 359.7mm x 262.3mm / 0.78″-0.99″ x 14.16″ x 10.33″"", ""Weight"": ""Less than 2.3 kg"", ""Operating System"": ""Windows® 11 Home, Traditional Chinese / Simplified Chinese / English"", ""Bundled Software"": ""Office Trial"", ""Ethernet"": ""100/1000M (RJ-45)"", ""WLAN + Bluetooth"": ""WiFi 6E* 802.11AX (2 x 2) Bluetooth® 5.3"", ""Standard Ports"": ""Left: USB-C 3.2 Gen 2 (Power Delivery 140W and DisplayPort™ 1.4) 10Gbps USB-C 3.2 Gen 2 (DisplayPort 1.4) 10Gbps USB-A 3.2 Gen 1 (always on) Headphone / mic combo Right: 2 x USB-A 3.2 Gen 1 3-in-1 MicroSD card reader E-shutter button RJ45 (ethernet port) Rear: DC-in HDMI™ 2.1"", ""Security Chip"": ""Firmware TPM 2.0 Enabled"", ""Fingerprint Reader"": ""None"", ""Other Security"": ""E-shutter"", ""Base Warranty"": ""1-year, Courier or Carry-in"", ""Bundled Accessories"": ""Lenovo® Legion™ M300 RGB Gaming Mouse"", ""Green Certifications"": ""ErP Lot 26 ErP Lot 6 RoHS compliant""}"
https://hexxone.com/laptops-by-brand/lenovo/lenovo-legion-slim-7-16arha7-2022-ryzen-7-6800hs-rx-6600s-16gb-ram-1tb-ssd-16-inch-qhd-165hz-display-in-nepal?limit=30,Lenovo Legion Slim 7 16ARHA7 2022 Ryzen 7 6800HS - RX 6600S - 16GB RAM - 1TB SSD - 16-inch QHD 165Hz display in Nepal,"NPR 175,000.00",Availability: Out Of Stock,"Model: Lenovo Legion Slim 7 2022 | Processor: AMD Ryzen™ 7 6800H (8C / 16T, 3.2 / 4.7GHz, 4MB L2 / 16MB L3) | RAM: 16GB Soldered DDR5-4800, Up to 24GB | Storage: 1TB SSD | Display: 16"" WQXGA IPS, 500nits, 100% sRGB | Graphic: AMD Radeon RX 6600S 4GB GDDR6 | Warranty: 1 Year Warranty","{""Processor"": ""AMD Ryzen™ 7 6800H (8C / 16T, 3.2 / 4.7GHz, 4MB L2 / 16MB L3)"", ""Graphics"": ""AMD Radeon™ RX 6600S 4GB GDDR6"", ""Chipset"": ""AMD SoC Platform"", ""Memory"": ""8GB Soldered DDR5-4800 + 8GB SO-DIMM DDR5-4800"", ""Memory Slots"": ""One memory soldered to systemboard, one DDR4 SO-DIMM slot, dual-channel capable"", ""Max Memory"": ""Up to 16GB (8GB soldered + 8GB SO-DIMM) DDR5-4800 offering"", ""Storage"": ""1TB SSD M.2 2280 PCIe 4.0x4 NVMe"", ""Storage Support"": ""One drive, up to 2TB M.2 2280 SSD"", ""Storage Slot"": ""One M.2 2280 PCIe 4.0 x4 slot"", ""Card Reader"": ""4-in-1 Card Reader"", ""Optical"": ""None"", ""Audio Chip"": ""High Definition (HD) Audio, Realtek ALC3306 codec"", ""Speakers"": ""Stereo speakers, 2W x2, audio by HARMAN, optimized with Nahimic Audio"", ""Camera"": ""FHD 1080p with E-shutter"", ""Microphone"": ""2x, Array"", ""Battery"": ""Integrated 99.99Wh"", ""Power Adapter"": ""170W Slim Tip (3-pin)"", ""Display"": ""16\"" WQXGA (2560x1600) IPS 500nits Anti-glare, 100% sRGB, 165Hz, DisplayHDR 400, Dolby Vision, FreeSyncAluminum, Low Blue Light, High Gaming Performance"", ""Touchscreen"": ""None"", ""Color Calibration"": ""Factory Color Calibration"", ""Keyboard"": ""RGB Backlit, English"", ""Case Color"": ""Onyx Grey"", ""Surface Treatment"": ""Iron Sandblasting (Anodized)"", ""Case Material"": ""Aluminum (Top), Aluminium (Bottom)"", ""Dimensions (WxDxH)"": ""357.7 x 260 x 16.9 mm (14.08 x 10.24 x 0.67 inches)"", ""Weight"": ""Less than 2.23 kg (4.9 lbs)"", ""Operating System"": ""Windows® 11 Home, Traditional Chinese / Simplified Chinese / English"", ""Bundled Software"": ""Office Trial"", ""Ethernet"": ""No Onboard Ethernet"", ""WLAN + Bluetooth"": ""Wi-Fi® 6E, 11ax 2x2 + BT5.1"", ""Standard Ports"": ""1x Card reader 1x HDMI® 2.1, up to 8K/60Hz 1x Headphone / microphone combo jack (3.5mm) 1x Power connector 1x USB 3.2 Gen 1 1x USB 3.2 Gen 1 (Always On) 2x USB-C® 3.2 Gen 2 (support data transfer, Power Delivery 135W and DisplayPort™ 1.4)"", ""Security Chip"": ""Firmware TPM 2.0"", ""Fingerprint Reader"": ""Touch Style, Integrated in Power Button"", ""Other Security"": ""E-shutter"", ""Base Warranty"": ""1-year,"", ""Bundled Accessories"": ""None"", ""Green Certifications"": ""ErP Lot 3 RoHS compliant"", ""Other Certifications"": ""TÜV Rheinland® High Gaming Performance TÜV Rheinland® Low Blue Light (Hardware Solution)"", ""Lenovo Legion Slim 7 2022 Price in Nepal"": ""Rs. 195,000""}"
https://hexxone.com/laptops-by-brand/lenovo/lenovo-loq-15-2024-15ahp9-gaming-laptop-amd-ryzen-7-8845hs-rtx-4050-16gb-ram-512gb-ssd-156-inch-fhd-144hz-display-in-nepal?limit=30,Lenovo LOQ 15 2024 (15AHP9) Gaming Laptop AMD Ryzen 7 8845HS - RTX 4050 - 16GB RAM - 512GB SSD - 15.6-inch FHD 144Hz display in Nepal,"NPR 166,500.00",Availability: Out Of Stock,"Model :  Lenovo LOQ 15 2024 (15AHP9)  2024 | Processor : AMD Ryzen™ 7 8845HS | RAM : 16GB SO-DIMM DDR5-5600 | Storage : 512GB SSD | Display : 15.6"" FHD (1920x1080) IPS 350nits, 144Hz | Graphic : NVIDIA® GeForce RTX™ 4050 6GB GDDR6 | Keyboard : 4 Zone RGB | Warranty : 1 Year Warranty","{""Brand"": ""Lenovo"", ""Series"": ""LOQ Series"", ""Type"": ""Gaming Laptop"", ""Processor"": ""AMD Ryzen™ 7 8845HS Processor 3.8GHz (24MB Cache, up to 5.1 GHz, 8 cores, 16 Threads); AMD Ryzen™ AI up to 38 TOPs"", ""Graphics"": ""NVIDIA® GeForce RTX™ 4050 6GB GDDR6, Boost Clock 2370MHz, TGP 105W"", ""Chipset"": ""AMD SoC Platform"", ""Memory"": ""2x 8GB SO-DIMM DDR5-5600"", ""Memory Slots"": ""Two DDR5 SO-DIMM slots, dual-channel capable"", ""Max Memory"": ""Up to 16GB DDR5-5600 offering"", ""Storage"": ""512GB SSD M.2 2242 PCIe® 4.0x4 NVMe®"", ""Storage Support"": ""Up to two drives, 2x M.2 SSD • M.2 2242 SSD up to 1TB"", ""Storage Slot"": ""Two M.2 slots • One M.2 2242 PCIe® 4.0 x4 slot • One M.2 2280 PCIe 4.0 x4 slot"", ""Card Reader"": ""None"", ""Optical"": ""None"", ""Audio Chip"": ""High Definition (HD) Audio, Realtek® ALC3287 codec"", ""Speakers"": ""Stereo speakers, 2W x2, optimized with Nahimic Gaming Audio"", ""Camera"": ""FHD 1080p with E-shutter"", ""Microphone"": ""2x, Array"", ""Battery"": ""Integrated 60Wh"", ""Power Adapter"": ""170W Slim Tip (3-pin)"", ""Special Features"": ""AI Chip: LA1"", ""Display"": ""15.6\"" FHD (1920x1080) IPS 350nits Anti-glare, 45% NTSC, 144Hz, G-SYNC®, FreeSync™"", ""Touchscreen"": ""None"", ""Color Calibration"": ""None"", ""Keyboard"": ""4-Zone RGB Backlit, English (EU)"", ""Case Color"": ""Storm Grey"", ""Surface Treatment"": ""Painting"", ""Case Material"": ""PC-ABS (Top), PC-ABS (Bottom)"", ""Dimensions (WxDxH)"": ""359.6 x 264.8 x 22.1-25.2 mm (14.16 x 10.43 x 0.87-0.99 inches)"", ""Weight"": ""Starting at 2.4 kg (5.29 lbs)"", ""Operating System"": ""Windows® 11 Home, English"", ""Bundled Software"": ""Office Trial"", ""Ethernet"": ""100/1000M (RJ-45)"", ""WLAN + Bluetooth"": ""Wi-Fi® 6, 11ax 2x2 + BT5.1"", ""Standard Ports"": ""1x USB 2.0 2x USB 3.2 Gen 2 1x USB-C® 3.2 Gen 2 (support data transfer, Power Delivery 140W and DisplayPort™ 1.4) 1x HDMI® 2.1, up to 8K/60Hz 1x Ethernet (RJ-45) 1x Headphone / microphone combo jack (3.5mm) 1x Power connector"", ""Security Chip"": ""Firmware TPM 2.0 Enabled"", ""Fingerprint Reader"": ""None"", ""Other Security"": ""E-shutter"", ""Base Warranty"": ""1-year"", ""Included Upgrade"": ""None"", ""Bundled Accessories"": ""None"", ""Green Certifications"": ""ErP Lot 6 ErP Lot 26 RoHS compliant""}"
https://hexxone.com/laptops-by-brand/lenovo/lenovo-loq-15-2024-gaming-laptop-14th-gen-core-i7-14700hx-rtx-4060-16-ram-1tb-ssd-156-inch-fhd-144hz-display-in-nepal?limit=30,Lenovo LOQ 15 2024 Gaming Laptop 14th Gen Core i7 14700HX - RTX 4060 - 16 RAM - 1TB SSD - 15.6-inch FHD 144Hz display in Nepal,"NPR 204,500.00",Availability: Out Of Stock,"Model :  Lenovo LOQ Gaming Laptop 2024 | Processor : Intel® Core™ i7-14700HX | RAM : 16GB SO-DIMM DDR5-5600 | Storage : 1TB SSD | Display : 15.6"" FHD (1920x1080) IPS 350nits, 144Hz | Graphic : NVIDIA® GeForce RTX™ 4060 8GB GDDR6 | Warranty : 1 Year Warranty","{""Processor"": ""Intel® Core™ i7-14700HX, 20C (8P + 12E) / 28T, P-core 2.1 / 5.5GHz, E-core 1.5 / 3.9GHz, 33MB"", ""Graphics"": ""NVIDIA® GeForce RTX™ 4060 8GB GDDR6, Boost Clock 2370MHz, TGP 115W"", ""Chipset"": ""Intel® HM770 Chipset"", ""Memory"": ""1x 16GB SO-DIMM DDR5-5600"", ""Memory Slots"": ""Two DDR5 SO-DIMM slots, dual-channel capable"", ""Max Memory"": ""Up to 32GB DDR5-5600"", ""Storage"": ""1TB SSD M.2 2242 PCIe® 4.0x4 NVMe®"", ""Storage Support"": ""Up to two drives, 2x M.2 SSD • M.2 2242 SSD up to 1TB"", ""Storage Slot"": ""Two M.2 2280 PCIe® 4.0 x4 slots"", ""Card Reader"": ""None"", ""Optical"": ""None"", ""Audio Chip"": ""High Definition (HD) Audio, Realtek® ALC3287 codec"", ""Speakers"": ""Stereo speakers, 2W x2, optimized with Nahimic Audio"", ""Camera"": ""HD 720p with E-shutter"", ""Microphone"": ""2x, Array"", ""Battery"": ""Integrated 60Wh"", ""Power Adapter"": ""230W Slim Tip (3-pin)"", ""Special Features"": ""AI Chip: LA1"", ""Display"": ""15.6\"" FHD (1920x1080) IPS 300nits Anti-glare, 100% sRGB, 144Hz, G-SYNC®"", ""Touchscreen"": ""None"", ""Color Calibration"": ""None"", ""Keyboard"": ""4-Zone RGB Backlit, English"", ""Case Color"": ""Luna Grey"", ""Surface Treatment"": ""Painting"", ""Case Material"": ""PC-ABS (Top), PC-ABS (Bottom)"", ""Dimensions (WxDxH)"": ""359.86 x 258.7 x 21.9-23.9 mm (14.17 x 10.19 x 0.86-0.94 inches)"", ""Weight"": ""Starting at 2.38 kg (5.25 lbs)"", ""Operating System"": ""Windows® 11 Home, Traditional Chinese / Simplified Chinese / English"", ""Bundled Software"": ""Office Trial"", ""Ethernet"": ""Integrated 100/1000M"", ""WLAN + Bluetooth"": ""Wi-Fi® 6, 11ax 2x2 + BT5.2"", ""Standard Ports"": ""3x USB-A (USB 5Gbps / USB 3.2 Gen 1) 1x USB-C® (USB 10Gbps / USB 3.2 Gen 2), with PD 140W and DisplayPort™ 1.4 1x HDMI® 2.1, up to 8K/60Hz 1x Headphone / microphone combo jack (3.5mm) 1x Ethernet (RJ-45) 1x Power connector"", ""Security Chip"": ""Firmware TPM 2.0 Enabled"", ""Fingerprint Reader"": ""None"", ""Other Security"": ""E-shutter"", ""Base Warranty"": ""1-year, Courier or Carry-in"", ""Included Upgrade"": ""2Y Premium Care -IPENTRY (ESS)"", ""Bundled Accessories"": ""None"", ""Green Certifications"": ""ErP Lot 3 RoHS compliant"", ""Other Certifications"": ""TÜV Rheinland® Low Blue Light (Software Solution)""}"
https://hexxone.com/laptops-by-brand/lenovo/lenovo-loq-15-gaming-laptop-2024-intel-core-i5-13450hx-rtx-3050-16gb-ram-512-ssd-156-inch-fhd-1920x1080144hz-display-1-year-warranty-in-nepal?limit=30,Lenovo LOQ 15 Gaming Laptop 2024 Intel Core i5 13450HX - RTX 3050 - 16GB RAM - 512 SSD - 15.6-inch FHD (1920x1080)144Hz display - 1 Year Warranty in Nepal,"NPR 122,500.00",Availability: Out Of Stock,"Model :  Lenovo LOQ Gaming Laptop 2024 | Processor : Intel Core i5 13450HX | RAM : 16GB SO-DIMM DDR5-5200 | Storage : 512GB SSD | Display : 15.6"" FHD (1920X1080) 144Hz display | Graphic : NVIDIA® GeForce RTX™ 3050 6GB GDDR6 | Warranty : 1 Year Warranty","{""Brand"": ""Lenovo"", ""Series"": ""LOQ Series"", ""Type"": ""Gaming Laptop"", ""Processor"": ""Intel® Core™ i5-13450HX, 10C (6P + 4E) / 16T, P-core 2.4 / 4.6GHz, E-core 1.8 / 3.4GHz, 20MB"", ""Graphics"": ""NVIDIA® GeForce RTX™ 3050 6GB GDDR6, Boost Clock 1732MHz, TGP 95W"", ""Chipset"": ""Intel® HM770 Chipset"", ""Memory"": ""1x 16GB SO-DIMM DDR5-4800"", ""Memory Slots"": ""Two DDR5 SO-DIMM slots, dual-channel capable"", ""Max Memory"": ""Up to 32GB DDR5-4800 offering"", ""Storage"": ""512GB SSD M.2 2242 PCIe® 4.0x4 NVMe®"", ""Storage Support"": ""Up to two drives, 2x M.2 SSD • M.2 2242 SSD up to 1TB"", ""Storage Slot"": ""Two M.2 slots • One M.2 2242 PCIe® 4.0 x4 slot • One M.2 2280 PCIe 4.0 x4 slot"", ""Card Reader"": ""None"", ""Optical"": ""None"", ""Audio Chip"": ""High Definition (HD) Audio, Realtek® ALC3287 codec"", ""Speakers"": ""Stereo speakers, 2W x2, optimized with Nahimic Gaming Audio"", ""Camera"": ""HD 720p with E-shutter"", ""Microphone"": ""2x, Array"", ""Battery"": ""Integrated 60Wh"", ""Power Adapter"": ""170W Slim Tip (3-pin)"", ""Special Features"": ""AI Chip: LA1"", ""Display"": ""15.6\"" FHD (1920x1080) IPS 300nits Anti-glare, 100% sRGB, 144Hz, G-SYNC®"", ""Touchscreen"": ""None"", ""Color Calibration"": ""None"", ""Keyboard"": ""White Backlit, English"", ""Case Color"": ""Luna Grey"", ""Surface Treatment"": ""Painting"", ""Case Material"": ""PC-ABS (Top), PC-ABS (Bottom)"", ""Dimensions (WxDxH)"": ""359.86 x 258.7 x 21.9-23.9 mm (14.17 x 10.19 x 0.86-0.94 inches)"", ""Weight"": ""Starting at 2.38 kg (5.25 lbs)"", ""Operating System"": ""Windows® 11 Home, Traditional Chinese / Simplified Chinese / English"", ""Bundled Software"": ""Office Trial"", ""Ethernet"": ""100/1000M (RJ-45)"", ""WLAN + Bluetooth"": ""Wi-Fi® 6, 11ax 2x2 + BT5.1"", ""Standard Ports"": ""3x USB-A (USB 5Gbps / USB 3.2 Gen 1) 1x USB-C® (USB 10Gbps / USB 3.2 Gen 2), with Lenovo® PD 140W and DisplayPort™ 1.4 1x HDMI® 2.1, up to 8K/60Hz 1x Headphone / microphone combo jack (3.5mm) 1x Ethernet (RJ-45) 1x Power connector"", ""Security Chip"": ""Firmware TPM 2.0 Enabled"", ""Fingerprint Reader"": ""None"", ""Other Security"": ""E-shutter"", ""Base Warranty"": ""1-year, Courier or Carry-in"", ""Bundled Accessories"": ""None""}"
https://hexxone.com/laptops-by-brand/lenovo/lenovo-loq-15-gaming-laptop-2024-intel-core-i5-13450hx-rtx-4050-16gb-ram-512gb-ssd-156-inch-fhd-1920x1080144hz-display-1-year-warranty-in-nepal?limit=30,Lenovo LOQ 15 Gaming Laptop 2024 Intel Core i5 13450HX - RTX 4050 - 16GB RAM - 512GB SSD - 15.6-inch FHD (1920x1080)144Hz display - 1 Year Warranty in Nepal,"NPR 143,500.00",Availability: Out Of Stock,"Model :  Lenovo LOQ15 (15IRX9) Gaming Laptop 2024 | Processor : Intel Core i5 13450HX | RAM : 16GB SO-DIMM DDR5-5200 | Storage : 512GB SSD | Display : 15.6"" FHD (1920X1080) 144Hz display | Graphic : NVIDIA® GeForce RTX™ 4050 6GB GDDR6 | Keyboard : 4 Zone RGB | Warranty : 1 Year Warranty","{""Brand"": ""Lenovo"", ""Series"": ""LOQ Series"", ""Type"": ""Gaming Laptop"", ""Processor"": ""Intel® Core™ i5-13450HX, 10C (6P + 4E) / 16T, P-core 2.4 / 4.6GHz, E-core 1.8 / 3.4GHz, 20MB"", ""Graphics"": ""NVIDIA® GeForce RTX™ 4050 6GB GDDR6, Boost Clock 2370MHz, TGP 105W"", ""Chipset"": ""Intel® HM770 Chipset"", ""Memory"": ""1x 16GB SO-DIMM DDR5-4800"", ""Memory Slots"": ""Two DDR5 SO-DIMM slots, dual-channel capable"", ""Max Memory"": ""Up to 32GB DDR5-4800 offering"", ""Storage"": ""512GB SSD M.2 2242 PCIe® 4.0x4 NVMe®"", ""Storage Support"": ""Up to two drives, 2x M.2 SSD • M.2 2242 SSD up to 1TB"", ""Storage Slot"": ""Two M.2 slots • One M.2 2242 PCIe® 4.0 x4 slot • One M.2 2280 PCIe 4.0 x4 slot"", ""Card Reader"": ""None"", ""Optical"": ""None"", ""Audio Chip"": ""High Definition (HD) Audio, Realtek® ALC3287 codec"", ""Speakers"": ""Stereo speakers, 2W x2, optimized with Nahimic Gaming Audio"", ""Camera"": ""HD 720p with E-shutter"", ""Microphone"": ""2x, Array"", ""Battery"": ""Integrated 60Wh"", ""Power Adapter"": ""170W Slim Tip (3-pin)"", ""Special Features"": ""AI Chip: LA1"", ""Display"": ""15.6\"" FHD (1920x1080) IPS 300nits Anti-glare, 100% sRGB, 144Hz, G-SYNC®"", ""Touchscreen"": ""None"", ""Color Calibration"": ""None"", ""Keyboard"": ""4-Zone RGB Backlit, English (EU)"", ""Case Color"": ""Luna Grey"", ""Surface Treatment"": ""Painting"", ""Case Material"": ""PC-ABS (Top), PC-ABS (Bottom)"", ""Dimensions (WxDxH)"": ""359.86 x 258.7 x 21.9-23.9 mm (14.17 x 10.19 x 0.86-0.94 inches)"", ""Weight"": ""Starting at 2.38 kg (5.25 lbs)"", ""Operating System"": ""Windows® 11 Home, Traditional Chinese / Simplified Chinese / English"", ""Bundled Software"": ""Office Trial"", ""Ethernet"": ""100/1000M (RJ-45)"", ""WLAN + Bluetooth"": ""Wi-Fi® 6, 11ax 2x2 + BT5.1"", ""Standard Ports"": ""3x USB-A (USB 5Gbps / USB 3.2 Gen 1) 1x USB-C® (USB 10Gbps / USB 3.2 Gen 2), with Lenovo® PD 140W and DisplayPort™ 1.4 1x HDMI® 2.1, up to 8K/60Hz 1x Headphone / microphone combo jack (3.5mm) 1x Ethernet (RJ-45) 1x Power connector"", ""Security Chip"": ""Firmware TPM 2.0 Enabled"", ""Fingerprint Reader"": ""None"", ""Other Security"": ""E-shutter"", ""Base Warranty"": ""1-year, Courier or Carry-in"", ""Bundled Accessories"": ""None""}"
https://hexxone.com/laptops-by-brand/lenovo/lenovo-loq-15-gaming-laptop-2024-intel-core-i7-13650hx-rtx-3050-16gb-ram-512gb-ssd-156-inch-fhd-1920x1080144hz-display-1-year-warranty-in-nepal?limit=30,Lenovo LOQ 15 Gaming Laptop 2024 Intel Core i7 13650HX - RTX 3050 - 16GB RAM - 512GB SSD - 15.6-inch FHD (1920x1080)144Hz display - 1 Year Warranty in Nepal,"NPR 147,500.00",Availability: Out Of Stock,"Model :  Lenovo LOQ15 (15IRX9) Gaming Laptop 2024 | Processor : Intel Core i7 13650HX | RAM : 16GB SO-DIMM DDR5-5200 | Storage : 512GB SSD | Display : 15.6"" FHD (1920X1080) 144Hz display | Graphic : NVIDIA® GeForce RTX™ 3050 6GB GDDR6 | Keyboard : White Backlight | Warranty : 1 Year Warranty","{""Brand"": ""Lenovo"", ""Series"": ""LOQ Series"", ""Type"": ""Gaming Laptop"", ""Processor"": ""Intel® Core™ i7-13650HX, 14C (6P + 8E) / 20T, P-core 2.6 / 4.9GHz, E-core 1.9 / 3.6GHz, 24MB"", ""Graphics"": ""NVIDIA® GeForce RTX™ 3050 6GB GDDR6, Boost Clock 1732MHz, TGP 95W"", ""Chipset"": ""Intel® HM770 Chipset"", ""Memory"": ""1x 16GB SO-DIMM DDR5-4800"", ""Memory Slots"": ""Two DDR5 SO-DIMM slots, dual-channel capable"", ""Max Memory"": ""Up to 32GB DDR5-4800 offering"", ""Storage"": ""512GB SSD M.2 2242 PCIe® 4.0x4 NVMe®"", ""Storage Support"": ""Up to two drives, 2x M.2 SSD • M.2 2242 SSD up to 1TB"", ""Storage Slot"": ""Two M.2 slots • One M.2 2242 PCIe® 4.0 x4 slot • One M.2 2280 PCIe 4.0 x4 slot"", ""Card Reader"": ""None"", ""Optical"": ""None"", ""Audio Chip"": ""High Definition (HD) Audio, Realtek® ALC3287 codec"", ""Speakers"": ""Stereo speakers, 2W x2, optimized with Nahimic Gaming Audio"", ""Camera"": ""HD 720p with E-shutter"", ""Microphone"": ""2x, Array"", ""Battery"": ""Integrated 60Wh"", ""Power Adapter"": ""170W Slim Tip (3-pin)"", ""Special Features"": ""AI Chip: LA1"", ""Display"": ""15.6\"" FHD (1920x1080) IPS 300nits Anti-glare, 100% sRGB, 144Hz, G-SYNC®"", ""Touchscreen"": ""None"", ""Color Calibration"": ""None"", ""Keyboard"": ""White Backlit, English (EU)"", ""Case Color"": ""Luna Grey"", ""Surface Treatment"": ""Painting"", ""Case Material"": ""PC-ABS (Top), PC-ABS (Bottom)"", ""Dimensions (WxDxH)"": ""359.86 x 258.7 x 21.9-23.9 mm (14.17 x 10.19 x 0.86-0.94 inches)"", ""Weight"": ""Starting at 2.38 kg (5.25 lbs)"", ""Operating System"": ""Windows® 11 Home, Traditional Chinese / Simplified Chinese / English"", ""Bundled Software"": ""Office Trial"", ""Ethernet"": ""100/1000M (RJ-45)"", ""WLAN + Bluetooth"": ""Wi-Fi® 6, 11ax 2x2 + BT5.1"", ""Standard Ports"": ""3x USB-A (USB 5Gbps / USB 3.2 Gen 1) 1x USB-C® (USB 10Gbps / USB 3.2 Gen 2), with Lenovo® PD 140W and DisplayPort™ 1.4 1x HDMI® 2.1, up to 8K/60Hz 1x Headphone / microphone combo jack (3.5mm) 1x Ethernet (RJ-45) 1x Power connector"", ""Security Chip"": ""Firmware TPM 2.0 Enabled"", ""Fingerprint Reader"": ""None"", ""Other Security"": ""E-shutter"", ""Base Warranty"": ""1-year, Courier or Carry-in"", ""Bundled Accessories"": ""None""}"
https://hexxone.com/laptops-by-brand/lenovo/lenovo-loq-15-gaming-laptop-2024-intel-core-i7-13650hx-rtx-4050-16gb-ram-512gb-ssd-156-inch-fhd-1920x1080144hz-display-1-year-warranty-in-nepal?limit=30,Lenovo LOQ 15 Gaming Laptop 2024 Intel Core i7 13650HX - RTX 4050 - 16GB RAM - 512GB SSD - 15.6-inch FHD (1920x1080)144Hz display - 1 Year Warranty in Nepal,"NPR 162,500.00",Availability: Out Of Stock,"Model :  Lenovo LOQ15 (15IRX9) Gaming Laptop 2024 | Processor : Intel Core i7 13650HX | RAM : 16GB SO-DIMM DDR5-5200 | Storage : 512GB SSD | Display : 15.6"" FHD (1920X1080) 144Hz display | Graphic : NVIDIA® GeForce RTX™ 4050 6GB GDDR6 | Keyboard : White Backlight | Warranty : 1 Year Warranty","{""Brand"": ""Lenovo"", ""Series"": ""LOQ Series"", ""Type"": ""Gaming Laptop"", ""Processor"": ""Intel® Core™ i7-13650HX, 14C (6P + 8E) / 20T, P-core 2.6 / 4.9GHz, E-core 1.9 / 3.6GHz, 24MB"", ""Graphics"": ""NVIDIA® GeForce RTX™ 4050 6GB GDDR6, Boost Clock 2370MHz, TGP 105W"", ""Chipset"": ""Intel® HM770 Chipset"", ""Memory"": ""1x 16GB SO-DIMM DDR5-4800"", ""Memory Slots"": ""Two DDR5 SO-DIMM slots, dual-channel capable"", ""Max Memory"": ""Up to 32GB DDR5-4800 offering"", ""Storage"": ""512GB SSD M.2 2242 PCIe® 4.0x4 NVMe®"", ""Storage Support"": ""Up to two drives, 2x M.2 SSD • M.2 2242 SSD up to 1TB"", ""Storage Slot"": ""Two M.2 slots • One M.2 2242 PCIe® 4.0 x4 slot • One M.2 2280 PCIe 4.0 x4 slot"", ""Card Reader"": ""None"", ""Optical"": ""None"", ""Audio Chip"": ""High Definition (HD) Audio, Realtek® ALC3287 codec"", ""Speakers"": ""Stereo speakers, 2W x2, optimized with Nahimic Gaming Audio"", ""Camera"": ""HD 720p with E-shutter"", ""Microphone"": ""2x, Array"", ""Battery"": ""Integrated 60Wh"", ""Power Adapter"": ""170W Slim Tip (3-pin)"", ""Special Features"": ""AI Chip: LA1"", ""Display"": ""15.6\"" FHD (1920x1080) IPS 300nits Anti-glare, 100% sRGB, 144Hz, G-SYNC®"", ""Touchscreen"": ""None"", ""Color Calibration"": ""None"", ""Keyboard"": ""White Backlit, English (EU)"", ""Case Color"": ""Luna Grey"", ""Surface Treatment"": ""Painting"", ""Case Material"": ""PC-ABS (Top), PC-ABS (Bottom)"", ""Dimensions (WxDxH)"": ""359.86 x 258.7 x 21.9-23.9 mm (14.17 x 10.19 x 0.86-0.94 inches)"", ""Weight"": ""Starting at 2.38 kg (5.25 lbs)"", ""Operating System"": ""Windows® 11 Home, Traditional Chinese / Simplified Chinese / English"", ""Bundled Software"": ""Office Trial"", ""Ethernet"": ""100/1000M (RJ-45)"", ""WLAN + Bluetooth"": ""Wi-Fi® 6, 11ax 2x2 + BT5.1"", ""Standard Ports"": ""3x USB-A (USB 5Gbps / USB 3.2 Gen 1) 1x USB-C® (USB 10Gbps / USB 3.2 Gen 2), with Lenovo® PD 140W and DisplayPort™ 1.4 1x HDMI® 2.1, up to 8K/60Hz 1x Headphone / microphone combo jack (3.5mm) 1x Ethernet (RJ-45) 1x Power connector"", ""Security Chip"": ""Firmware TPM 2.0 Enabled"", ""Fingerprint Reader"": ""None"", ""Other Security"": ""E-shutter"", ""Base Warranty"": ""1-year, Courier or Carry-in"", ""Bundled Accessories"": ""None""}"
https://hexxone.com/laptops-by-brand/lenovo/lenovo-loq-gaming-laptop-2023-amd-ryzen-5-7235hs-rtx-3050-12-gb-ram-512gb-ssd-156-inch-fhd-144hz-display-1-year-warranty-in-nepal?limit=30,Lenovo LOQ Gaming Laptop 2023 AMD Ryzen 5 7235HS - RTX 3050 - 12 GB RAM - 512GB SSD - 15.6-inch FHD 144Hz display - 1 Year Warranty in Nepal,"NPR 116,500.00",Availability: Out Of Stock,"Model :  Lenovo LOQ Gaming Laptop 2023 | Processor : AMD Ryzen™ 5 7235HS | RAM : 12 GB SO-DIMM DDR5-5600 | Storage : 512GB SSD | Display : 15.6"" FHD (1920x1080) IPS 350nits, 144Hz | Graphic : NVIDIA® GeForce RTX™ 3050 8GB GDDR6 | Warranty : 1 Year Warranty","{""Brand"": ""Lenovo"", ""Series"": ""LOQ Series"", ""Type"": ""Gaming Laptop"", ""Processor"": ""AMD Ryzen™ 5 7235HS (4C / 8T, 3.2 / 4.2GHz, 2MB L2 / 8MB L3)"", ""Graphics"": ""NVIDIA® GeForce RTX™ 3050 6GB GDDR6, Boost Clock 1732MHz, TGP 95W"", ""Chipset"": ""AMD SoC Platform"", ""Memory"": ""1x 12GB SO-DIMM DDR5-5600"", ""Memory Slots"": ""Two DDR5 SO-DIMM slots, dual-channel capable"", ""Max Memory"": ""Up to 16GB DDR5-5600 offering"", ""Storage"": ""512GB SSD M.2 2242 PCIe® 4.0x4 NVMe®"", ""Storage Support"": ""Up to two drives, 2x M.2 SSD • M.2 2242 SSD up to 1TB"", ""Storage Slot"": ""Two M.2 slots • One M.2 2242 PCIe® 4.0 x4 slot • One M.2 2280 PCIe 4.0 x4 slot"", ""Card Reader"": ""None"", ""Optical"": ""None"", ""Audio Chip"": ""High Definition (HD) Audio, Realtek® ALC3287 codec"", ""Speakers"": ""Stereo speakers, 2W x2, optimized with Nahimic Gaming Audio"", ""Camera"": ""FHD 1080p with E-shutter"", ""Microphone"": ""2x, Array"", ""Battery"": ""Integrated 60Wh"", ""Power Adapter"": ""230W Slim Tip (3-pin)"", ""Special Features"": ""AI Chip: LA1"", ""Display"": ""15.6\"" FHD (1920x1080) IPS 350nits Anti-glare, 45% NTSC, 144Hz, G-SYNC®, FreeSync™"", ""Touchscreen"": ""None"", ""Color Calibration"": ""None"", ""Keyboard"": ""White Backlit, English (US)"", ""Case Color"": ""Storm Grey"", ""Surface Treatment"": ""Painting"", ""Case Material"": ""PC-ABS (Top), PC-ABS (Bottom)"", ""Dimensions (WxDxH)"": ""359.6 x 264.8 x 22.1-25.2 mm (14.16 x 10.43 x 0.87-0.99 inches)"", ""Weight"": ""Starting at 2.4 kg (5.29 lbs)"", ""Operating System"": ""Windows® 11 Home, English"", ""Bundled Software"": ""Office Trial"", ""Ethernet"": ""100/1000M (RJ-45)"", ""WLAN + Bluetooth"": ""Wi-Fi® 6, 11ax 2x2 + BT5.1"", ""Standard Ports"": ""1x USB 2.0 2x USB 3.2 Gen 2 1x USB-C® 3.2 Gen 2 (support data transfer, Power Delivery 140W and DisplayPort™ 1.4) 1x HDMI® 2.1, up to 8K/60Hz 1x Ethernet (RJ-45) 1x Headphone / microphone combo jack (3.5mm) 1x Power connector"", ""Security Chip"": ""Firmware TPM 2.0 Enabled"", ""Fingerprint Reader"": ""None"", ""Other Security"": ""E-shutter"", ""Base Warranty"": ""1-year"", ""Included Upgrade"": ""None"", ""Bundled Accessories"": ""None"", ""Green Certifications"": ""ErP Lot 6 ErP Lot 26 RoHS compliant""}"
https://hexxone.com/laptops-by-brand/lenovo/lenovo-loq-gaming-laptop-2023-amd-ryzen-7-7435hs-rtx-4050-24-gb-ram-512gb-ssd-156-inch-fhd-144hz-display-1-year-warranty-in-nepal?limit=30,Lenovo LOQ Gaming Laptop 2023 AMD Ryzen 7 7435HS - RTX 4050 - 24 GB RAM - 512GB SSD - 15.6-inch FHD 144Hz display - 1 Year Warranty in Nepal,"NPR 154,500.00",Availability: Out Of Stock,"Model :  Lenovo LOQ Gaming Laptop 2023 | Processor : AMD Ryzen™ 7 7435HS | RAM : 24 GB SO-DIMM DDR5-5600 | Storage : 512GB SSD | Display : 15.6"" FHD (1920x1080) IPS 350nits, 144Hz | Graphic : NVIDIA® GeForce RTX™ 4050 8GB GDDR6 | Warranty : 1 Year Warranty","{""Brand"": ""Lenovo"", ""Series"": ""LOQ Series"", ""Type"": ""Gaming Laptop"", ""Processor"": ""AMD Ryzen™ 7 7435HS with 8-cores, 16-threads, 16MB L3 Cache and up to 4.5GHz Max Frequency"", ""Graphics"": ""NVIDIA® GeForce RTX™ 4050 8GB GDDR6, Boost Clock 2370MHz, TGP 115W"", ""Chipset"": ""AMD SoC Platform"", ""Memory"": ""2x 16GB SO-DIMM DDR5-5600"", ""Memory Slots"": ""Two DDR5 SO-DIMM slots, dual-channel capable"", ""Max Memory"": ""Up to 16GB DDR5-5600 offering"", ""Storage"": ""512GB SSD M.2 2242 PCIe® 4.0x4 NVMe®"", ""Storage Support"": ""Up to two drives, 2x M.2 SSD • M.2 2242 SSD up to 1TB"", ""Storage Slot"": ""Two M.2 slots • One M.2 2242 PCIe® 4.0 x4 slot • One M.2 2280 PCIe 4.0 x4 slot"", ""Card Reader"": ""None"", ""Optical"": ""None"", ""Audio Chip"": ""High Definition (HD) Audio, Realtek® ALC3287 codec"", ""Speakers"": ""Stereo speakers, 2W x2, optimized with Nahimic Gaming Audio"", ""Camera"": ""FHD 1080p with E-shutter"", ""Microphone"": ""2x, Array"", ""Battery"": ""Integrated 60Wh"", ""Power Adapter"": ""230W Slim Tip (3-pin)"", ""Special Features"": ""AI Chip: LA1"", ""Display"": ""15.6\"" FHD (1920x1080) IPS 350nits Anti-glare, 45% NTSC, 144Hz, G-SYNC®, FreeSync™"", ""Touchscreen"": ""None"", ""Color Calibration"": ""None"", ""Keyboard"": ""White Backlit, English (US)"", ""Case Color"": ""Storm Grey"", ""Surface Treatment"": ""Painting"", ""Case Material"": ""PC-ABS (Top), PC-ABS (Bottom)"", ""Dimensions (WxDxH)"": ""359.6 x 264.8 x 22.1-25.2 mm (14.16 x 10.43 x 0.87-0.99 inches)"", ""Weight"": ""Starting at 2.4 kg (5.29 lbs)"", ""Operating System"": ""Windows® 11 Home, English"", ""Bundled Software"": ""Office Trial"", ""Ethernet"": ""100/1000M (RJ-45)"", ""WLAN + Bluetooth"": ""Wi-Fi® 6, 11ax 2x2 + BT5.1"", ""Standard Ports"": ""1x USB 2.0 2x USB 3.2 Gen 2 1x USB-C® 3.2 Gen 2 (support data transfer, Power Delivery 140W and DisplayPort™ 1.4) 1x HDMI® 2.1, up to 8K/60Hz 1x Ethernet (RJ-45) 1x Headphone / microphone combo jack (3.5mm) 1x Power connector"", ""Security Chip"": ""Firmware TPM 2.0 Enabled"", ""Fingerprint Reader"": ""None"", ""Other Security"": ""E-shutter"", ""Base Warranty"": ""1-year"", ""Included Upgrade"": ""None"", ""Bundled Accessories"": ""None"", ""Green Certifications"": ""ErP Lot 6 ErP Lot 26 RoHS compliant""}"
https://hexxone.com/laptops-by-brand/lenovo/lenovo-loq-gaming-laptop-2023-amd-ryzen-7-7435hs-rtx-4060-24gb-ram-512gb-ssd-156-inch-fhd-144hz-display-1-year-warranty-in-nepal?limit=30,Lenovo LOQ Gaming Laptop 2023 AMD Ryzen 7 7435HS - RTX 4060 - 24GB RAM - 512GB SSD - 15.6-inch FHD 144Hz display - 1 Year Warranty in Nepal,"NPR 168,500.00",Availability: Out Of Stock,"Model :  Lenovo LOQ Gaming Laptop 2023 | Processor : AMD Ryzen™ 7 7435HS | RAM : 24GB SO-DIMM DDR5-5600 | Storage : 512GB SSD | Display : 15.6"" FHD (1920x1080) IPS 350nits, 144Hz | Graphic : NVIDIA® GeForce RTX™ 4060 8GB GDDR6 | Warranty : 1 Year Warranty","{""Brand"": ""Lenovo"", ""Series"": ""LOQ Series"", ""Type"": ""Gaming Laptop"", ""Processor"": ""AMD Ryzen™ 7 7435HS with 8-cores, 16-threads, 16MB L3 Cache and up to 4.5GHz Max Frequency"", ""Graphics"": ""NVIDIA® GeForce RTX™ 4060 8GB GDDR6, Boost Clock 2370MHz, TGP 115W"", ""Chipset"": ""AMD SoC Platform"", ""Memory"": ""2x 12GB SO-DIMM DDR5-5600"", ""Memory Slots"": ""Two DDR5 SO-DIMM slots, dual-channel capable"", ""Max Memory"": ""Up to 16GB DDR5-5600 offering"", ""Storage"": ""512GB SSD M.2 2242 PCIe® 4.0x4 NVMe®"", ""Storage Support"": ""Up to two drives, 2x M.2 SSD • M.2 2242 SSD up to 1TB"", ""Storage Slot"": ""Two M.2 slots • One M.2 2242 PCIe® 4.0 x4 slot • One M.2 2280 PCIe 4.0 x4 slot"", ""Card Reader"": ""None"", ""Optical"": ""None"", ""Audio Chip"": ""High Definition (HD) Audio, Realtek® ALC3287 codec"", ""Speakers"": ""Stereo speakers, 2W x2, optimized with Nahimic Gaming Audio"", ""Camera"": ""FHD 1080p with E-shutter"", ""Microphone"": ""2x, Array"", ""Battery"": ""Integrated 60Wh"", ""Power Adapter"": ""230W Slim Tip (3-pin)"", ""Special Features"": ""AI Chip: LA1"", ""Display"": ""15.6\"" FHD (1920x1080) IPS 350nits Anti-glare, 45% NTSC, 144Hz, G-SYNC®, FreeSync™"", ""Touchscreen"": ""None"", ""Color Calibration"": ""None"", ""Keyboard"": ""White Backlit, English (US)"", ""Case Color"": ""Storm Grey"", ""Surface Treatment"": ""Painting"", ""Case Material"": ""PC-ABS (Top), PC-ABS (Bottom)"", ""Dimensions (WxDxH)"": ""359.6 x 264.8 x 22.1-25.2 mm (14.16 x 10.43 x 0.87-0.99 inches)"", ""Weight"": ""Starting at 2.4 kg (5.29 lbs)"", ""Operating System"": ""Windows® 11 Home, English"", ""Bundled Software"": ""Office Trial"", ""Ethernet"": ""100/1000M (RJ-45)"", ""WLAN + Bluetooth"": ""Wi-Fi® 6, 11ax 2x2 + BT5.1"", ""Standard Ports"": ""1x USB 2.0 2x USB 3.2 Gen 2 1x USB-C® 3.2 Gen 2 (support data transfer, Power Delivery 140W and DisplayPort™ 1.4) 1x HDMI® 2.1, up to 8K/60Hz 1x Ethernet (RJ-45) 1x Headphone / microphone combo jack (3.5mm) 1x Power connector"", ""Security Chip"": ""Firmware TPM 2.0 Enabled"", ""Fingerprint Reader"": ""None"", ""Other Security"": ""E-shutter"", ""Base Warranty"": ""1-year"", ""Included Upgrade"": ""None"", ""Bundled Accessories"": ""None"", ""Green Certifications"": ""ErP Lot 6 ErP Lot 26 RoHS compliant""}"
https://hexxone.com/laptops-by-brand/lenovo/lenovo-loq-gaming-laptop-2024-intel-core-i5-12450hx-rtx-2050-8gb-ram-512gb-ssd-156-inch-fhd-1920x1080144hz-display-1-year-warranty-in-nepal?limit=30,Lenovo LOQ Gaming Laptop 2024 Intel Core i5 12450HX - RTX 2050 - 8GB RAM - 512GB SSD - 15.6-inch FHD (1920x1080)144Hz display - 1 Year Warranty in Nepal,"NPR 98,500.00",Availability: Out Of Stock,"Model :  Lenovo LOQ 15 (15LAX9) Gaming Laptop 2024 | Processor : Intel Core i5 12450HX | RAM : 8GB SO-DIMM DDR5-4800 | Storage : 512GB SSD | Display : 15.6"" FHD (1920X1080) 144Hz display | Graphic : NVIDIA® GeForce RTX™ 2050 4GB GDDR6 | Warranty : 1 Year Warranty","{""Processor"": ""Intel® Core™ i5-12450HX, 8C (4P + 4E) / 12T, P-core up to 4.4GHz, E-core up to 3.1GHz, 12MB"", ""Graphics"": ""NVIDIA® GeForce RTX™ 2050 4GB GDDR6, Boost Clock 1575MHz, TGP 65W"", ""Chipset"": ""Intel® HM670 Chipset"", ""Memory"": ""1x 8GB SO-DIMM DDR5-4800"", ""Memory Slots"": ""Two DDR5 SO-DIMM slots, dual-channel capable"", ""Max Memory"": ""Up to 32GB DDR5-4800"", ""Storage"": ""512GB SSD M.2 2242 PCIe® 4.0x4 NVMe®"", ""Storage Support"": ""Up to two drives, 2x M.2 SSD • M.2 2242 SSD up to 1TB"", ""Storage Slot"": ""Two M.2 2280 PCIe® 4.0 x4 slots"", ""Card Reader"": ""None"", ""Optical"": ""None"", ""Audio Chip"": ""High Definition (HD) Audio, Realtek® ALC3287 codec"", ""Speakers"": ""Stereo speakers, 2W x2, optimized with Nahimic Audio"", ""Camera"": ""HD 720p with E-shutter"", ""Microphone"": ""2x, Array"", ""Battery"": ""Integrated 60Wh"", ""Power Adapter"": ""135W Slim Tip (3-pin)"", ""Special Features"": ""AI Chip: LA1"", ""Display"": ""15.6\"" FHD (1920x1080) IPS 300nits Anti-glare, 100% sRGB, 144Hz, G-SYNC®"", ""Touchscreen"": ""None"", ""Color Calibration"": ""None"", ""Keyboard"": ""White Backlit, English (EU)"", ""Touchpad"": ""Buttonless Mylar® surface multi-touch touchpad, supports Precision TouchPad (PTP), 75 x 120 mm (2.95 x 4.72 inches)"", ""Case Color"": ""Luna Grey"", ""Surface Treatment"": ""Painting"", ""Case Material"": ""PC-ABS (Top), PC-ABS (Bottom)"", ""Dimensions (WxDxH)"": ""359.86 x 258.7 x 21.9-23.9 mm (14.17 x 10.19 x 0.86-0.94 inches)"", ""Weight"": ""Starting at 2.38 kg (5.25 lbs)"", ""Operating System"": ""Windows® 11 Home Single Language, English"", ""Bundled Software"": ""Office Trial"", ""Ethernet"": ""Integrated 100/1000M"", ""WLAN + Bluetooth"": ""Wi-Fi® 6, 11ax 2x2 + BT5.2"", ""Standard Ports"": ""3x USB-A (USB 5Gbps / USB 3.2 Gen 1) 1x USB-C® (USB 10Gbps / USB 3.2 Gen 2), with Lenovo® PD 140W and DisplayPort™ 1.4 1x HDMI® 2.1, up to 8K/60Hz 1x Headphone / microphone combo jack (3.5mm) 1x Ethernet (RJ-45) 1x Power connector"", ""Docking"": ""Various docking solutions supported via USB-C®. For more compatible docking solutions, please visit Docking for LOQ 15IAX9"", ""Security Chip"": ""Firmware TPM 2.0 Enabled"", ""Fingerprint Reader"": ""None"", ""Other Security"": ""E-shutter"", ""Base Warranty"": ""1-year, Courier or Carry-in"", ""Included Upgrade"": ""None"", ""Bundled Accessories"": ""None"", ""Green Certifications"": ""ErP Lot 3 RoHS compliant"", ""Other Certifications"": ""TÜV Rheinland® Low Blue Light (Software Solution)"", ""Mil-Spec Test"": ""MIL-STD-810H military test passed""}"
https://hexxone.com/laptops-by-brand/lenovo/lenovo-loq-gaming-laptop-2024-intel-core-i5-12450hx-rtx-3050-16gb-ram-512gb-ssd-156-inch-fhd-1920x1080144hz-display-1-year-warranty-in-nepal?limit=30,Lenovo LOQ Gaming Laptop 2024 Intel Core i5 12450HX - RTX 3050 - 16GB RAM - 512GB SSD - 15.6-inch FHD (1920x1080)144Hz display - 1 Year Warranty in Nepal,"NPR 118,500.00",Availability: Out Of Stock,"Model :  Lenovo LOQ 15 (15LAX9) Gaming Laptop 2024 | Processor : Intel Core i5 12450HX | RAM : 16GB SO-DIMM DDR5-4800 | Storage : 512GB SSD | Display : 15.6"" FHD (1920X1080) 144Hz display | Graphic : NVIDIA® GeForce RTX™ 3050 6GB GDDR6 | Warranty : 1 Year Warranty","{""Processor"": ""Intel® Core™ i5-12450HX, 8C (4P + 4E) / 12T, P-core up to 4.4GHz, E-core up to 3.1GHz, 12MB"", ""Graphics"": ""NVIDIA® GeForce RTX™ 3050 6GB GDDR6, Boost Clock 1732MHz, TGP 95W"", ""Chipset"": ""Intel® HM670 Chipset"", ""Memory"": ""2x 8GB SO-DIMM DDR5-4800"", ""Memory Slots"": ""Two DDR5 SO-DIMM slots, dual-channel capable"", ""Max Memory"": ""Up to 32GB DDR5-4800"", ""Storage"": ""512GB SSD M.2 2242 PCIe® 4.0x4 NVMe®"", ""Storage Support"": ""Up to two drives, 2x M.2 SSD • M.2 2242 SSD up to 1TB"", ""Storage Slot"": ""Two M.2 2280 PCIe® 4.0 x4 slots"", ""Card Reader"": ""None"", ""Optical"": ""None"", ""Audio Chip"": ""High Definition (HD) Audio, Realtek® ALC3287 codec"", ""Speakers"": ""Stereo speakers, 2W x2, optimized with Nahimic Audio"", ""Camera"": ""HD 720p with E-shutter"", ""Microphone"": ""2x, Array"", ""Battery"": ""Integrated 60Wh"", ""Power Adapter"": ""135W Slim Tip (3-pin)"", ""Special Features"": ""AI Chip: LA1"", ""Display"": ""15.6\"" FHD (1920x1080) IPS 300nits Anti-glare, 100% sRGB, 144Hz, G-SYNC®"", ""Touchscreen"": ""None"", ""Color Calibration"": ""None"", ""Keyboard"": ""White Backlit, English (EU)"", ""Touchpad"": ""Buttonless Mylar® surface multi-touch touchpad, supports Precision TouchPad (PTP), 75 x 120 mm (2.95 x 4.72 inches)"", ""Case Color"": ""Luna Grey"", ""Surface Treatment"": ""Painting"", ""Case Material"": ""PC-ABS (Top), PC-ABS (Bottom)"", ""Dimensions (WxDxH)"": ""359.86 x 258.7 x 21.9-23.9 mm (14.17 x 10.19 x 0.86-0.94 inches)"", ""Weight"": ""Starting at 2.38 kg (5.25 lbs)"", ""Operating System"": ""Windows® 11 Home Single Language, English"", ""Bundled Software"": ""Office Trial"", ""Ethernet"": ""Integrated 100/1000M"", ""WLAN + Bluetooth"": ""Wi-Fi® 6, 11ax 2x2 + BT5.2"", ""Standard Ports"": ""3x USB-A (USB 5Gbps / USB 3.2 Gen 1) 1x USB-C® (USB 10Gbps / USB 3.2 Gen 2), with Lenovo® PD 140W and DisplayPort™ 1.4 1x HDMI® 2.1, up to 8K/60Hz 1x Headphone / microphone combo jack (3.5mm) 1x Ethernet (RJ-45) 1x Power connector"", ""Docking"": ""Various docking solutions supported via USB-C®. For more compatible docking solutions, please visit Docking for LOQ 15IAX9"", ""Security Chip"": ""Firmware TPM 2.0 Enabled"", ""Fingerprint Reader"": ""None"", ""Other Security"": ""E-shutter"", ""Base Warranty"": ""1-year, Courier or Carry-in"", ""Included Upgrade"": ""None"", ""Bundled Accessories"": ""None"", ""Green Certifications"": ""ErP Lot 3 RoHS compliant"", ""Other Certifications"": ""TÜV Rheinland® Low Blue Light (Software Solution)"", ""Mil-Spec Test"": ""MIL-STD-810H military test passed""}"
https://hexxone.com/laptops-by-brand/lenovo/lenovo-thinkbook-14-gen-4-i5-1255u-16gb-ram-512gb-ssd-14-inch-fhd-display-backlight-keyboard-1-year-warranty-in-nepal?limit=30,Lenovo ThinkBook 14 Gen 4 i5-1255U - 16GB RAM - 512GB SSD - 14-inch FHD display - Backlight Keyboard - 1 Year Warranty in Nepal,"NPR 84,500.00",Availability: Out Of Stock,"Model : Lenovo ThinkBook 14 Gen 4 | Processor :  Intel Core i5-1255U processor | RAM : 16GB DDR4 MAX upto 40GB | Storage : 512GB SSD | Display : 14"" FHD (1920x1080) IPS 300nits | Graphic : Integrated Intel® Iris® Xe Graphics | Warranty : 1 Year Warranty","{""Brand"": ""Lenovo"", ""Series"": ""Thinkbook Series"", ""Type"": ""Ultrabook"", ""Processor"": ""Intel® Core™ i5-1235U, 10C (2P + 8E) / 12T, P-core 1.3 / 4.4GHz, E-core 0.9 / 3.3GHz, 12MB"", ""Graphics"": ""Integrated Intel® Iris® Xe Graphics Functions as UHD Graphics"", ""Chipset"": ""Intel® SoC Platform"", ""RAM"": ""16GB Soldered DDR4-3200"", ""Memory Slots"": ""One memory soldered to systemboard, one DDR4 SO-DIMM slot, dual-channel capable"", ""Max Memory"": ""Up to 40GB (8GB soldered + 32GB SO-DIMM) DDR4-3200"", ""Storage"": ""512GB SSD M.2 2242 PCIe® 4.0x4 NVMe®"", ""Storage Support"": ""Up to two drives, 2x M.2 SSD • M.2 2242 SSD up to 1TB • M.2 2280 SSD up to 1TB"", ""Storage Slot"": ""Two M.2 2280 PCIe® 4.0 x4 slots"", ""Card Reader"": ""SD Card Reader"", ""Optical"": ""None"", ""Audio Chip"": ""High Definition (HD) Audio, Realtek® ALC3287 codec"", ""Speakers"": ""Stereo speakers, 2W x2, Dolby® Audio™"", ""Web Camera (webcam)"": ""FHD 1080p with Privacy Shutter"", ""Microphone"": ""2x, Array"", ""Battery"": ""Integrated 45Wh"", ""Power Adapter"": ""65W USB-C® Slim (2-pin, Wall-mount)"", ""Display"": ""14\"" FHD (1920x1080) IPS 300nits Anti-glare, 45% NTSC"", ""Touchscreen"": ""None"", ""Keyboard"": ""Backlit, English (UK)"", ""Case Color"": ""Mineral Grey"", ""Surface Treatment"": ""Anodizing Sandblasting"", ""Case Material"": ""Aluminium (Top), Aluminium (Bottom)"", ""Dimensions (WxDxH)"": ""323 x 218 x 17.9 mm (12.72 x 8.58 x 0.7 inches)"", ""Weight"": ""Starting at 1.4 kg (3.09 lbs)"", ""Operating System"": ""Windows® 11 Pro, Arabic / English"", ""Bundled Software"": ""Office Trial"", ""Ethernet"": ""100/1000M (RJ-45)"", ""WLAN + Bluetooth"": ""Wi-Fi® 6, 11ax 2x2 + BT5.1"", ""Standard Ports"": ""1x Card reader 1x Ethernet (RJ-45) 1x HDMI® 2.1, up to 4K/60Hz 1x Headphone / microphone combo jack (3.5mm) 1x Thunderbolt™ 4 / USB4® 40Gbps (support data transfer, Power Delivery 3.0 and DisplayPort™ 1.4) 1x USB 3.2 Gen 1 1x USB 3.2 Gen 1 (Always On) 1x USB-C® 3.2 Gen 2 (support data transfer, Power Delivery 3.0 and DisplayPort™ 1.4)"", ""Docking"": ""Various docking solutions supported via Thunderbolt™ or USB-C®. For more compatible docking solutions, please visit Docking for ThinkBook 14 G4 IAP"", ""Security Chip"": ""Firmware TPM 2.0 Enabled"", ""Fingerprint Reader"": ""Touch Style, Integrated in Power Button"", ""Physical Locks"": ""Kensington® Nano Security Slot™, 2.5 x 6 mm"", ""Other Security"": ""Camera privacy shutter"", ""System Management"": ""Non-vPro®"", ""Base Warranty"": ""1-year,"", ""Included Upgrade"": ""None"", ""Bundled Accessories"": ""None"", ""Green Certifications"": ""ENERGY STAR® 8.0 EPEAT™ Gold Registered ErP Lot 26 ErP Lot 6 RoHS compliant"", ""Other Certifications"": ""TÜV Rheinland® Low Blue Light (Software Solution)"", ""Mil-Spec Test"": ""MIL-STD-810H military test passed""}"
https://hexxone.com/laptops-by-brand/lenovo/lenovo-thinkbook-14-gen-4-i7-12th-gen-16gb-ram-512gb-ssd-14-inch-fhd-display-backlight-keyboard?limit=30,Lenovo ThinkBook 14 Gen 4 i7 12th Gen - 16GB RAM - 512GB SSD - 14-inch FHD display - Backlight Keyboard,"NPR 116,500.00",Availability: Out Of Stock,"Model : Lenovo ThinkBook 14 Gen 4 | Processor :  Intel Core i7-1255U processor | RAM : 16GB DDR4 MAX upto 40GB | Storage : 512GB SSD | Display : 14"" FHD (1920x1080) IPS 300nits | Graphic : Integrated Intel® Iris® Xe Graphics | Warranty : 1 Year Warranty","{""Brand"": ""Lenovo"", ""Series"": ""Thinkbook Series"", ""Type"": ""Ultrabook"", ""Processor"": ""Intel® Core™ i7-1255U, 10C (2P + 8E) / 12T, P-core 1.7 / 4.7GHz, E-core 1.2 / 3.5GHz, 12MB"", ""Graphics"": ""Integrated Intel® Iris® Xe Graphics"", ""Chipset"": ""Intel® SoC Platform"", ""RAM"": ""8GB Soldered DDR4-3200 + 8GB SO-DIMM DDR4-3200"", ""Memory Slots"": ""One memory soldered to systemboard, one DDR4 SO-DIMM slot, dual-channel capable"", ""Max Memory"": ""Up to 40GB (8GB soldered + 32GB SO-DIMM) DDR4-3200"", ""Storage"": ""512GB SSD M.2 2280 PCIe® 4.0x4 NVMe®"", ""Storage Support"": ""Up to two drives, 2x M.2 SSD • M.2 2242 SSD up to 1TB • M.2 2280 SSD up to 1TB"", ""Storage Slot"": ""Two M.2 2280 PCIe® 4.0 x4 slots"", ""Card Reader"": ""4-in-1 Card Reader"", ""Optical"": ""None"", ""Audio Chip"": ""High Definition (HD) Audio, Realtek® ALC3287 codec"", ""Speakers"": ""Stereo speakers, 2W x2, Dolby® Audio™"", ""Web Camera (webcam)"": ""FHD 1080p with Privacy Shutter"", ""Microphone"": ""2x, Array"", ""Battery"": ""Integrated 60Wh"", ""Max Battery Life"": ""Models with 60Wh battery: MobileMark® 2018: 8 hr Local video (1080p) playback@150nits: 11 hr"", ""Power Adapter"": ""65W USB-C® (3-pin)"", ""Display"": ""14\"" FHD (1920x1080) IPS 300nits Anti-glare, 45% NTSC"", ""Touchscreen"": ""None"", ""Keyboard"": ""Backlit, English"", ""Case Color"": ""Mineral Grey"", ""Surface Treatment"": ""Anodizing Sandblasting"", ""Case Material"": ""Aluminium (Top), Aluminium (Bottom)"", ""Dimensions (WxDxH)"": ""323 x 218 x 17.9 mm (12.72 x 8.58 x 0.7 inches)"", ""Weight"": ""Starting at 1.4 kg (3.09 lbs)"", ""Operating System"": ""Windows® 11 DG Windows 10 Pro 64, Traditional Chinese / Simplified Chinese / English"", ""Bundled Software"": ""Office Trial"", ""Ethernet"": ""100/1000M (RJ-45)"", ""WLAN + Bluetooth"": ""Wi-Fi® 6E, 11ax 2x2 + BT5.1"", ""Standard Ports"": ""1x USB 3.2 Gen 1 1x USB 3.2 Gen 1 (Always On) 1x USB-C® 3.2 Gen 2 (support data transfer, Power Delivery 3.0 and DisplayPort™ 1.4) 1x Thunderbolt™ 4 / USB4® 40Gbps (support data transfer, Power Delivery 3.0 and DisplayPort™ 1.4) 1x HDMI® 2.1, up to 4K/60Hz 1x Card reader 1x Ethernet (RJ-45) 1x Headphone / microphone combo jack (3.5mm)"", ""Docking"": ""Various docking solutions supported via Thunderbolt™ or USB-C®. For more compatible docking solutions, please visit Docking for ThinkBook 14 G4 IAP"", ""Security Chip"": ""Firmware TPM 2.0 Enabled"", ""Fingerprint Reader"": ""Touch Style, Integrated in Power Button"", ""Physical Locks"": ""Kensington® Nano Security Slot™, 2.5 x 6 mm"", ""Other Security"": ""Camera privacy shutter"", ""System Management"": ""Non-vPro®"", ""Base Warranty"": ""1-year, Courier"", ""Bundled Accessories"": ""None"", ""Green Certifications"": ""ENERGY STAR® 8.0 EPEAT™ Gold Registered ErP Lot 6 ErP Lot 26 RoHS compliant"", ""Other Certifications"": ""TÜV Rheinland® Low Blue Light (Software Solution)"", ""Mil-Spec Test"": ""MIL-STD-810H military test passed""}"
https://hexxone.com/laptops-by-brand/lenovo/lenovo-thinkbook-14-gen-6-i7-13th-gen-16gb-ram-512gb-ssd-14-inch-fhd-display-backlight-keyboard?limit=30,Lenovo ThinkBook 14 Gen 6 i7 13th Gen - 16GB RAM - 512GB SSD - 14-inch FHD display - Backlight Keyboard,"NPR 134,500.00",Availability: Out Of Stock,"Model : Lenovo ThinkBook 14 Gen 6 | Part No: 21KG008RHH | Processor :  Intel Core i7-1355U processor | RAM : 16GB DDR4 MAX upto 64GB | Storage : 512GB SSD | Display : 14"" FHD (1920x1080) IPS 300nits | Graphic : Integrated Intel® Iris® Xe Graphics | Warranty : 1 Year Warranty","{""Brand"": ""Lenovo"", ""Series"": ""Thinkbook Series"", ""Type"": ""Ultrabook"", ""Part No"": ""21KG008RHH"", ""Processor"": ""Intel® Core™ i7-1355U, 10C (2P + 8E) / 12T, P-core 1.7 / 5.0GHz, E-core 1.2 / 3.7GHz, 12MB"", ""Graphics"": ""Integrated Intel® Iris® Xe Graphics Functions as UHD Graphics"", ""Chipset"": ""Intel® SoC Platform"", ""RAM"": ""1x 16GB SO-DIMM DDR5-5200"", ""Memory Slots"": ""Two DDR5 SO-DIMM slots, dual-channel capable"", ""Max Memory"": ""Up to 64GB DDR5-5200"", ""Storage"": ""512GB SSD M.2 2242 PCIe® 4.0x4 NVMe®"", ""Storage Support"": ""Up to two drives, 2x M.2 SSD • M.2 2242 SSD up to 1TB • M.2 2280 SSD up to 2TB"", ""Storage Slot"": ""Two M.2 2280 PCIe® 4.0 x4 slots"", ""Card Reader"": ""SD Card Reader"", ""Optical"": ""None"", ""Audio Chip"": ""High Definition (HD) Audio, Realtek® ALC3287 codec"", ""Speakers"": ""Stereo speakers, 2W x2, Dolby® Audio™"", ""Web Camera (webcam)"": ""FHD 1080p with Privacy Shutter"", ""Microphone"": ""2x, Array"", ""Battery"": ""Integrated 60Wh"", ""Power Adapter"": ""65W USB-C® (3-pin)"", ""Special Features"": ""Modern Standby"", ""Display"": ""14\"" WUXGA (1920x1200) IPS 300nits Anti-glare, 45% NTSC"", ""Touchscreen"": ""None"", ""Keyboard"": ""Backlit, English"", ""Case Color"": ""Arctic Grey"", ""Surface Treatment"": ""Anodizing Sandblasting"", ""Case Material"": ""Aluminium (Top), Aluminium (Bottom)"", ""Dimensions (WxDxH)"": ""313.5 x 224 x 16.9 mm (12.34 x 8.82 x 0.67 inches)"", ""Weight"": ""Starting at 1.38 kg (3.04 lbs)"", ""Operating System"": ""Windows® 11 Pro, Traditional Chinese / Simplified Chinese / English"", ""Bundled Software"": ""Office Trial"", ""Ethernet"": ""100/1000M (RJ-45)"", ""WLAN + Bluetooth"": ""Wi-Fi® 6E, 11ax 2x2 + BT5.1"", ""Standard Ports"": ""1x Ethernet (RJ-45) 1x HDMI® 2.1, up to 4K/60Hz 1x Headphone / microphone combo jack (3.5mm) 1x SD card reader 1x Thunderbolt™ 4 / USB4® 40Gbps (support data transfer, Power Delivery 3.0 and DisplayPort™ 1.4) 1x USB 3.2 Gen 1 1x USB 3.2 Gen 1 (Always On) 1x USB-C® 3.2 Gen 2 (support data transfer, Power Delivery 3.0 and DisplayPort™ 1.4)"", ""Docking"": ""Various docking solutions supported via Thunderbolt™ or USB-C®. For more compatible docking solutions, please visit Docking for ThinkBook 14 G6 IRL"", ""Security Chip"": ""Firmware TPM 2.0 Enabled"", ""Fingerprint Reader"": ""Touch Style, Integrated in Power Button"", ""Physical Locks"": ""Kensington® Nano Security Slot™, 2.5 x 6 mm"", ""Other Security"": ""Camera privacy shutter"", ""System Management"": ""Non-vPro®"", ""Base Warranty"": ""1-year, Courier or Carry-in"", ""Included Upgrade"": ""3Y Onsite upgrade from 1Y Courier/Carry-in"", ""Bundled Accessories"": ""None"", ""Green Certifications"": ""ENERGY STAR® 8.0 EPEAT™ Gold Registered ErP Lot 26 ErP Lot 6 FSC certified package RoHS compliant TCO Certified 9.0"", ""Other Certifications"": ""TÜV Rheinland® Low Blue Light (Software Solution)"", ""Mil-Spec Test"": ""MIL-STD-810H military test passed""}"
https://hexxone.com/laptops-by-brand/lenovo/lenovo-thinkbook-15-gen-2-i5-11th-gen-8gb-ram-512gb-14-inch-fhd-display-in-nepal?limit=30,Lenovo ThinkBook 15 Gen 2 i5 11th Gen - 8GB RAM - 512GB - 14-inch FHD display in Nepal,"NPR 71,500.00",Availability: Out Of Stock,"Model: Lenovo ThinkBook 15 Gen 2 | Processor: 11the Gen Intel Core i5-1135G7 | RAM: 8GB DDR4-3200 | Storage: 512 GB SSD | Display: 14"" FHD IPS 250nits Anti-glare, 45% NTSC | Graphic: Integrated Intel Iris Xe Graphics | Warranty: 1 Year Warranty","{""Processor"": ""Intel Core i5-1135G7 (4C / 8T, 2.4 / 4.2GHz, 8MB)"", ""Graphics"": ""Integrated Intel Iris Xe Graphics functions as UHD Graphics"", ""Chipset"": ""Intel SoC Platform"", ""Memory"": ""8GB DDR4-3200"", ""Memory Slots"": ""One memory soldered to system board, one DDR4 SO-DIMM slot, dual-channel capable"", ""Max Memory"": ""Up to 40GB (8GB soldered + 32GB SO-DIMM) DDR4-3200"", ""Storage"": ""512GB SSD M.2 2242 PCIe 3.0x4 NVMe + 1TB HDD 7200rpm 2.5\"""", ""Storage Support"": ""HDD/SSD mode: up to two drives, 1x 2.5\"" HDD + 1x M.2 SSD • 2.5\"" HDD up to 2TB • M.2 2242 SSD up to 512GB • M.2 2280 SSD up to 1TB"", ""Card Reader"": ""4-in-1 Card Reader"", ""Optical"": ""None"", ""Audio Chip"": ""High Definition (HD) Audio, Realtek ALC3287 codec"", ""Speakers"": ""Stereo speakers, 2W x2, Dolby Audio"", ""Camera"": ""720p with Privacy Shutter"", ""Microphone"": ""2x, Array"", ""Battery"": ""Integrated 45Wh"", ""Max Battery Life"": ""MobileMark 2018: 6 hr (45Wh)"", ""Power Adapter"": ""65W USB-C (3-pin)"", ""Display"": ""14\"" FHD (1920 x 1080 pixels) IPS 250nits Anti-glare, 45% NTSC"", ""Touchscreen"": ""None"", ""Keyboard"": ""Backlit, English"", ""Case Color"": ""Mineral Grey"", ""Surface Treatment"": ""Anodizing Sandblasting"", ""Case Material"": ""Aluminium (Top), Aluminium (Bottom)"", ""Dimensions (WxDxH)"": ""323 x 218 x 17.9 mm (12.72 x 8.58 x 0.7 inches)"", ""Weight"": ""1.4 kg (3.09 lbs)"", ""Operating System"": ""Windows 10 Home 64"", ""Bundled Software"": ""Office Trial"", ""Ethernet"": ""100/1000M"", ""WLAN + Bluetooth"": ""11ax, 2x2 + BT5.1"", ""Standard Ports"": ""1x HDMI 1.4b 1x USB 3.2 Gen 1 1x Headphone/microphone combo jack (3.5mm) 1x Card reader 1x Thunderbolt 4 / USB4 40Gbps (support data transfer, Power Delivery 3.0, and DisplayPort 1.4) 1x USB-C 3.2 Gen 2 (support data transfer, Power Delivery 3.0, and DisplayPort 1.4) 1x Ethernet (RJ-45) 1x USB 3.2 Gen 1 (Always On)"", ""Security Chip"": ""Firmware TPM 2.0"", ""Fingerprint Reader"": ""Touch Style"", ""Physical Locks"": ""Kensington Nano Security Slot"", ""Other Security"": ""Camera privacy shutter"", ""Base Warranty"": ""1-year,"", ""Green Certifications"": ""EPEAT Silver ErP Lot 3 RoHS compliant ENERGY STAR 8.0"", ""Other Certifications"": ""TÜV Rheinland Low Blue Light"", ""Mil-Spec Test"": ""MIL-STD-810H military test passed""}"
https://hexxone.com/laptops-by-brand/lenovo/lenovo-thinkbook-15-i5-10th-gen-8gb-ram-512gb-ssd-156-inch-fhd-display-in-nepal?limit=30,Lenovo ThinkBook 15 i5 10th Gen - 8GB RAM - 512GB SSD - 15.6-inch FHD display in Nepal,"NPR 58,500.00",Availability: Out Of Stock,"Model: Lenovo ThinkBook 15 | Processor: Intel® Core™ i5-1035G1 (4C / 8T, 1.0 / 3.6GHz, 6MB) | RAM: 8GB SO-DIMM DDR4-3200, Up to 32GB | Storage: 512GB SSD | Display: 15.6"" FHD (1920x1080) TN 220nits Anti-glare | Graphic: Integrated Intel® UHD Graphics | Warranty: 1 Year Warranty","{""Processor"": ""Intel® Core™ i5-1035G1 (4C / 8T, 1.0 / 3.6GHz, 6MB)"", ""Graphics"": ""Integrated Intel® UHD Graphics"", ""Chipset"": ""Intel® SoC Platform"", ""Memory"": ""1x8GB SO-DIMM DDR4-3200"", ""Memory Slots"": ""One DDR4 SO-DIMM slot"", ""Max Memory"": ""Up to 32GB DDR4-3200"", ""Storage"": ""Optional"", ""Storage Support"": ""Up to two drives, 1x 2.5\"" HDD + 1x M.2 2242/2280 SSD • 2.5\"" HDD up to 2TB • M.2 2280 SSD up to 1TB • M.2 2242 SSD up to 512GB • Optional Intel® Optane™ Memory integrated with SSD, M.2"", ""Card Reader"": ""4-in-1 Card Reader"", ""Optical"": ""None"", ""Audio Chip"": ""High Definition (HD) Audio, Realtek® ALC3287 codec"", ""Speakers"": ""Stereo speakers, 2W x2, Dolby Audio™"", ""Camera"": ""720p with ThinkShutter"", ""Microphone"": ""2x, Array"", ""Battery"": ""Integrated 45Wh"", ""Power Adapter"": ""65W Slim Tip"", ""Display"": ""15.6\"" FHD (1920x1080) TN 220nits Anti-glare"", ""Touchscreen"": ""None"", ""Keyboard"": ""Non-backlit, English (UK)"", ""Touchpad"": ""Buttonless Mylar® surface multi-touch touchpad"", ""Case Color"": ""Mineral Grey"", ""Surface Treatment"": ""Anodizing sandblasting"", ""Case Material"": ""Aluminium (Top), PC + ABS (Bottom)"", ""Dimensions (WxDxH)"": ""364 x 245 x 18.9 mm (14.33 x 9.65 x 0.74 inches)"", ""Weight"": ""1.8 kg (3.97 lbs)"", ""Operating System"": ""FreeDOS"", ""Bundled Software"": ""None"", ""Ethernet"": ""100/1000M"", ""WLAN + Bluetooth"": ""11ac, 2x2 + BT5.0"", ""Standard Ports"": ""1x USB-C® 3.1 Gen 1 1x USB 2.0 1x USB 3.1 Gen 1 1x USB 3.1 Gen 1 (Always On) 1x USB-C® 3.1 Gen 2 (support data transfer, Power Delivery and DisplayPort™) 1x HDMI® 1.4b 1x Headphone / microphone combo jack (3.5mm) 1x Ethernet (RJ-45) 1x Card reader 1x Power connector"", ""Security Chip"": ""Firmware TPM 2.0"", ""Fingerprint Reader"": ""Touch Style"", ""Physical Locks"": ""Kensington® Security Slot™"", ""Other Security"": ""ThinkShutter camera cover"", ""Base Warranty"": ""1-year, Depot"", ""Included Upgrade"": ""None"", ""Green Certifications"": ""ENERGY STAR® 8.0 EPEAT™ Silver Registered ErP Lot 3 RoHS compliant"", ""Mil-Spec Test"": ""MIL-STD-810G military test passed""}"
https://hexxone.com/laptops-by-brand/lenovo/lenovo-thinkbook-16-gen-6-intel-core-i7-1355u-16gb-ram-512gb-ssd-16-inch-fhd-display-backlight-keyboard?limit=30,Lenovo ThinkBook 16 Gen 6 Intel® Core i7-1355U - 16GB RAM - 512GB SSD - 16-inch FHD display - Backlight Keyboard,"NPR 128,500.00",Availability: Out Of Stock,"Model : Lenovo ThinkBook 16 Gen 6 | Part No: 21KH0099HH | Processor : Intel® Core™ i7-1355U | RAM : 1x 16GB SO-DIMM DDR4-3200, MAX upto 64GB | Storage : 512GB SSD | Display : 16"" FHD (1920x1080) IPS 300nits | Graphic : Integrated Intel® Iris® Xe Graphics Functions as UHD Graphics | Warranty : 1 Year Warranty","{""Processor"": ""Intel® Core™ i7-1355U, 10C (2P + 8E) / 12T, P-core 1.7 / 5.0GHz, E-core 1.2 / 3.7GHz, 12MB"", ""Graphics"": ""Integrated Intel® Iris® Xe Graphics Functions as UHD Graphics"", ""Chipset"": ""Intel® SoC Platform"", ""Memory"": ""1x 16GB SO-DIMM DDR5-5200"", ""Memory Slots"": ""Two DDR5 SO-DIMM slots, dual-channel capable"", ""Max Memory"": ""Up to 64GB DDR5-5200"", ""Storage"": ""512GB SSD M.2 2242 PCIe® 4.0x4 NVMe®"", ""Storage Support"": ""Up to two drives, 2x M.2 SSD • M.2 2242 SSD up to 1TB • M.2 2280 SSD up to 2TB"", ""Storage Slot"": ""Two M.2 2280 PCIe® 4.0 x4 slots"", ""Card Reader"": ""SD Card Reader"", ""Optical"": ""None"", ""Audio Chip"": ""High Definition (HD) Audio, Realtek® ALC3287 codec"", ""Speakers"": ""Stereo speakers, 2W x2, Dolby® Audio™"", ""Camera"": ""FHD 1080p with Privacy Shutter"", ""Microphone"": ""2x, Array"", ""Battery"": ""Integrated 71Wh"", ""Power Adapter"": ""65W USB-C® (3-pin)"", ""Special Features"": ""Modern Standby"", ""Display"": ""16\"" WUXGA (1920x1200) IPS 300nits Anti-glare, 45% NTSC"", ""Touchscreen"": ""None"", ""Keyboard"": ""Backlit, English"", ""Case Color"": ""Arctic Grey"", ""Surface Treatment"": ""Anodizing Sandblasting"", ""Case Material"": ""Aluminium (Top), PC-ABS (Bottom)"", ""Dimensions (WxDxH)"": ""356 x 253.5 x 17.5 mm (14.01 x 9.98 x 0.69 inches)"", ""Weight"": ""Starting at 1.7 kg (3.75 lbs)"", ""Operating System"": ""Windows® 11 Pro, Traditional Chinese / Simplified Chinese / English"", ""Bundled Software"": ""Office Trial"", ""Ethernet"": ""100/1000M (RJ-45)"", ""WLAN + Bluetooth"": ""Wi-Fi® 6E, 11ax 2x2 + BT5.3"", ""Standard Ports"": ""1x USB 3.2 Gen 1 1x USB 3.2 Gen 1 (Always On) 1x USB-C® 3.2 Gen 2 (support data transfer, Power Delivery 3.0 and DisplayPort™ 1.4) 1x Thunderbolt™ 4 / USB4® 40Gbps (support data transfer, Power Delivery 3.0 and DisplayPort™ 1.4) 1x HDMI® 2.1, up to 4K/60Hz 1x Headphone / microphone combo jack (3.5mm) 1x Ethernet (RJ-45) 1x SD card reader"", ""Docking"": ""Various docking solutions supported via Thunderbolt™ or USB-C®. For more compatible docking solutions, please visit Docking for ThinkBook 16 G6 IRL"", ""Security Chip"": ""Firmware TPM 2.0 Enabled"", ""Fingerprint Reader"": ""Touch Style, Integrated in Power Button"", ""Physical Locks"": ""Kensington® Nano Security Slot™, 2.5 x 6 mm"", ""Other Security"": ""Camera privacy shutter"", ""System Management"": ""Non-vPro®"", ""Base Warranty"": ""1-year, Courier or Carry-in"", ""Included Upgrade"": ""3Y Onsite upgrade from 1Y Courier/Carry-in"", ""Bundled Accessories"": ""None"", ""Green Certifications"": ""ENERGY STAR® 8.0 EPEAT™ Gold Registered ErP Lot 6 ErP Lot 26 FSC certified package RoHS compliant TCO Certified 9.0"", ""Other Certifications"": ""TÜV Rheinland® Low Blue Light (Software Solution)"", ""Mil-Spec Test"": ""MIL-STD-810H military test passed""}"
https://hexxone.com/laptops-by-brand/lenovo/lenovo-thinkpad-e14-gen-5-i5-13th-gen-8gb-ram-512gb-ssd-14-inch-fhd-display-backlight-keyboard-3-year-warranty-in-nepal?limit=30,Lenovo ThinkPad E14 Gen 5 i5 13th Gen - 8GB RAM - 512GB SSD - 14-inch FHD display - Backlight Keyboard - 3 Year Warranty in Nepal,"NPR 133,500.00",Availability: Out Of Stock,"Model : Lenovo Thinkpad E14 Gen 5 | Processor : Intel® Core™ i5-1335U | RAM : 8GB Soldered DDR4-3200 | Storage : 512GB SSD | Display : 14"" WUXGA (1920x1200) IPS 300nits | Graphic : Integrated Intel® Iris® Xe Graphics | OS : Windows 11 Home | Warranty : 3 Year Warranty","{""Processor"": ""Intel® Core™ i5-1335U, 10C (2P + 8E) / 12T, P-core 1.3 / 4.6GHz, E-core 0.9 / 3.4GHz, 12MB"", ""Graphics"": ""Integrated Intel® Iris® Xe Graphics"", ""Chipset"": ""Intel® SoC Platform"", ""Memory"": ""8GB Soldered DDR4-3200"", ""Memory Slots"": ""One memory soldered to systemboard, one DDR4 SO-DIMM slot, dual-channel capable"", ""Max Memory"": ""Up to 40GB (8GB soldered + 32GB SO-DIMM) DDR4-3200"", ""Storage"": ""512GB SSD M.2 2242 PCIe® 4.0x4 NVMe® Opal 2.0"", ""Storage Support"": ""Up to two drives, 2x M.2 SSD • M.2 2242 SSD up to 1TB"", ""Storage Slot"": ""Two M.2 slots • One M.2 2242 PCIe® 3.0 x4 slot • One M.2 2242 PCIe 4.0 x4 slot"", ""Card Reader"": ""No card reader"", ""Optical"": ""None"", ""Audio Chip"": ""High Definition (HD) Audio, Synaptic® CX11880 codec"", ""Speakers"": ""Stereo speakers, 2W x2, Dolby® Atmos®"", ""Camera"": ""HD 720p with Privacy Shutter"", ""Microphone"": ""2x, Array"", ""Battery"": ""Integrated 57Wh"", ""Power Adapter"": ""65W USB-C® (3-pin)"", ""Display"": ""14\"" WUXGA (1920x1200) IPS 300nits Anti-glare, 45% NTSC"", ""Touchscreen"": ""None"", ""Keyboard"": ""Backlit, English"", ""Case Color"": ""Graphite Black"", ""Case Material"": ""Aluminium (Top), PC-ABS (Bottom)"", ""Dimensions (WxDxH)"": ""Starting at 313 x 219.3 x 17.99 mm (12.32 x 8.63 x 0.71 inches)"", ""Weight"": ""Starting at 1.41 kg (3.11 lbs)"", ""Operating System"": ""Windows® 11 Home, Traditional Chinese / Simplified Chinese / English"", ""Bundled Software"": ""None"", ""Ethernet"": ""100/1000M (RJ-45)"", ""WLAN + Bluetooth"": ""Wi-Fi® 6E, 11ax 2x2 + BT5.1"", ""WWAN"": ""None"", ""SIM Card"": ""None"", ""NFC"": ""None"", ""Standard Ports"": ""1x USB 2.0 1x USB 3.2 Gen 1 (Always On) 1x USB-C® 3.2 Gen 2 (support data transfer, Power Delivery 3.0 and DisplayPort™ 1.4) 1x Thunderbolt™ 4 / USB4® 40Gbps (support data transfer, Power Delivery 3.0 and DisplayPort™ 1.4) 1x HDMI® 2.1, up to 4K/60Hz 1x Headphone / microphone combo jack (3.5mm) 1x Ethernet (RJ-45)"", ""Docking"": ""Various docking solutions supported via Thunderbolt™ or USB-C®. For more compatible docking solutions, please visit Docking for ThinkPad® E14 Gen 5 (Intel®)"", ""Monitor Cable"": ""None"", ""Smart Card Reader"": ""None"", ""Security Chip"": ""Discrete TPM 2.0 Enabled"", ""Fingerprint Reader"": ""None"", ""Physical Locks"": ""Kensington® Nano Security Slot™, 2.5 x 6 mm"", ""Other Security"": ""Camera privacy shutter"", ""System Management"": ""Non-vPro®"", ""Warranty"": ""3-year"", ""Bundled Accessories"": ""None"", ""Green Certifications"": ""ENERGY STAR® 8.0 EPEAT™ Gold Registered ErP Lot 6 ErP Lot 26 FSC certified package RoHS compliant TCO Certified 9.0"", ""Other Certifications"": ""TÜV Rheinland® Low Blue Light (Software Solution)"", ""Mil-Spec Test"": ""MIL-STD-810H military test passed""}"
https://hexxone.com/laptops-by-brand/lenovo/lenovo-thinkpad-e14-gen-5-i5-13th-gen-8gb-ram-512gb-ssd-14-inch-fhd-display-backlight-keyboard-win-11-pro-1-year-warranty-in-nepal?limit=30,Lenovo ThinkPad E14 Gen 5 i5 13th Gen - 8GB RAM - 512GB SSD - 14-inch FHD display - Backlight Keyboard - Win 11 Pro - 1 Year Warranty in Nepal,"NPR 117,500.00",Availability: Out Of Stock,"Model : Lenovo Thinkpad E14 Gen 5 | Processor : Intel® Core™ i5-1335U | RAM : 8GB Soldered DDR4-3200 | Storage : 512GB SSD | Display : 14"" WUXGA (1920x1200) IPS 300nits | Graphic : Integrated Intel® Iris® Xe Graphics | OS : Windows 11 Pro | Warranty : 1 Year Warranty","{""Processor"": ""Intel® Core™ i5-1335U, 10C (2P + 8E) / 12T, P-core 1.3 / 4.6GHz, E-core 0.9 / 3.4GHz, 12MB"", ""Graphics"": ""Integrated Intel® Iris® Xe Graphics"", ""Chipset"": ""Intel® SoC Platform"", ""Memory"": ""8GB Soldered DDR4-3200"", ""Memory Slots"": ""One memory soldered to systemboard, one DDR4 SO-DIMM slot, dual-channel capable"", ""Max Memory"": ""Up to 40GB (8GB soldered + 32GB SO-DIMM) DDR4-3200"", ""Storage"": ""512GB SSD M.2 2242 PCIe® 4.0x4 NVMe® Opal 2.0"", ""Storage Support"": ""Up to two drives, 2x M.2 SSD • M.2 2242 SSD up to 1TB"", ""Storage Slot"": ""Two M.2 slots • One M.2 2242 PCIe® 3.0 x4 slot • One M.2 2242 PCIe 4.0 x4 slot"", ""Card Reader"": ""No card reader"", ""Optical"": ""None"", ""Audio Chip"": ""High Definition (HD) Audio, Synaptic® CX11880 codec"", ""Speakers"": ""Stereo speakers, 2W x2, Dolby® Atmos®"", ""Camera"": ""HD 720p with Privacy Shutter"", ""Microphone"": ""2x, Array"", ""Battery"": ""Integrated 57Wh"", ""Power Adapter"": ""65W USB-C® (3-pin)"", ""Display"": ""14\"" WUXGA (1920x1200) IPS 300nits Anti-glare, 45% NTSC"", ""Touchscreen"": ""None"", ""Keyboard"": ""Backlit, English"", ""Case Color"": ""Graphite Black"", ""Case Material"": ""Aluminium (Top), PC-ABS (Bottom)"", ""Dimensions (WxDxH)"": ""Starting at 313 x 219.3 x 17.99 mm (12.32 x 8.63 x 0.71 inches)"", ""Weight"": ""Starting at 1.41 kg (3.11 lbs)"", ""Operating System"": ""Windows® 11 Pro, Traditional Chinese / Simplified Chinese / English"", ""Bundled Software"": ""None"", ""Ethernet"": ""100/1000M (RJ-45)"", ""WLAN + Bluetooth"": ""Wi-Fi® 6E, 11ax 2x2 + BT5.1"", ""WWAN"": ""None"", ""SIM Card"": ""None"", ""NFC"": ""None"", ""Standard Ports"": ""1x USB 2.0 1x USB 3.2 Gen 1 (Always On) 1x USB-C® 3.2 Gen 2 (support data transfer, Power Delivery 3.0 and DisplayPort™ 1.4) 1x Thunderbolt™ 4 / USB4® 40Gbps (support data transfer, Power Delivery 3.0 and DisplayPort™ 1.4) 1x HDMI® 2.1, up to 4K/60Hz 1x Headphone / microphone combo jack (3.5mm) 1x Ethernet (RJ-45)"", ""Docking"": ""Various docking solutions supported via Thunderbolt™ or USB-C®. For more compatible docking solutions, please visit Docking for ThinkPad® E14 Gen 5 (Intel®)"", ""Monitor Cable"": ""None"", ""Smart Card Reader"": ""None"", ""Security Chip"": ""Discrete TPM 2.0 Enabled"", ""Fingerprint Reader"": ""Yes"", ""Physical Locks"": ""Kensington® Nano Security Slot™, 2.5 x 6 mm"", ""Other Security"": ""Camera privacy shutter"", ""System Management"": ""Non-vPro®"", ""Warranty"": ""1-year"", ""Bundled Accessories"": ""None"", ""Green Certifications"": ""ENERGY STAR® 8.0 EPEAT™ Gold Registered ErP Lot 6 ErP Lot 26 FSC certified package RoHS compliant TCO Certified 9.0"", ""Other Certifications"": ""TÜV Rheinland® Low Blue Light (Software Solution)"", ""Mil-Spec Test"": ""MIL-STD-810H military test passed""}"
https://hexxone.com/laptops-by-brand/lenovo/lenovo-thinkpad-e14-gen-5-i7-13th-gen-16gb-ram-512gb-ssd-14-inch-fhd-display-backlight-keyboard-win-11-pro?limit=30,Lenovo ThinkPad E14 Gen 5 i7 13th Gen - 16GB RAM - 512GB SSD - 14-inch FHD display - Backlight Keyboard - WIN 11 Pro,"NPR 150,500.00",Availability: Out Of Stock,"Model : Lenovo Thinkpad E14 Gen 5 | Part No: 21JK00ASHH | Processor : Intel® Core™ i7-1355U | RAM : 8GB Soldered DDR4-3200 + 8GB SO-DIMM DDR4-3200 (MAX upto 40GB) | Storage : 512GB SSD | Display : 14"" WUXGA (1920x1200) IPS 300nits | Graphic : Integrated Intel® Iris® Xe Graphics | OS : Windows 11 PRO | Warranty : 1 Year Warranty","{""Processor"": ""Intel® Core™ i7-1355U, 10C (2P + 8E) / 12T, P-core 1.7 / 5.0GHz, E-core 1.2 / 3.7GHz, 12MB"", ""Graphics"": ""Integrated Intel® Iris® Xe Graphics"", ""Chipset"": ""Intel® SoC Platform"", ""Memory"": ""8GB Soldered DDR4-3200 + 8GB SO-DIMM DDR4-3200"", ""Memory Slots"": ""One memory soldered to systemboard, one DDR4 SO-DIMM slot, dual-channel capable"", ""Max Memory"": ""Up to 40GB (8GB soldered + 32GB SO-DIMM) DDR4-3200"", ""Storage"": ""512GB SSD M.2 2242 PCIe® 4.0x4 NVMe® Opal 2.0"", ""Storage Support"": ""Up to two drives, 2x M.2 SSD • M.2 2242 SSD up to 1TB"", ""Storage Slot"": ""Two M.2 slots • One M.2 2242 PCIe® 3.0 x4 slot • One M.2 2242 PCIe 4.0 x4 slot"", ""Card Reader"": ""No card reader"", ""Optical"": ""None"", ""Audio Chip"": ""High Definition (HD) Audio, Synaptic® CX11880 codec"", ""Speakers"": ""Stereo speakers, 2W x2, Dolby® Atmos®"", ""Camera"": ""HD 720p with Privacy Shutter"", ""Microphone"": ""2x, Array"", ""Battery"": ""Integrated 57Wh"", ""Power Adapter"": ""65W USB-C® (3-pin)"", ""Display"": ""14\"" WUXGA (1920x1200) IPS 300nits Anti-glare, 45% NTSC"", ""Touchscreen"": ""None"", ""Keyboard"": ""Backlit, English"", ""Case Color"": ""Graphite Black"", ""Case Material"": ""Aluminium (Top), PC-ABS (Bottom)"", ""Dimensions (WxDxH)"": ""Starting at 313 x 219.3 x 17.99 mm (12.32 x 8.63 x 0.71 inches)"", ""Weight"": ""Starting at 1.41 kg (3.11 lbs)"", ""Operating System"": ""Windows® 11 Pro, Traditional Chinese / Simplified Chinese / English"", ""Bundled Software"": ""None"", ""Ethernet"": ""100/1000M (RJ-45)"", ""WLAN + Bluetooth"": ""Wi-Fi® 6E, 11ax 2x2 + BT5.1"", ""WWAN"": ""None"", ""SIM Card"": ""None"", ""NFC"": ""None"", ""Standard Ports"": ""1x USB 2.0 1x USB 3.2 Gen 1 (Always On) 1x USB-C® 3.2 Gen 2 (support data transfer, Power Delivery 3.0 and DisplayPort™ 1.4) 1x Thunderbolt™ 4 / USB4® 40Gbps (support data transfer, Power Delivery 3.0 and DisplayPort™ 1.4) 1x HDMI® 2.1, up to 4K/60Hz 1x Headphone / microphone combo jack (3.5mm) 1x Ethernet (RJ-45)"", ""Docking"": ""Various docking solutions supported via Thunderbolt™ or USB-C®. For more compatible docking solutions, please visit Docking for ThinkPad® E14 Gen 5 (Intel®)"", ""Monitor Cable"": ""None"", ""Smart Card Reader"": ""None"", ""Security Chip"": ""Discrete TPM 2.0 Enabled"", ""Fingerprint Reader"": ""None"", ""Physical Locks"": ""Kensington® Nano Security Slot™, 2.5 x 6 mm"", ""Other Security"": ""Camera privacy shutter"", ""System Management"": ""Non-vPro®"", ""Base Warranty"": ""1-year, Courier or Carry-in"", ""Included Upgrade"": ""3Y Onsite upgrade from 1Y Courier/Carry-in"", ""Bundled Accessories"": ""None"", ""Green Certifications"": ""ENERGY STAR® 8.0 EPEAT™ Gold Registered ErP Lot 6 ErP Lot 26 FSC certified package RoHS compliant TCO Certified 9.0"", ""Other Certifications"": ""TÜV Rheinland® Low Blue Light (Software Solution)"", ""Mil-Spec Test"": ""MIL-STD-810H military test passed""}"
https://hexxone.com/laptops-by-brand/lenovo/lenovo-thinkpad-l13-gen-3-2022-intel-i5-1235u-16gb-ram-512gb-ssd-133-inch-fhd-display-backlight-keyboard?limit=30,Lenovo ThinkPad L13 Gen 3 2022 Intel i5 1235U - 16GB RAM - 512GB SSD - 13.3-inch FHD display - Backlight Keyboard,"NPR 119,500.00",Availability: Out Of Stock,"Model:  Lenovo ThinkPad L13 Gen 3 | Processor: Intel® Core™ i5-1235U, 10C | RAM: 16GB Soldered DDR4-3200 | Storage: 512GB SSD | Display: 13.3"" WUXGA (1920x1200) IPS 300nits | Graphic: Integrated Intel® Iris® Xe Graphics | Warranty: 1 Year Warranty","{""Processor"": ""Intel® Core™ i5-1235U, 10C (2P + 8E) / 12T, P-core 1.3 / 4.4GHz, E-core 0.9 / 3.3GHz, 12MB"", ""Graphics"": ""Integrated Intel® Iris® Xe Graphics"", ""Chipset"": ""Intel® SoC Platform"", ""Memory"": ""16GB Soldered DDR4-3200"", ""Memory Slots"": ""Memory soldered to systemboard, no slots, dual-channel"", ""Max Memory"": ""16GB soldered memory, not upgradable"", ""Storage"": ""512GB SSD M.2 2242 PCIe® 4.0x4 NVMe® Opal 2.0"", ""Storage Support"": ""One drive, up to 1TB M.2 2242 SSD"", ""Storage Slot"": ""One M.2 2242 PCIe® 4.0 x4 slot"", ""Card Reader"": ""No card reader"", ""Optical"": ""None"", ""Audio Chip"": ""High Definition (HD) Audio, Realtek® ALC3287 codec"", ""Speakers"": ""Stereo speakers, 2W x2, Dolby® Audio™"", ""Camera"": ""FHD 1080p + IR Hybrid with Privacy Shutter"", ""Microphone"": ""2x, Array"", ""Battery"": ""Integrated 46Wh"", ""Power Adapter"": ""65W USB-C® (3-pin)"", ""Display"": ""13.3\"" WUXGA (1920x1200) IPS 300nits Anti-glare, 45% NTSC"", ""Touchscreen"": ""None"", ""Keyboard"": ""Backlit, English"", ""Case Color"": ""Thunder Black"", ""Case Material"": ""Aluminium (Top), GFRP (Bottom)"", ""Dimensions (WxDxH)"": ""305 x 218 x 17.3 mm (12.0 x 8.58 x 0.68 inches)"", ""Weight"": ""Starting at 1.26 kg (2.78 lbs)"", ""Operating System"": ""Windows® 11 DG Windows 10 Pro 64, Traditional Chinese / Simplified Chinese / English"", ""Bundled Software"": ""None"", ""Ethernet"": ""No Onboard Ethernet"", ""WLAN + Bluetooth"": ""Intel® Wi-Fi® 6 AX201, 11ax 2x2 + BT5.1"", ""WWAN"": ""None"", ""SIM Card"": ""None"", ""NFC"": ""None"", ""Standard Ports"": ""1x USB 3.2 Gen 1 1x USB 3.2 Gen 1 (Always On) 1x USB-C® 3.2 Gen 2 (support data transfer, Power Delivery 3.0 and DisplayPort™ 1.4) 1x Thunderbolt™ 4 / USB4® 40Gbps (support data transfer, Power Delivery 3.0 and DisplayPort™ 1.4) 1x HDMI®, up to 4K/60Hz 1x Headphone / microphone combo jack (3.5mm)"", ""Optional Ports (configured)"": ""None"", ""Docking"": ""Various docking solutions supported via Thunderbolt™ or USB-C®. For more compatible docking solutions, please visit Docking for ThinkPad® L13 Gen 3 (Intel®)"", ""Monitor Cable"": ""None"", ""Smart Card Reader"": ""None"", ""Security Chip"": ""Discrete TPM 2.0"", ""Fingerprint Reader"": ""Touch Style, Match-on-Chip, Integrated in Power Button"", ""Physical Locks"": ""Kensington® Nano Security Slot™, 2.5 x 6 mm"", ""Other Security"": ""IR camera for Windows® Hello Camera privacy shutter Glance by Mirametrix®"", ""System Management"": ""Non-vPro®"", ""Base Warranty"": ""1-year Local , 3 Year international"", ""Bundled Accessories"": ""None"", ""Green Certifications"": ""EPEAT™ Gold ENERGY STAR® 8.0 ErP Lot 3 TCO Certified 9.0 RoHS compliant"", ""Mil-Spec Test"": ""MIL-STD-810H military test passed""}"
https://hexxone.com/laptops-by-brand/lenovo/lenovo-thinkpad-l13-yoga-gen-4-core-i7-1355u-16gb-ram-1tb-ssd-133-inch-wuxga-x-360-touchscreen-3-year-warranty-in-nepal?limit=30,Lenovo ThinkPad L13 Yoga Gen 4 Core i7 1355U - 16GB RAM - 1TB SSD - 13.3-inch WUXGA X 360 Touchscreen - 3 Year Warranty in Nepal,"NPR 198,300.00",Availability: Out Of Stock,"Model :  Lenovo ThinkPad L13 Yoga | Processor : Intel® Core™ i7-1355U Processor | RAM : 16 GB LPDDR5-6400MHz (Soldered) | Storage : 1TB SSD M.2 2242 PCIe Gen4 TLC Opal | Display : 13.3"" WUXGA (1920 x 1200), IPS, 300nits | Graphic : Integrated Intel® Iris® Xe Graphics | Warranty : 3 Year Warranty","{""Processor"": ""Intel® Core™ i7-1355U, 10C (2P + 8E) / 12T, P-core 1.7 / 5.0GHz, E-core 1.2 / 3.7GHz, 12MB"", ""Graphics"": ""Integrated Intel® Iris® Xe Graphics"", ""Chipset"": ""Intel® SoC Platform"", ""Memory"": ""16GB Soldered LPDDR5-4800"", ""Memory Slots"": ""Memory soldered to systemboard, no slots, dual-channel"", ""Max Memory"": ""16GB soldered memory, not upgradable"", ""Storage"": ""1TB SSD M.2 2242 PCIe® 4.0x4 NVMe® Opal 2.0"", ""Storage Support"": ""One drive, up to 1TB M.2 2242 SSD"", ""Storage Slot"": ""One M.2 2242 PCIe® 4.0 x4 slot"", ""Card Reader"": ""No card reader"", ""Optical"": ""None"", ""Audio Chip"": ""High Definition (HD) Audio, Realtek® ALC3287 codec"", ""Speakers"": ""Stereo speakers, 2W x2, Dolby® Audio™ Premium"", ""Camera"": ""Front FHD 1080p + IR Hybrid with Privacy Shutter"", ""Microphone"": ""2x, Array"", ""Battery"": ""Integrated 46Wh"", ""Power Adapter"": ""65W USB-C® (3-pin)"", ""Display"": ""13.3\"" WUXGA (1920x1200) IPS 300nits Anti-reflection / Anti-smudge, 100% sRGB, Touch"", ""Touchscreen"": ""OGS, 10-point Multi-touch"", ""Keyboard"": ""Backlit, English (UK)"", ""Case Color"": ""Thunder Black"", ""Case Material"": ""Aluminium (Top), GFRP (Bottom)"", ""Pen"": ""Lenovo® Integrated Pen ( Not Included Optional )"", ""Dimensions (WxDxH)"": ""305 x 218 x 17.06 mm (12.0 x 8.58 x 0.67 inches)"", ""Weight"": ""Starting at 1.32 kg (2.92 lbs)"", ""Operating System"": ""Windows® 11 Home, English"", ""Bundled Software"": ""None"", ""Ethernet"": ""No Onboard Ethernet"", ""WLAN + Bluetooth"": ""Intel® Wi-Fi® 6 AX201, 11ax 2x2 + BT5.2"", ""WWAN"": ""NO"", ""SIM Card"": ""None"", ""NFC"": ""None"", ""Standard Ports"": ""1x USB 3.2 Gen 1 1x USB 3.2 Gen 1 (Always On) 1x USB-C® 3.2 Gen 2 (support data transfer, Power Delivery 3.0 and DisplayPort™ 1.4) 1x Thunderbolt™ 4 / USB4® 40Gbps (support data transfer, Power Delivery 3.0 and DisplayPort™ 1.4) 1x HDMI® 2.1, up to 4K/60Hz 1x Headphone / microphone combo jack (3.5mm)"", ""Docking"": ""Various docking solutions supported via Thunderbolt™ or USB-C®. For more compatible docking solutions, please visit Docking for ThinkPad® L13 Yoga® Gen 4 (Intel®)"", ""Monitor Cable"": ""None"", ""Smart Card Reader"": ""Smart Card Reader"", ""Security Chip"": ""Discrete TPM 2.0 Enabled"", ""Fingerprint Reader"": ""Touch Style, Match-on-Chip, Integrated in Power Button"", ""Physical Locks"": ""Kensington® Nano Security Slot™, 2.5 x 6 mm"", ""Other Security"": ""Camera privacy shutter IR camera for Windows® Hello"", ""System Management"": ""Non-vPro®"", ""Warranty"": ""3-year"", ""Bundled Accessories"": ""None"", ""Green Certifications"": ""ENERGY STAR® 8.0 EPEAT™ Gold Registered ErP Lot 6 ErP Lot 26 RoHS compliant TCO Certified 9.0"", ""Mil-Spec Test"": ""MIL-STD-810H military test passed""}"
https://hexxone.com/laptops-by-brand/lenovo/lenovo-thinkpad-p14s-i7-11th-gen-nvidia-quadro-t500-16gb-ram-512gb-ssd-14-inch-fhd-display-in-nepal?limit=30,Lenovo ThinkPad P14s i7 11th Gen - NVIDIA Quadro T500 - 16GB RAM - 512GB SSD - 14-inch FHD display in Nepal,"NPR 164,500.00",Availability: Out Of Stock,"Model: Lenovo ThinkPad P14s | Processor: 11th Gen Intel Core i7-1165G7 | RAM: 16GB soldered memory, Up to 48GB | Storage: 512GB SSD | Display: 14"" FHD IPS 300nits Anti-glare | Graphic: NVIDIA Quadro T500 4GB GDDR6 | Warranty: 1 Year Warranty","{""Brand"": ""Lenovo"", ""Processor"": ""Intel Core i7-1165G7 (4C / 8T, 2.8 / 4.7GHz, 12MB)"", ""Graphics"": ""NVIDIA Quadro T500 4GB GDDR6"", ""Chipset"": ""Intel SoC Platform"", ""Memory"": ""16GB Soldered DDR4-3200 non-ECC"", ""Memory Slots"": ""One memory soldered to system board, one DDR4 SO-DIMM slot, dual-channel capable"", ""Max Memory"": ""Up to 48GB (16GB soldered + 32GB SO-DIMM) DDR4-3200"", ""Storage"": ""512GB SSD M.2 2280 PCIe x4 NVMe Opal2"", ""Storage Support"": ""One drive, up to 2TB M.2 2280 SSD"", ""Type"": ""Workstation Laptop"", ""Card Reader"": ""MicroSD Card Reader"", ""Audio Chip"": ""High Definition (HD) Audio, Realtek ALC3287 codec"", ""Speakers"": ""Stereo speakers, 2W x2, Dolby Audio"", ""Camera"": ""IR & 720p with Privacy Shutter"", ""Microphone"": ""2x, Array"", ""Battery"": ""Integrated 50Wh"", ""Max Battery Life"": ""MobileMark 2018: 9.7 hr JEITA 2.0: 16 hr"", ""Power Adapter"": ""65W USB-C Slim (3-pin)"", ""Display"": ""14\"" FHD (1920x1080) IPS 300nits Anti-glare"", ""Touchscreen"": ""None"", ""Color Calibrator"": ""None"", ""Keyboard"": ""Backlit, English"", ""Case Color"": ""Black"", ""Case Material"": ""PC + ABS (Top), PC + ABS / Talc15 + Magnesium Alloy (Keyboard Cover), PA / 50% GF (Bottom)"", ""Dimensions (WxDxH)"": ""329 x 227 x 17.9 mm (12.95 x 8.94 x 0.70 inches)"", ""Weight"": ""1.469 kg (3.24 lbs)"", ""Operating System"": ""Windows 10 Pro 64, Traditional Chinese / Simplified Chinese / English"", ""Bundled Software"": ""None"", ""Ethernet"": ""100/1000M"", ""WLAN + Bluetooth"": ""Intel AX210 11ax, 2x2 + BT5.2"", ""WWAN"": ""None"", ""SIM Card"": ""None"", ""NFC"": ""None"", ""Standard Ports"": ""1x Side docking connector 1x Ethernet (RJ-45) 1x USB 3.2 Gen 1 1x USB 3.2 Gen 1 (Always On) 1x Headphone / microphone combo jack (3.5mm) 1x microSD card reader 1x HDMI 2.0 2x Thunderbolt 4 / USB4 40Gbps / USB-C 3.2 Gen 2 (support data transfer, Power Delivery 3.0 and DisplayPort 1.4)"", ""Optional Ports (configured)"": ""1x microSD card slot (WLAN model) 1x Smart card reader"", ""Monitor Cable"": ""None"", ""Smart Card Reader"": ""None"", ""Security Chip"": ""Discrete TPM 2.0"", ""Fingerprint Reader"": ""Touch Style, Match-on-Chip"", ""Physical Locks"": ""Kensington Security Slot"", ""Other Security"": ""IR camera for Windows Hello Camera privacy shutter"", ""System Management"": ""None"", ""Warranty"": ""1-year, Depot"", ""Bundled Accessories"": ""None"", ""Green Certifications"": ""ENERGY STAR 8.0 EPEAT Gold TCO Certified Notebooks 8 RoHS compliant"", ""Mil-Spec Test"": ""MIL-STD-810H military test passed"", ""Lenovo ThinkPad P14s Price in Nepal"": ""Rs. 225,000""}"
https://hexxone.com/laptops-by-brand/lenovo/lenovo-thinkpad-t14-gen-3-amd-ryzen-7-pro-6850u-16gb-ram-512gb-ssd-14-inch-wqxga-display-backlight-keyboard?limit=30,Lenovo ThinkPad T14 Gen 3 AMD Ryzen 7 PRO 6850U - 16GB RAM - 512GB SSD - 14-inch WQXGA display - Backlight Keyboard,"NPR 169,600.00",Availability: Out Of Stock,"Model: Lenovo ThinkPad T14 Gen 3 2022 | Processor: AMD Ryzen™ 7 PRO 6850U | RAM: 16GB Soldered LPDDR5-6400 | Storage: 512GB SSD | Display: 14"" WUXGA (1920x1200) IPS 300nits | Graphic: Integrated AMD Radeon™ 680M Graphics | Warranty: 1 Year Warranty","{""Brand"": ""Lenovo"", ""Series"": ""ThinkPad Series"", ""Model"": ""Lenovo ThinkPad T14 Gen 3"", ""Type"": ""Notebook"", ""Processor"": ""AMD Ryzen™ 7 PRO 6850U (8C / 16T, 2.7 / 4.7GHz, 4MB L2 / 16MB L3)"", ""Graphics"": ""Integrated AMD Radeon™ 680M Graphics"", ""Chipset"": ""AMD SoC Platform"", ""Memory"": ""16GB Soldered LPDDR5-6400"", ""Memory Slots"": ""Memory soldered to systemboard, no slots, dual-channel"", ""Max Memory"": ""16GB soldered memory, not upgradable"", ""Storage"": ""512GB SSD M.2 2280 PCIe® 4.0x4 NVMe® Opal 2.0"", ""Storage Support"": ""One drive, up to 2TB M.2 2280 SSD"", ""Storage Slot"": ""One M.2 2280 PCIe® 4.0 x4 slot"", ""Card Reader"": ""None"", ""Optical"": ""None"", ""Audio Chip"": ""High Definition (HD) Audio, Realtek® ALC3287 codec"", ""Speakers"": ""Stereo speakers, 2W x2, Dolby® Audio™"", ""Camera"": ""FHD 1080p + IR Hybrid with Privacy Shutter"", ""Microphone"": ""2x, Array"", ""Battery"": ""Integrated 52.5Wh"", ""Power Adapter"": ""65W USB-C® (3-pin)"", ""Display"": ""14\"" WUXGA (1920x1200) IPS 300nits Anti-glare, 45% NTSC"", ""Touchscreen"": ""None"", ""Keyboard"": ""Backlit, English"", ""Case Color"": ""Thunder Black"", ""Surface Treatment"": ""Not Anti-microbial"", ""Case Material"": ""PC + 20% CF + 50% GF (Top), PPS (Bottom)"", ""Dimensions (WxDxH)"": ""317.7 x 226.9 x 17.9 mm (12.51 x 8.93 x 0.70 inches)"", ""Weight"": ""Starting at 1.498 kg (3.30 lbs)"", ""Operating System"": ""Windows® 11 DG Windows 10 Pro 64, Traditional Chinese / Simplified Chinese / English"", ""Bundled Software"": ""None"", ""Ethernet"": ""100/1000M (RJ-45)"", ""WLAN + Bluetooth"": ""AMD Wi-Fi® 6E RZ616, 11ax 2x2 + BT5.1"", ""WWAN"": ""None"", ""SIM Card"": ""None"", ""NFC"": ""None"", ""Standard Ports"": ""1x Ethernet (RJ-45) 1x USB 3.2 Gen 1 1x Headphone / microphone combo jack (3.5mm) 2x USB-C® 3.2 Gen 2 (support data transfer, Power Delivery 3.0 and DisplayPort™ 1.4a) 1x USB 3.2 Gen 1 (Always On) 1x HDMI®, up to 4K/60Hz"", ""Optional Ports (configured)"": ""None"", ""Docking"": ""Various docking solutions supported via USB-C®. For more compatible docking solutions, please visit Docking for ThinkPad T14s Gen 3 (AMD)"", ""Monitor Cable"": ""None"", ""Smart Card Reader"": ""None"", ""Security Chip"": ""Discrete TPM 2.0, Microsoft® Pluton TPM 2.0"", ""Fingerprint Reader"": ""Touch Style, Match-on-Chip, Integrated in Power Button"", ""Physical Locks"": ""Kensington® Nano Security Slot™, 2.5 x 6 mm"", ""Other Security"": ""Camera privacy shutter IR camera for Windows® Hello Glance by Mirametrix®"", ""System Management"": ""Non-DASH"", ""Base Warranty"": ""1-year Local , 3 year International"", ""Bundled Accessories"": ""None"", ""Green Certifications"": ""EPEAT™ Gold ENERGY STAR® 8.0 RoHS compliant ErP Lot 3 TCO Certified 9.0"", ""Mil-Spec Test"": ""MIL-STD-810H military test passed"", ""Lenovo ThinkPad T14 Gen 3 Price in Nepal"": ""Rs. 185,000 (Ryzen 7 Pro)""}"
https://hexxone.com/laptops-by-brand/lenovo/lenovo-thinkpad-t14-gen-4-13th-gen-i7-16gb-ram-512gb-ssd-14-inch-wqxga-display-backlight-keyboard?limit=30,Lenovo ThinkPad T14 Gen 4 13th Gen i7 - 16GB RAM - 512GB SSD - 14-inch WQXGA display - Backlight Keyboard,"NPR 184,500.00",Availability: Out Of Stock,"Model: Lenovo ThinkPad T14 Gen 4 2023 | Processor: Intel® Core™ i7-1355U, 10C (2P + 8E) | RAM: 16GB Soldered DDR5-5200 | Storage: 512GB SSD | Display: 14"" WUXGA (1920x1200) IPS 300nits | Graphic: Integrated Intel® Iris® Xe Graphics | Warranty: 1 Year Warranty","{""Processor"": ""Intel® Core™ i7-1355U, 10C (2P + 8E) / 12T, P-core 1.7 / 5.0GHz, E-core 1.2 / 3.7GHz, 12MB"", ""Graphics"": ""Integrated Intel® Iris® Xe Graphics Functions as UHD Graphics"", ""Chipset"": ""Intel® SoC Platform"", ""Memory"": ""16GB Soldered DDR5-5200"", ""Memory Slots"": ""Models with DDR5 memory: one memory soldered to systemboard, one DDR5 SO-DIMM slot, dual-channel capable"", ""Max Memory"": ""Models with DDR5 memory: up to 32GB (16GB soldered + 16GB SO-DIMM) DDR5-5200"", ""Storage"": ""512GB SSD M.2 2280 PCIe® 4.0x4 Performance NVMe® Opal 2.0"", ""Storage Support"": ""One drive, up to 2TB M.2 2280 SSD"", ""Storage Slot"": ""One M.2 2280 PCIe® 4.0 x4 slot"", ""Card Reader"": ""None"", ""Optical"": ""None"", ""Audio Chip"": ""High Definition (HD) Audio, Realtek® ALC3287 codec"", ""Speakers"": ""Stereo speakers, 2W x2, Dolby Audio™"", ""Camera"": ""FHD 1080p + IR Hybrid with Privacy Shutter"", ""Microphone"": ""2x, 360°"", ""Battery"": ""Integrated 39.3Wh"", ""Power Adapter"": ""65W USB-C® (2-pin)"", ""Display"": ""14\"" WUXGA (1920x1200) IPS 300nits Anti-glare, 45% NTSC, Touch"", ""Touchscreen"": ""On-cell, 10-point Multi-touch"", ""Keyboard"": ""Backlit, English"", ""Case Color"": ""Storm Grey"", ""Case Material"": ""Aluminium (Top), PPS (Bottom)"", ""Pen"": ""Pen Not Supported"", ""Dimensions (WxDxH)"": ""317.7 x 226.9 x 17.9 mm (12.51 x 8.93 x 0.70 inches)"", ""Weight"": ""Starting at 1.36 kg (3.0 lbs)"", ""Operating System"": ""Windows® 11 Pro, English"", ""Bundled Software"": ""None"", ""Ethernet"": ""100/1000M (RJ-45)"", ""WLAN + Bluetooth"": ""Intel® Wi-Fi® 6E AX211, 802.11ax 2x2 + BT5.3"", ""WWAN"": ""Non-WWAN"", ""SIM Card"": ""None"", ""NFC"": ""None"", ""Standard Ports"": ""1x USB 3.2 Gen 1 1x USB 3.2 Gen 1 (Always On) 2x Thunderbolt™ 4 / USB4® 40Gbps (support data transfer, Power Delivery 3.0 and DisplayPort™ 1.4) 1x HDMI® 2.1, up to 4K/60Hz 1x Headphone / microphone combo jack (3.5mm) 1x Ethernet (RJ-45)"", ""Optional Ports (configured)"": ""None"", ""Docking"": ""Various docking solutions supported via Thunderbolt™ / USB-C®. For more compatible docking solutions, please visit Docking for ThinkPad® T14 Gen 4 (Intel®)"", ""Smart Card Reader"": ""None"", ""Security Chip"": ""Discrete TPM 2.0 Enabled"", ""Fingerprint Reader"": ""Touch Style, Match-on-Chip, Integrated in Power Button"", ""Physical Locks"": ""Kensington® Nano Security Slot™, 2.5 x 6 mm"", ""Other Security"": ""Camera privacy shutter (camera models) IR camera for Windows® Hello (facial recognition) Glance by Mirametrix® Ultrasonic Human Presence Detection (IR camera models)"", ""System Management"": ""Non-vPro®"", ""Base Warranty"": ""1-year,"", ""Included Upgrade"": ""None"", ""Bundled Accessories"": ""None"", ""Green Certifications"": ""ENERGY STAR® 8.0 EPEAT™ Gold Registered ErP Lot 6/26 RoHS compliant TCO Certified 9.0"", ""Mil-Spec Test"": ""MIL-STD-810H military test passed""}"
https://hexxone.com/laptops-by-brand/lenovo/lenovo-thinkpad-t14-gen-5-intel-core-ultra-7-155u-16gb-ram-512gb-ssd-14-inch-wqxga-display-backlight-keyboard?limit=30,Lenovo ThinkPad T14 Gen 5 Intel Core Ultra 7 155U - 16GB RAM - 512GB SSD - 14-inch WQXGA display - Backlight Keyboard,"NPR 214,500.00",Availability: Out Of Stock,"Model: Lenovo ThinkPad T14 Gen 5 2025 | Processor: Intel® Core™ Ultra 7 155U, 12C (2P + 8E + 2LPE) / 14T | RAM: 6GB SO-DIMM DDR5-5600 | Storage: 512GB SSD | Display: 14"" WUXGA (1920x1200) IPS 400nits Anti-glare, 45% NTSC, 60Hz, DBEF5 | Graphic: Integrated Intel® Iris® Xe Graphics | Warranty: 1 Year Warranty","{""Processor"": ""Intel® Core™ Ultra 7 155U, 12C (2P + 8E + 2LPE) / 14T, Max Turbo up to 4.8GHz, 12MB"", ""AI PC Category"": ""AI PC"", ""NPU"": ""Integrated Intel® AI Boost, up to 11 TOPS"", ""Graphics"": ""Integrated Intel® Graphics"", ""Chipset"": ""Intel® SoC Platform"", ""Memory"": ""1x 16GB SO-DIMM DDR5-5600"", ""Memory Slots"": ""Two DDR5 SO-DIMM slots, dual-channel capable"", ""Max Memory"": ""Up to 64GB DDR5-5600"", ""Storage"": ""512GB SSD M.2 2280 PCIe® 4.0x4 Performance NVMe® Opal 2.0"", ""Storage Support"": ""One drive, up to 2TB M.2 2280 SSD"", ""Storage Slot"": ""One M.2 2280 PCIe® 4.0 x4 slot"", ""Card Reader"": ""None"", ""Optical"": ""None"", ""Audio Chip"": ""High Definition (HD) Audio, Realtek® ALC3287 codec"", ""Speakers"": ""Stereo speakers, 2W x2, Dolby Audio™"", ""Camera"": ""5.0MP + IR Discrete with Privacy Shutter"", ""Microphone"": ""2x, 360°"", ""Battery"": ""Integrated 52.5Wh"", ""Power Adapter"": ""65W USB-C® (3-pin)"", ""Display"": ""14\"" WUXGA (1920x1200) IPS 400nits Anti-glare, 45% NTSC, 60Hz, DBEF5"", ""Touchscreen"": ""None"", ""Keyboard"": ""Backlit, English"", ""Case Color"": ""Black"", ""Case Material"": ""PC + 20% CF (Top), PC + 20% CF (Bottom)"", ""Pen"": ""Pen Not Supported"", ""Dimensions (WxDxH)"": ""315.9 x 223.7 x 17.7 mm (12.44 x 8.81 x 0.7 inches)"", ""Weight"": ""Starting at 1.38 kg (3.05 lbs)"", ""Operating System"": ""None"", ""Bundled Software"": ""None"", ""Ethernet"": ""100/1000M (RJ-45)"", ""WLAN + Bluetooth"": ""Intel® Wi-Fi® 6E AX211, 802.11ax 2x2 + BT5.3"", ""WWAN"": ""Non-WWAN"", ""SIM Card"": ""None"", ""NFC"": ""None"", ""Standard Ports"": ""1x USB-A (USB 5Gbps / USB 3.2 Gen 1) 1x USB-A (USB 5Gbps / USB 3.2 Gen 1), Always On 2x USB-C® (Thunderbolt™ 4 / USB4® 40Gbps), with USB PD 3.0 and DisplayPort™ 2.1 1x HDMI® 2.1, up to 4K/60Hz 1x Headphone / microphone combo jack (3.5mm) 1x Ethernet (RJ-45)"", ""Optional Ports (configured)"": ""None"", ""Docking"": ""Various docking solutions supported via Thunderbolt™ / USB-C®. For more compatible docking solutions, please visit Docking for ThinkPad® T14 Gen 5 (Intel®)"", ""Smart Card Reader"": ""None"", ""Security Chip"": ""Discrete TPM 2.0 Enabled"", ""Fingerprint Reader"": ""Touch Style, Match-on-Chip, Integrated in Power Button"", ""Physical Locks"": ""Kensington® Nano Security Slot™, 2.5 x 6 mm"", ""Other Security"": ""Camera privacy shutter (camera models) IR camera for Windows® Hello (facial recognition)"", ""System Management"": ""Non-vPro®"", ""Base Warranty"": ""1-year, Courier or Carry-in"", ""Bundled Accessories"": ""None"", ""Green Certifications"": ""ErP Lot 6/26 RoHS compliant TCO Certified 10.0"", ""Mil-Spec Test"": ""MIL-STD-810H military test passed""}"
https://hexxone.com/laptops-by-brand/lenovo/lenovo-thinkpad-t14s-gen-3-amd-ryzen-5-pro-6650u-16gb-ram-512gb-ssd-14-inch-wqxga-display-backlight-keyboard?limit=30,Lenovo ThinkPad T14s Gen 3 AMD Ryzen 5 PRO 6650U - 16GB RAM - 512GB SSD - 14-inch WQXGA display - Backlight Keyboard,"NPR 135,020.00",Availability: Out Of Stock,"Model: Lenovo ThinkPad T14s Gen 3 2022 | Processor: AMD Ryzen 5 PRO 6650U | RAM: 16GB Soldered LPDDR5-6400 | Storage: 512GB SSD | Display: 14"" WUXGA (1920x1200) IPS 300nits | Graphic: Integrated AMD Radeon™ 680M Graphics | Warranty: 1 Year Warranty","{""Brand"": ""Lenovo"", ""Series"": ""ThinkPad Series"", ""Model"": ""Lenovo ThinkPad T14s Gen 3"", ""Type"": ""Notebook"", ""Processor"": ""AMD Ryzen 5 PRO 6650U (6C / 12T, 2.9 / 4.5GHz, 3MB L2 / 16MB L3)"", ""Graphics"": ""Integrated AMD Radeon™ 660M Graphics"", ""Chipset"": ""AMD SoC Platform"", ""Memory"": ""16GB Soldered LPDDR5-6400"", ""Memory Slots"": ""Memory soldered to systemboard, no slots, dual-channel"", ""Max Memory"": ""16GB soldered memory, not upgradable"", ""Storage"": ""512GB SSD M.2 2280 PCIe 4.0x4 NVMe Opal 2.0"", ""Storage Support"": ""One drive, up to 2TB M.2 2280 SSD"", ""Storage Slot"": ""One M.2 2280 PCIe® 4.0 x4 slot"", ""Card Reader"": ""None"", ""Optical"": ""None"", ""Audio Chip"": ""High Definition (HD) Audio, Realtek® ALC3287 codec"", ""Speakers"": ""Stereo speakers, 2W x2, Dolby® Audio™"", ""Camera"": ""FHD 1080p + IR Hybrid with Privacy Shutter"", ""Microphone"": ""2x, 360°"", ""Battery"": ""Integrated 57Wh"", ""Power Adapter"": ""65W USB-C® (3-pin)"", ""Display"": ""14\"" WUXGA (1920x1200) IPS 300nits Anti-glare, 45% NTSC"", ""Touchscreen"": ""None"", ""Keyboard"": ""Backlit, English"", ""Case Color"": ""Thunder Black"", ""Case Material"": ""Carbon Fiber Hybrid (Top), Aluminium (Bottom)"", ""Dimensions (WxDxH)"": ""317.5 x 226.9 x 16.9 mm (12.5 x 8.93 x 0.67 inches)"", ""Weight"": ""Starting at 1.23 kg (2.71 lbs)"", ""Operating System"": ""Windows® 11 DG Windows 10 Pro 64, Traditional Chinese / Simplified Chinese / English"", ""Bundled Software"": ""None"", ""Ethernet"": ""No Onboard Ethernet"", ""WLAN + Bluetooth"": ""Qualcomm® Wi-Fi® 6E NFA725A, 11ax 2x2 + BT5.1"", ""WWAN"": ""None"", ""SIM Card"": ""None"", ""NFC"": ""None"", ""Standard Ports"": ""1x USB4® 40Gbps (support data transfer, Power Delivery 3.0 and DisplayPort™ 1.4a) 1x USB-C® 3.2 Gen 2 (support data transfer, Power Delivery 3.0 and DisplayPort™ 1.4a) 1x USB 3.2 Gen 1 1x Headphone / microphone combo jack (3.5mm) 1x USB 3.2 Gen 1 (Always On) 1x HDMI®, up to 4K/60Hz"", ""Optional Ports (configured)"": ""None"", ""Docking"": ""Various docking solutions supported via USB-C®. For more compatible docking solutions, please visit Docking for ThinkPad T14s Gen 3 (AMD)"", ""Monitor Cable"": ""None"", ""Smart Card Reader"": ""None"", ""Security Chip"": ""Discrete TPM 2.0, Microsoft® Pluton TPM 2.0"", ""Fingerprint Reader"": ""Touch Style, Match-on-Chip, Integrated in Power Button"", ""Physical Locks"": ""Kensington® Nano Security Slot™, 2.5 x 6 mm"", ""Other Security"": ""Camera privacy shutter IR camera for Windows® Hello Glance by Mirametrix®"", ""System Management"": ""DASH"", ""Base Warranty"": ""1-year Local , 3 Year International"", ""Bundled Accessories"": ""None"", ""Green Certifications"": ""TCO Certified 9.0 EPEAT™ Gold ENERGY STAR® 8.0 RoHS compliant ErP Lot 3"", ""Mil-Spec Test"": ""MIL-STD-810H military test passed"", ""Lenovo ThinkPad T14s Gen 3 Price in Nepal"": ""Rs. 154,000 (Ryzen 5 Pro)""}"
https://hexxone.com/laptops-by-brand/lenovo/lenovo-thinkpad-x13-gen-3-amd-ryzen-5-pro-6650u-16gb-ram-512gb-ssd-133-inch-wuxga-display-in-nepal?limit=30,Lenovo ThinkPad X13 Gen 3 AMD Ryzen 5 Pro 6650U - 16GB RAM - 512GB SSD - 13.3-inch WUXGA display in Nepal,"NPR 126,500.00",Availability: Out Of Stock,"Model: Lenovo ThinkPad X13 Gen 3 2022 | Processor:  AMD Ryzen 5 Pro 6650U processor | RAM: 16GB Soldered LPDDR5-6400 | Storage: 512GB SSD | Display: 13.3"" WUXGA (1920x1200) IPS 300nits Anti-glare, 72% NTSC | Graphic: Integrated AMD Radeon™ 660M Graphics | Warranty: 1 Year Warranty","{""Brand"": ""Lenovo"", ""Series"": ""ThinkPad Series"", ""Model"": ""Lenovo ThinkPad X13 Gen 3"", ""Type"": ""Notebook"", ""Processor"": ""AMD Ryzen 5 PRO 6650U (6C / 12T, 2.9 / 4.5GHz, 3MB L2 / 16MB L3)"", ""Graphics"": ""Integrated AMD Radeon™ 660M Graphics"", ""Chipset"": ""AMD SoC Platform"", ""Memory"": ""16GB Soldered LPDDR5-6400"", ""Memory Slots"": ""Memory soldered to systemboard, no slots, dual-channel"", ""Max Memory"": ""16GB soldered memory, not upgradable"", ""Storage"": ""512GB SSD M.2 2280 PCIe® 4.0x4 NVMe® Opal 2.0"", ""Storage Support"": ""One drive, up to 2TB M.2 2280 SSD"", ""Storage Slot"": ""One M.2 2280 PCIe® 4.0 x4 slot"", ""Card Reader"": ""None"", ""Optical"": ""None"", ""Audio Chip"": ""High Definition (HD) Audio, Realtek® ALC3287 codec"", ""Speakers"": ""Stereo speakers, 2W x2, Dolby® Audio™"", ""Camera"": ""FHD 1080p + IR Hybrid with Privacy Shutter"", ""Microphone"": ""2x, 360°"", ""Battery"": ""Integrated 54.7Wh"", ""Power Adapter"": ""65W USB-C® (3-pin)"", ""Display"": ""13.3\"" WUXGA (1920x1200) IPS 300nits Anti-glare, 72% NTSC"", ""Touchscreen"": ""None"", ""Keyboard"": ""Backlit, English"", ""Case Color"": ""Thunder Black"", ""Case Material"": ""PPS (Top), Aluminium (Bottom)"", ""Dimensions (WxDxH)"": ""305.8 x 217.56 x 18.10 mm (12.04 x 8.57 x 0.71 inches)"", ""Weight"": ""Starting at 1.31 kg (2.88 lbs)"", ""Operating System"": ""Windows® 11 DG Windows 10 Pro 64, Traditional Chinese / Simplified Chinese / English"", ""Bundled Software"": ""None"", ""Ethernet"": ""No Onboard Ethernet"", ""WLAN + Bluetooth"": ""AMD Wi-Fi® 6E RZ616, 11ax 2x2 + BT5.1"", ""WWAN"": ""None"", ""SIM Card"": ""None"", ""NFC"": ""None"", ""Standard Ports"": ""1x USB4® 40Gbps (support data transfer, Power Delivery 3.0 and DisplayPort™ 1.4a) 1x USB-C® 3.2 Gen 2 (support data transfer, Power Delivery 3.0 and DisplayPort™ 1.4a) 1x USB 3.2 Gen 1 1x Headphone / microphone combo jack (3.5mm) 1x USB 3.2 Gen 1 (Always On) 1x HDMI®, up to 4K/60Hz"", ""Optional Ports (configured)"": ""None"", ""Docking"": ""Various docking solutions supported via USB-C®. For more compatible docking solutions, please visit Docking for ThinkPad T14s Gen 3 (AMD)"", ""Monitor Cable"": ""None"", ""Smart Card Reader"": ""None"", ""Security Chip"": ""Discrete TPM 2.0, Microsoft® Pluton TPM 2.0"", ""Fingerprint Reader"": ""Touch Style, Match-on-Chip, Integrated in Power Button"", ""Physical Locks"": ""Kensington® Nano Security Slot™, 2.5 x 6 mm"", ""Other Security"": ""Camera privacy shutter IR camera for Windows® Hello Glance by Mirametrix®"", ""System Management"": ""Non-DASH"", ""Warranty"": ""1-year local. 3 year International"", ""Bundled Accessories"": ""None"", ""Green Certifications"": ""TCO Certified 9.0 EPEAT™ Gold ErP Lot 3 RoHS compliant ENERGY STAR® 8.0"", ""Mil-Spec Test"": ""MIL-STD-810H military test passed"", ""Lenovo ThinkPad X13 Gen 3 Price in Nepal"": ""Rs. 149,000 (Ryzen 5 Pro)""}"
https://hexxone.com/laptops-by-brand/lenovo/lenovo-thinkpad-z13-gen-1-amd-ryzen-7-pro-6850u-16gb-ram-512gb-ssd-133-inch-wuxga-display-in-nepal?limit=30,Lenovo ThinkPad Z13 Gen 1 AMD Ryzen 7 PRO 6850U - 16GB RAM - 512GB SSD - 13.3-inch WUXGA display in Nepal,"NPR 174,620.00",Availability: Out Of Stock,"Model: Lenovo ThinkPad Z13 Gen 1 | Processor: AMD Ryzen 7 PRO 6850U | RAM: 16GB Soldered LPDDR5-6400 | Storage: 512GB SSD | Display: 13.3"" WUXGA IPS 400nits, 100% sRGB | Graphic: AMD Radeon™ 680M Graphics | Warranty: 1 Year Warranty","{""Processor"": ""AMD Ryzen™ 7 PRO 6850U (8C / 16T, 2.7 / 4.7GHz, 4MB L2 / 16MB L3)"", ""Graphics"": ""Integrated AMD Radeon™ 680M Graphics"", ""Chipset"": ""AMD SoC Platform"", ""Memory"": ""16GB Soldered LPDDR5-6400"", ""Memory Slots"": ""Memory soldered to systemboard, no slots, dual-channel"", ""Max Memory"": ""16GB soldered memory, not upgradable"", ""Storage"": ""512GB SSD M.2 2242 PCIe® 4.0x4 NVMe® Opal 2.0"", ""Storage Support"": ""One drive, up to 1TB M.2 2242 SSD"", ""Storage Slot"": ""One M.2 2242 PCIe® 4.0 x4 slot"", ""Card Reader"": ""None"", ""Optical"": ""None"", ""Audio Chip"": ""High Definition (HD) Audio, Realtek® ALC3306 codec"", ""Speakers"": ""Stereo speakers, 2W x2, Dolby® Atmos®"", ""Camera"": ""FHD 1080p + IR Hybrid with E-shutter"", ""Microphone"": ""2x, 360°"", ""Battery"": ""Integrated 51.5Wh"", ""Power Adapter"": ""65W USB-C® (3-pin)"", ""Display"": ""13.3\"" WUXGA (1920x1200) IPS 400nits Anti-glare, 100% sRGB, Low Power"", ""Touchscreen"": ""None"", ""Keyboard"": ""Backlit, English"", ""Case Color"": ""Black (Top), Black (Bottom)"", ""Case Material"": ""Aluminium (Top), Aluminium (Bottom)"", ""Pen"": ""Pen Upgradable (Purchase Separately)"", ""Dimensions (WxDxH)"": ""294.4 x 199.6 x 13.99 mm (11.59 x 7.86 x 0.55 inches)"", ""Weight"": ""Starting at 1.19 kg (2.63 lbs)"", ""Operating System"": ""Windows® 11 DG Windows 10 Pro 64, Traditional Chinese / Simplified Chinese / English"", ""Bundled Software"": ""None"", ""Ethernet"": ""No Onboard Ethernet"", ""WLAN + Bluetooth"": ""Qualcomm® Wi-Fi® 6E NFA725A, 11ax 2x2 + BT5.1"", ""WWAN"": ""None"", ""SIM Card"": ""None"", ""NFC"": ""None"", ""Standard Ports"": ""2x USB4® 40Gbps (support data transfer, Power Delivery 3.0 and DisplayPort™ 1.4a) 1x Headphone / microphone combo jack (3.5mm)"", ""Optional Ports (configured)"": ""None"", ""Docking"": ""Various docking solutions supported via USB-C®. For more compatible docking solutions, please visit Docking for ThinkPad® Z13 Gen 1"", ""Monitor Cable"": ""None"", ""Smart Card Reader"": ""None"", ""Security Chip"": ""Discrete TPM 2.0, Microsoft® Pluton TPM 2.0"", ""Fingerprint Reader"": ""Touch Style, Match-on-Chip, in Keyboard Key"", ""Other Security"": ""IR camera for Windows® Hello E-shutter Glance by Mirametrix®"", ""System Management"": ""DASH"", ""Base Warranty"": ""1-year Local , 3 Year International"", ""Bundled Accessories"": ""None"", ""Green Certifications"": ""EPEAT™ Gold ENERGY STAR® 8.0 ErP Lot 3 TCO Certified 9.0 RoHS compliant"", ""Other Certifications"": ""TÜV Rheinland® Low Blue Light"", ""Mil-Spec Test"": ""MIL-STD-810H military test passed""}"
https://hexxone.com/laptops-by-brand/lenovo/lenovo-thinkpad-z16-gen-1-ryzen-7-pro-amd-rx-6500m-16gb-ram-512gb-ssd-16-inch-wuxga-display-in-nepal?limit=30,Lenovo ThinkPad Z16 Gen 1 Ryzen 7 Pro - AMD RX 6500M - 16GB RAM - 512GB SSD - 16-inch WUXGA display in Nepal,"NPR 174,500.00",Availability: Out Of Stock,"Model: Lenovo ThinkPad Z16 Gen 1 | Processor: AMD Ryzen 7 PRO 6850H | RAM: 16GB Soldered LPDDR5-6400 | Storage: 512GB SSD | Display: 16"" WUXGA (1920x1200) IPS 400nits | Graphic: AMD Radeon RX 6500M 4GB GDDR6 | Warranty: 1 Year Warranty","{""Brand"": ""Lenovo"", ""Series"": ""Lenovo ThinkPad Series"", ""Model"": ""Lenovo ThinkPad Z16 Gen 1"", ""Type"": ""Thin and Light Ultrabook"", ""Processor"": ""AMD Ryzen 7 PRO 6850H (8C / 16T, 3.2 / 4.7GHz, 4MB L2 / 16MB L3)"", ""Graphics"": ""AMD Radeon RX 6500M 4GB GDDR6"", ""Chipset"": ""AMD SoC Platform"", ""Laptop RAM"": ""16GB Soldered LPDDR5-6400"", ""Memory Slots"": ""Memory soldered to systemboard, no slots, dual-channel"", ""Max Memory"": ""16GB soldered memory, not upgradable"", ""Storage"": ""512GB SSD M.2 2280 PCIe 4.0x4 Performance NVMe Opal 2.0"", ""Storage Support"": ""One drive, up to 2TB M.2 2280 SSD"", ""Storage Slot"": ""One M.2 2280 PCIe 4.0 x4 slot"", ""Card Reader"": ""SD Card Reader"", ""Optical"": ""None"", ""Audio Chip"": ""High Definition (HD) Audio, Realtek ALC3306 codec"", ""Speakers"": ""Stereo speakers, 2W x2, Dolby Atmos"", ""Camera"": ""FHD 1080p + IR Hybrid with E-shutter"", ""Microphone"": ""2x, 360°"", ""Battery"": ""Integrated 72Wh"", ""Power Adapter"": ""135W USB-C Slim (3-pin)"", ""Display"": ""16\"" WUXGA (1920x1200) IPS 400nits Anti-glare, 100% sRGB, Low Power"", ""Touchscreen"": ""None"", ""Keyboard"": ""Backlit, English"", ""Case Color"": ""Arctic Grey (Top), Black (Bottom)"", ""Case Material"": ""Aluminium (Top), Aluminium (Bottom)"", ""Pen"": ""Pen Upgradable (Purchase Separately)"", ""Dimensions (WxDxH)"": ""354.4 x 237.4 x 15.8 mm (13.95 x 9.35 x 0.62 inches)"", ""Weight"": ""Starting at 1.81 kg (3.99 lbs)"", ""Operating System"": ""Windows 11 DG Windows 10 Pro 64, Traditional Chinese / Simplified Chinese / English"", ""Bundled Software"": ""None"", ""Ethernet"": ""No Onboard Ethernet"", ""WLAN + Bluetooth"": ""Qualcomm® Wi-Fi® 6E NFA725A, 11ax 2x2 + BT5.1"", ""WWAN"": ""None"", ""SIM Card"": ""None"", ""NFC"": ""None"", ""Standard Ports"": ""1x USB-C 3.2 Gen 2 (support data transfer, Power Delivery 3.0 and DisplayPort 1.4a) 2x USB4 40Gbps (support data transfer, Power Delivery 3.0 and DisplayPort 1.4a) 1x SD card reader 1x Headphone / microphone combo jack (3.5mm)"", ""Optional Ports (configured)"": ""None"", ""Docking"": ""Various docking solutions supported via USB-C"", ""Monitor Cable"": ""None"", ""Smart Card Reader"": ""None"", ""Security Chip"": ""Discrete TPM 2.0 Enabled"", ""Fingerprint Reader"": ""Touch Style, Match-on-Chip, in Keyboard Key"", ""Physical Locks"": ""Kensington Nano Security Slot, 2.5 x 6 mm"", ""Other Security"": ""IR camera for Windows® Hello E-shutter Glance by Mirametrix®"", ""System Management"": ""DASH"", ""Base Warranty"": ""1-year, Courier or Carry-in"", ""Included Upgrade"": ""3Y Premier Support Upgrade from 1Y Courier/Carry-in (5WS0T36118)"", ""Bundled Accessories"": ""None"", ""Green Certifications"": ""EPEAT Gold Registered ENERGY STAR 8.0 ErP Lot 3 TCO Certified 9.0 RoHS compliant"", ""Other Certifications"": ""TÜV Rheinland Low Blue Light"", ""Mil-Spec Test"": ""MIL-STD-810H military test passed"", ""Lenovo ThinkPad Z16 Gen 1 Price in Nepal"": ""Rs. 219,000""}"
https://hexxone.com/laptops-by-brand/lenovo/lenovo-v14-g3-iap-2023-intel-core-i5-1235u-8gb-ram-512gb-ssd-14-inch-fhd-display-1-year-warranty-in-nepal?limit=30,Lenovo V14 G3 IAP 2023 Intel Core i5-1235U - 8GB RAM - 512GB SSD - 14-inch FHD display - 1 year Warranty in Nepal,"NPR 72,500.00",Availability: Out Of Stock,"Model : Lenovo V14 G3 IAP 2023 | Processor : Intel® Core™ i5-1235U | RAM : 8GB Soldered DDR4-3200 + 1 Empty Slot | Storage : 512GB SSD | Display : 14"" FHD (1920x1080) IPS 250nits | Graphic : Integrated Intel® Iris® Xe Graphics Functions as UHD Graphics | Warranty : 1 Year Warranty","{""Processor"": ""Intel Core i5-1235U, 10C (2P + 8E) / 12T, P-core 1.3 / 4.4GHz, E-core 0.9 / 3.3GHz, 12MB"", ""Graphics"": ""Integrated Intel® Iris® Xe Graphics Functions as UHD Graphics"", ""Chipset"": ""Intel® SoC Platform"", ""Memory"": ""8GB Soldered DDR4-3200"", ""Memory Slots"": ""One memory soldered to systemboard, one DDR4 SO-DIMM slot, dual-channel capable"", ""Max Memory"": ""Up to 16GB (8GB soldered + 8GB SO-DIMM) DDR4-3200 offering"", ""Storage"": ""512GB SSD M.2 2242 PCIe® 3.0x4 NVMe®"", ""Storage Support"": ""Models with 45Wh battery: one drive, 1x M.2 SSD • M.2 2242 SSD up to 512GB • M.2 2280 SSD up to 512GB"", ""Storage Slot"": ""Models with 45Wh battery: one M.2 slot • One M.2 2280 PCIe® 4.0 x4 slot"", ""Card Reader"": ""None"", ""Optical"": ""None"", ""Audio Chip"": ""High Definition (HD) Audio, Realtek® ALC3287 codec"", ""Speakers"": ""Stereo speakers, 1.5W x2, Dolby® Audio™"", ""Camera"": ""HD 720p with Privacy Shutter"", ""Microphone"": ""2x, Array"", ""Battery"": ""Integrated 45Wh"", ""Power Adapter"": ""65W Round Tip (3-pin)"", ""Display"": ""14\"" FHD (1920x1080) TN 250nits Anti-glare"", ""Touchscreen"": ""None"", ""Keyboard"": ""Non-backlit, English"", ""Case Color"": ""Iron Grey"", ""Surface Treatment"": ""IMR (In-Mold Decoration by Roller)"", ""Case Material"": ""PC-ABS (Top), PC-ABS (Bottom)"", ""Dimensions (WxDxH)"": ""324 x 215 x 19.9 mm (12.75 x 8.46 x 0.78 inches)"", ""Weight"": ""Starting at 1.43 kg (3.15 lbs)"", ""Operating System"": ""Free Dos"", ""Bundled Software"": ""None"", ""Ethernet"": ""100/1000M (RJ-45)"", ""WLAN + Bluetooth"": ""Wi-Fi® 6, 11ax 2x2 + BT5.1"", ""Standard Ports"": ""1x USB 2.0 1x USB 3.2 Gen 1 1x USB-C® 3.2 Gen 1 (support data transfer, Power Delivery 3.0 and DisplayPort™ 1.2) 1x HDMI® 1.4b 1x Headphone / microphone combo jack (3.5mm) 1x Ethernet (RJ-45) 1x Power connector"", ""Security Chip"": ""Firmware TPM 2.0 Enabled"", ""Fingerprint Reader"": ""None"", ""Physical Locks"": ""Kensington® Nano Security Slot™, 2.5 x 6 mm"", ""Other Security"": ""Camera privacy shutter"", ""Base Warranty"": ""1-year, Courier or Carry-in"", ""Included Upgrade"": ""None"", ""Bundled Accessories"": ""None"", ""Green Certifications"": ""ENERGY STAR® 8.0 EPEAT™ Silver Registered ErP Lot 3 RoHS compliant"", ""Other Certifications"": ""TÜV Rheinland® Low Blue Light (Software Solution)"", ""Mil-Spec Test"": ""MIL-STD-810H military test passed""}"
https://hexxone.com/laptops-by-brand/lenovo/lenovo-v14-g4-2023-amd-ryzen-5-7520u-8gb-ram-512gb-ssd-14-inch-fhd-display-1-year-warranty-in-nepal?limit=30,Lenovo V14 G4 2023 AMD Ryzen 5 7520U - 8GB RAM - 512GB SSD - 14-inch FHD display - 1 year Warranty in Nepal,"NPR 63,500.00",Availability: Out Of Stock,"Model : Lenovo V14 G4 2023 | Processor : AMD Ryzen 5 7520U | RAM : 8GB Soldered DDR5-5200 | Storage : 512GB SSD | Display : 14"" FHD (1920x1080) IPS 250nits | Graphics : Integrated AMD Radeon 610M Graphics | Warranty : 1 Year Warranty","{""Processor"": ""AMD Ryzen™ 5 7520U (4C / 8T, 2.8 / 4.3GHz, 2MB L2 / 4MB L3)"", ""Graphics"": ""Integrated AMD Radeon™ 610M Graphics"", ""Chipset"": ""AMD SoC Platform"", ""Memory"": ""8GB Soldered LPDDR5-5500"", ""Memory Slots"": ""Memory soldered to systemboard, no slots, dual-channel"", ""Max Memory"": ""8GB soldered memory, not upgradable"", ""Storage"": ""512GB SSD M.2 2242 PCIe® 4.0x4 NVMe®"", ""Storage Support"": ""One M.2 2242 PCIe® 3.0 x2 slot"", ""Storage Slot"": ""Models with 45Wh battery: one M.2 slot • One M.2 2280 PCIe® 4.0 x4 slot"", ""Card Reader"": ""None"", ""Optical"": ""None"", ""Audio Chip"": ""High Definition (HD) Audio, Realtek® ALC3287 codec"", ""Speakers"": ""Stereo speakers, 1.5W x2, Dolby® Audio™"", ""Camera"": ""HD 720p with Privacy Shutter"", ""Microphone"": ""2x, Array"", ""Battery"": ""Integrated 38Wh"", ""Power Adapter"": ""65W Round Tip (3-pin)"", ""Display"": ""14\"" FHD (1920x1080) TN 250nits Anti-glare"", ""Touchscreen"": ""None"", ""Keyboard"": ""Non-backlit, English"", ""Case Color"": ""Iron Grey"", ""Surface Treatment"": ""IMR (In-Mold Decoration by Roller)"", ""Case Material"": ""PC-ABS (Top), PC-ABS (Bottom)"", ""Dimensions (WxDxH)"": ""324 x 215 x 19.9 mm (12.75 x 8.46 x 0.78 inches)"", ""Weight"": ""Starting at 1.43 kg (3.15 lbs)"", ""Operating System"": ""Free Dos"", ""Bundled Software"": ""None"", ""Ethernet"": ""100/1000M (RJ-45)"", ""WLAN + Bluetooth"": ""11ac 2x2 + BT5.1"", ""Standard Ports"": ""2x USB 3.2 Gen 1,1x USB-C® 3.2 Gen 1 (support data transfer, Power Delivery (20V only) and DisplayPort™ 1.2),1x HDMI® 1.4b,1x Headphone / microphone combo jack (3.5mm),1x Ethernet (RJ-45),1x Power connector"", ""Security Chip"": ""Firmware TPM 2.0 Enabled"", ""Fingerprint Reader"": ""None"", ""Physical Locks"": ""Kensington® Nano Security Slot™, 2.5 x 6 mm"", ""Other Security"": ""Camera privacy shutter"", ""Base Warranty"": ""1-year, Courier or Carry-in"", ""Included Upgrade"": ""None"", ""Bundled Accessories"": ""None"", ""Green Certifications"": ""ENERGY STAR® 8.0 EPEAT™ Silver Registered ErP Lot 3 RoHS compliant"", ""Other Certifications"": ""TÜV Rheinland® Low Blue Light (Software Solution)"", ""Mil-Spec Test"": ""MIL-STD-810H military test passed""}"
https://hexxone.com/laptops-by-brand/lenovo/lenovo-v14-g4-2023-amd-ryzen-7-7730u-16gb-ram-512gb-ssd-14-inch-fhd-display-1-year-warranty-in-nepal?limit=30,Lenovo V14 G4 2023 AMD Ryzen 7 7730U - 16GB RAM - 512GB SSD - 14-inch FHD display - 1 year Warranty in Nepal,"NPR 85,500.00",Availability: Out Of Stock,"Model : Lenovo V14 G4 2023 | Processor : AMD Ryzen 7 7730U | RAM : 16GB Soldered DDR5-5200 | Storage : 512GB SSD | Display : 14"" FHD (1920x1080) IPS 250nits | Graphics : Integrated AMD Radeon 610M Graphics | Warranty : 1 Year Warranty","{""Processor"": ""AMD Ryzen 7 7730U, 8-core 16-threads, 2.0GHz, Upto 4.5GHz, 4MB L2 / 16MB L3"", ""Graphics"": ""Integrated AMD Radeon™ 610M Graphics"", ""Chipset"": ""AMD SoC Platform"", ""Memory"": ""16GB Soldered LPDDR5-5500"", ""Memory Slots"": ""Memory soldered to systemboard, no slots, dual-channel"", ""Max Memory"": ""16GB soldered memory, not upgradable"", ""Storage"": ""512GB SSD M.2 2242 PCIe® 4.0x4 NVMe®"", ""Storage Support"": ""One M.2 2242 PCIe® 3.0 x2 slot"", ""Storage Slot"": ""Models with 45Wh battery: one M.2 slot • One M.2 2280 PCIe® 4.0 x4 slot"", ""Card Reader"": ""None"", ""Optical"": ""None"", ""Audio Chip"": ""High Definition (HD) Audio, Realtek® ALC3287 codec"", ""Speakers"": ""Stereo speakers, 1.5W x2, Dolby® Audio™"", ""Camera"": ""HD 720p with Privacy Shutter"", ""Microphone"": ""2x, Array"", ""Battery"": ""Integrated 45Wh"", ""Power Adapter"": ""65W Round Tip (3-pin)"", ""Display"": ""14\"" FHD (1920x1080) TN 250nits Anti-glare"", ""Touchscreen"": ""None"", ""Keyboard"": ""Non-backlit, English"", ""Case Color"": ""Iron Grey"", ""Surface Treatment"": ""IMR (In-Mold Decoration by Roller)"", ""Case Material"": ""PC-ABS (Top), PC-ABS (Bottom)"", ""Dimensions (WxDxH)"": ""324 x 215 x 19.9 mm (12.75 x 8.46 x 0.78 inches)"", ""Weight"": ""Starting at 1.43 kg (3.15 lbs)"", ""Operating System"": ""Free Dos"", ""Bundled Software"": ""None"", ""Ethernet"": ""100/1000M (RJ-45)"", ""WLAN + Bluetooth"": ""11ac 2x2 + BT5.1"", ""Standard Ports"": ""2x USB 3.2 Gen 1,1x USB-C® 3.2 Gen 1 (support data transfer, Power Delivery (20V only) and DisplayPort™ 1.2),1x HDMI® 1.4b,1x Headphone / microphone combo jack (3.5mm),1x Ethernet (RJ-45),1x Power connector"", ""Security Chip"": ""Firmware TPM 2.0 Enabled"", ""Fingerprint Reader"": ""None"", ""Physical Locks"": ""Kensington® Nano Security Slot™, 2.5 x 6 mm"", ""Other Security"": ""Camera privacy shutter"", ""Base Warranty"": ""1-year, Courier or Carry-in"", ""Included Upgrade"": ""None"", ""Bundled Accessories"": ""None"", ""Green Certifications"": ""ENERGY STAR® 8.0 EPEAT™ Silver Registered ErP Lot 3 RoHS compliant"", ""Other Certifications"": ""TÜV Rheinland® Low Blue Light (Software Solution)"", ""Mil-Spec Test"": ""MIL-STD-810H military test passed""}"
https://hexxone.com/laptops-by-brand/lenovo/lenovo-v14-g4-iap-2023-intel-core-i5-1335u-16gb-ram-512gb-ssd-14-inch-fhd-display-1-year-warranty-in-nepal?limit=30,Lenovo V14 G4 IAP 2023 Intel Core i5-1335U - 16GB RAM - 512GB SSD - 14-inch FHD display - 1 year Warranty in Nepal,"NPR 84,400.00",Availability: Out Of Stock,"Model : Lenovo V14 G3 IAP 2023 | Processor : Intel® Core™ i5-1335U | RAM : 16GB  8GB Soldered DDR4-3200 + 8GB DDR4-3200 | Storage : 512GB SSD | Display : 14"" FHD (1920x1080) IPS 250nits | Graphic : Integrated Intel® Iris® Xe Graphics Functions as UHD Graphics | Warranty : 1 Year Warranty","{""Processor"": ""Core i5-1335U 10 (2 P-core + 8 E-core) 12 P-core 1.3GHz / E-core 0.9GHz P-core 4.6GHz / E-core 3.4GHz, 12MB"", ""Graphics"": ""Integrated Intel® Iris® Xe Graphics Functions as UHD Graphics"", ""Chipset"": ""Intel® SoC Platform"", ""Memory"": ""16GB DDR4"", ""Memory Slots"": ""One memory soldered to systemboard, one DDR4 SO-DIMM slot, dual-channel capable"", ""Max Memory"": ""Up to 16GB (8GB soldered + 8GB SO-DIMM) DDR4-3200 offering"", ""Storage"": ""512GB SSD M.2 2242 PCIe® 3.0x4 NVMe®"", ""Storage Support"": ""Models with 45Wh battery: one drive, 1x M.2 SSD • M.2 2242 SSD up to 512GB • M.2 2280 SSD up to 512GB"", ""Storage Slot"": ""Models with 45Wh battery: one M.2 slot • One M.2 2280 PCIe® 4.0 x4 slot"", ""Card Reader"": ""None"", ""Optical"": ""None"", ""Audio Chip"": ""High Definition (HD) Audio, Realtek® ALC3287 codec"", ""Speakers"": ""Stereo speakers, 1.5W x2, Dolby® Audio™"", ""Camera"": ""HD 720p with Privacy Shutter"", ""Microphone"": ""2x, Array"", ""Battery"": ""Integrated 45Wh"", ""Power Adapter"": ""65W Round Tip (3-pin)"", ""Display"": ""14\"" FHD (1920x1080) TN 250nits Anti-glare"", ""Touchscreen"": ""None"", ""Keyboard"": ""Non-backlit, English"", ""Case Color"": ""Iron Grey"", ""Surface Treatment"": ""IMR (In-Mold Decoration by Roller)"", ""Case Material"": ""PC-ABS (Top), PC-ABS (Bottom)"", ""Dimensions (WxDxH)"": ""324 x 215 x 19.9 mm (12.75 x 8.46 x 0.78 inches)"", ""Weight"": ""Starting at 1.43 kg (3.15 lbs)"", ""Operating System"": ""Free Dos"", ""Bundled Software"": ""None"", ""Ethernet"": ""100/1000M (RJ-45)"", ""WLAN + Bluetooth"": ""Wi-Fi® 6, 11ax 2x2 + BT5.1"", ""Standard Ports"": ""1x USB 2.0 1x USB 3.2 Gen 1 1x USB-C® 3.2 Gen 1 (support data transfer, Power Delivery 3.0 and DisplayPort™ 1.2) 1x HDMI® 1.4b 1x Headphone / microphone combo jack (3.5mm) 1x Ethernet (RJ-45) 1x Power connector"", ""Security Chip"": ""Firmware TPM 2.0 Enabled"", ""Fingerprint Reader"": ""None"", ""Physical Locks"": ""Kensington® Nano Security Slot™, 2.5 x 6 mm"", ""Other Security"": ""Camera privacy shutter"", ""Base Warranty"": ""1-year, Courier or Carry-in"", ""Included Upgrade"": ""None"", ""Bundled Accessories"": ""None"", ""Green Certifications"": ""ENERGY STAR® 8.0 EPEAT™ Silver Registered ErP Lot 3 RoHS compliant"", ""Other Certifications"": ""TÜV Rheinland® Low Blue Light (Software Solution)"", ""Mil-Spec Test"": ""MIL-STD-810H military test passed""}"
https://hexxone.com/laptops-by-brand/lenovo/lenovo-v15-g3-iap-2023-intel-core-i7-1255u-16gb-ram-512gb-ssd-156-inch-fhd-display-1-year-warranty-in-nepal?limit=30,Lenovo V15 G3 IAP 2023 Intel Core i7-1255U - 16GB RAM - 512GB SSD - 15.6-inch FHD display - 1 year Warranty in Nepal,"NPR 97,500.00",Availability: Out Of Stock,"Model : Lenovo V15 G3 IAP 2023 | Processor : Intel Core i7-1255U | RAM : 8GB Soldered DDR4-3200 + 8GB Ram | Storage : 512GB SSD | Display : 15.6"" FHD (1920x1080) IPS 250nits | Graphic : Integrated Intel Iris Xe Graphics Functions as UHD Graphics | Warranty : 1 Year Warranty","{""Processor"": ""Intel Core i7-1255U, 10C (2P + 8E) / 12T, P-core 1.7 / 4.7GHz, E-core 1.2 / 3.5GHz, 12MB"", ""Graphics"": ""Integrated Intel® Iris® Xe Graphics Functions as UHD Graphics"", ""Chipset"": ""Intel SoC Platform"", ""Memory"": ""16GB DDR4-3200"", ""Memory Slots"": ""One memory soldered to systemboard, one DDR4 SO-DIMM slot, dual-channel capable"", ""Max Memory"": ""Up to 16GB (8GB soldered + 8GB SO-DIMM) DDR4-3200 offering"", ""Storage"": ""512GB SSD M.2 2242 PCIe® 3.0x4 NVMe®"", ""Storage Support"": ""Models with 45Wh battery: one drive, 1x M.2 SSD • M.2 2242 SSD up to 1TB"", ""Storage Slot"": ""Models with 45Wh battery: one M.2 slot • One M.2 2280 PCIe® 4.0 x4 slot"", ""Card Reader"": ""None"", ""Optical"": ""None"", ""Audio Chip"": ""High Definition (HD) Audio, Realtek® ALC3287 codec"", ""Speakers"": ""Stereo speakers, 1.5W x2, Dolby® Audio™"", ""Camera"": ""HD 720p with Privacy Shutter"", ""Microphone"": ""2x, Array"", ""Battery"": ""Integrated 45Wh"", ""Power Adapter"": ""65W Round Tip (3-pin)"", ""Display"": ""15.6\"" FHD (1920x1080) TN 250nits Anti-glare"", ""Touchscreen"": ""None"", ""Keyboard"": ""Non-backlit, English"", ""Case Color"": ""Iron Grey"", ""Surface Treatment"": ""IMR (In-Mold Decoration by Roller)"", ""Case Material"": ""PC-ABS (Top), PC-ABS (Bottom)"", ""Dimensions (WxDxH)"": ""359 x 236 x 19.9 mm (14.13 x 9.29 x 0.78 inches)"", ""Weight"": ""Starting at 1.7 kg (3.75 lbs)"", ""Operating System"": ""None"", ""Bundled Software"": ""None"", ""Ethernet"": ""100/1000M (RJ-45)"", ""WLAN + Bluetooth"": ""Wi-Fi® 6, 11ax 2x2 + BT5.1"", ""Standard Ports"": ""1x USB 2.0 1x USB 3.2 Gen 1 1x USB-C® 3.2 Gen 1 (support data transfer, Power Delivery 3.0 and DisplayPort™ 1.2) 1x HDMI® 1.4b 1x Headphone / microphone combo jack (3.5mm) 1x Ethernet (RJ-45) 1x Power connector"", ""Security Chip"": ""Firmware TPM 2.0 Enabled"", ""Fingerprint Reader"": ""None"", ""Physical Locks"": ""Kensington® Nano Security Slot™, 2.5 x 6 mm"", ""Other Security"": ""Camera privacy shutter"", ""Base Warranty"": ""1-year, Courier or Carry-in"", ""Included Upgrade"": ""None"", ""Bundled Accessories"": ""None"", ""Green Certifications"": ""ErP Lot 3 RoHS compliant"", ""Other Certifications"": ""TÜV Rheinland® Low Blue Light (Software Solution)"", ""Mil-Spec Test"": ""MIL-STD-810H military test passed""}"
https://hexxone.com/laptops-by-brand/lenovo/lenovo-yoga-7-2-in-1-14ahp9-2024-amd-ryzen-5-8640hs-8gb-ram-512gb-ssd-14-inch-wuxga-360-degree-touch-display-in-nepal?limit=30,"Lenovo Yoga 7 2-in-1 14AHP9 2024 AMD Ryzen 5 8640HS - 8GB RAM - 512GB SSD - 14-inch WUXGA, 360-degree Touch display in Nepal","NPR 92,500.00",Availability: Out Of Stock,"Model: Lenovo Yoga 7 2024 | Processor: AMD Ryzen™ 5 8640HS Processor | RAM: 8 GB LPDDR5X-6400MHz | Storage: 512GB SSD | Display: 14"" WUXGA (1920x1200) IPS 300nits Glossy, Touch | Graphic: Intel Iris Xe Graphics | Warranty: 1 Year Warranty","{""Processor"": ""AMD Ryzen™ 5 8640HS (6C / 12T, 3.5 / 4.9GHz, 6MB L2 / 16MB L3)"", ""AI PC Category"": ""AI PC"", ""NPU"": ""Integrated AMD Ryzen™ AI, up to 16 TOPS"", ""Graphics"": ""Integrated AMD Radeon™ 760M Graphics"", ""Chipset"": ""AMD SoC Platform"", ""Memory"": ""8GB Soldered LPDDR5-6400"", ""Memory Slots"": ""Memory soldered to systemboard, no slots, dual-channel"", ""Max Memory"": ""8GB soldered memory, not upgradable"", ""Storage"": ""512GB SSD M.2 2242 PCIe® 4.0x4 NVMe®"", ""Storage Support"": ""One drive, up to 1TB M.2 2242 SSD"", ""Storage Slot"": ""One M.2 2242 PCIe® 4.0 x4 slot"", ""Card Reader"": ""microSD Card Reader"", ""Audio Chip"": ""High Definition (HD) Audio, Realtek® ALC3306 codec"", ""Speakers"": ""Stereo speakers, 2W x2, optimized with Dolby Atmos®, Smart Amplifier (AMP)"", ""Camera"": ""FHD 1080p + IR with Privacy Shutter"", ""Microphone"": ""2x, Array"", ""Battery"": ""Integrated 71Wh"", ""Power Adapter"": ""65W USB-C® (3-pin)"", ""Display"": ""14\"" WUXGA (1920x1200) IPS 300nits Glossy / Anti-fingerprint, 45% NTSC, 60Hz, Dolby Vision®, TÜV Low Blue Light, Glass, Touch"", ""Touchscreen"": ""OGM, 10-point Multi-touch"", ""Color Calibration"": ""None"", ""Keyboard"": ""Backlit, English (US)"", ""Touchpad"": ""Buttonless glass-like Mylar® surface multi-touch touchpad, supports Precision TouchPad (PTP), 75 x 120 mm (2.95 x 4.72 inches)"", ""Case Color"": ""Arctic Grey"", ""Surface Treatment"": ""Aluminium Stamping (Anodized with Sandblasting)"", ""Case Material"": ""Aluminium (Top), Aluminium (Bottom)"", ""Pen"": ""Pen Upgradable (Purchase Separately)"", ""Dimensions (WxDxH)"": ""317.72 x 222.13 x 16.64 mm (12.51 x 8.75 x 0.66 inches)"", ""Weight"": ""Starting at 1.61 kg (3.55 lbs)"", ""Operating System"": ""Windows® 11 Home, English"", ""Bundled Software"": ""Office Trial"", ""Ethernet"": ""No Onboard Ethernet"", ""WLAN + Bluetooth"": ""Wi-Fi® 6E, 802.11ax 2x2 + BT5.3"", ""WWAN"": ""Non-WWAN"", ""Standard Ports"": ""1x USB-A (USB 5Gbps / USB 3.2 Gen 1), Always On 1x USB-C® (USB 10Gbps / USB 3.2 Gen 2), with USB PD 3.1 and DisplayPort™ 1.4a 1x USB-C® (USB4® 40Gbps), with USB PD 3.1 and DisplayPort™ 1.4a 1x HDMI® 2.1, up to 4K/60Hz 1x Headphone / microphone combo jack (3.5mm) 1x microSD card reader"", ""Docking"": ""Various docking solutions are supported via USB-C®. For more compatible docking solutions, please visit Docking for Yoga® 7 2-in-1 14AHP9"", ""Security Chip"": ""Firmware TPM 2.0"", ""Fingerprint Reader"": ""Touch Style, on Palm Rest"", ""Other Security"": ""IR camera for Windows® Hello (facial recognition) Camera privacy shutter"", ""Base Warranty"": ""1-year, Courier or Carry-in"", ""Included Upgrade"": ""None"", ""Bundled Accessories"": ""None"", ""Green Certifications"": ""ENERGY STAR® 8.0 EPEAT™ Gold Registered ErP Lot 6/26 RoHS compliant"", ""Other Certifications"": ""Models with WUXGA IPS panel: TÜV Rheinland® Low Blue Light (Software Solution)"", ""Mil-Spec Test"": ""MIL-STD-810H military test passed (21 test items)""}"
https://hexxone.com/laptops-by-brand/lenovo/lenovo-yoga-7-2-in-1-16ahp9-2024-amd-ryzen-5-8640hs-8gb-ram-512gb-ssd-16-inch-wuxga-360-degree-touch-display-in-nepal?limit=30,"Lenovo Yoga 7 2-in-1 16AHP9 2024 AMD Ryzen 5 8640HS - 8GB RAM - 512GB SSD - 16-inch WUXGA, 360-degree Touch display in Nepal","NPR 98,500.00",Availability: Out Of Stock,"Model: Lenovo Yoga 7 16 2024 | Processor: AMD Ryzen™ 5 8640HS Processor | RAM: 8 GB LPDDR5X-6400MHz | Storage: 512GB SSD | Display: 16"" WUXGA (1920x1200) IPS 300nits Glossy, Touch | Graphic: Intel Iris Xe Graphics | Warranty: 1 Year Warranty","{""Processor"": ""AMD Ryzen™ 5 8640HS (6C / 12T, 3.5 / 4.9GHz, 6MB L2 / 16MB L3)"", ""AI PC Category"": ""AI PC"", ""NPU"": ""Integrated AMD Ryzen™ AI, up to 16 TOPS"", ""Graphics"": ""Integrated AMD Radeon™ 760M Graphics"", ""Chipset"": ""AMD SoC Platform"", ""Memory"": ""8GB Soldered LPDDR5-6400"", ""Memory Slots"": ""Memory soldered to systemboard, no slots, dual-channel"", ""Max Memory"": ""8GB soldered memory, not upgradable"", ""Storage"": ""512GB SSD M.2 2242 PCIe® 4.0x4 NVMe®"", ""Storage Support"": ""One drive, up to 1TB M.2 2242 SSD"", ""Storage Slot"": ""One M.2 2242 PCIe® 4.0 x4 slot"", ""Card Reader"": ""microSD Card Reader"", ""Audio Chip"": ""High Definition (HD) Audio, Realtek® ALC3306 codec"", ""Speakers"": ""Stereo speakers, 2W x2, optimized with Dolby Atmos®, Smart Amplifier (AMP)"", ""Camera"": ""FHD 1080p + IR with Privacy Shutter"", ""Microphone"": ""2x, Array"", ""Battery"": ""Integrated 71Wh"", ""Power Adapter"": ""65W USB-C® (3-pin)"", ""Display"": ""16\"" WUXGA (1920x1200) IPS 300nits Glossy / Anti-fingerprint, 45% NTSC, 60Hz, Dolby Vision®, TÜV Low Blue Light, Glass, Touch"", ""Touchscreen"": ""10-point Multi-touch"", ""Color Calibration"": ""None"", ""Keyboard"": ""Backlit, English (US)"", ""Touchpad"": ""Buttonless glass surface multi-touch touchpad, supports Precision TouchPad (PTP), 80 x 135 mm (3.15 x 5.31 inches)"", ""Case Color"": ""Arctic Grey"", ""Surface Treatment"": ""Aluminium Stamping (Anodized with Sandblasting)"", ""Case Material"": ""Aluminium (Top), Aluminium (Bottom)"", ""Pen"": ""Pen Upgradable (Purchase Separately)"", ""Dimensions (WxDxH)"": ""361.79 x 249.95 x 16.99 mm (14.24 x 9.84 x 0.67 inches)"", ""Weight"": ""Starting at 1.99 kg (4.39 lbs)"", ""Operating System"": ""Windows® 11 Home, English"", ""Bundled Software"": ""Office Trial"", ""Ethernet"": ""No Onboard Ethernet"", ""WLAN + Bluetooth"": ""Wi-Fi® 6E, 802.11ax 2x2 + BT5.3"", ""WWAN"": ""Non-WWAN"", ""Standard Ports"": ""1x USB-A (USB 5Gbps / USB 3.2 Gen 1) 1x USB-A (USB 5Gbps / USB 3.2 Gen 1), Always On 2x USB-C® (USB 10Gbps / USB 3.2 Gen 2), with USB PD 3.1 and DisplayPort™ 1.4a 1x HDMI® 2.1, up to 4K/60Hz 1x Headphone / microphone combo jack (3.5mm) 1x microSD card reader"", ""Docking"": ""Various docking solutions are supported via USB-C®. For more compatible docking solutions, please visit Docking for Yoga® 7 2-in-1 16AHP9"", ""Security Chip"": ""Firmware TPM 2.0"", ""Fingerprint Reader"": ""Touch Style, on Palm Rest"", ""Other Security"": ""Camera privacy shutter IR camera for Windows® Hello (facial recognition)"", ""Base Warranty"": ""1-year, Courier or Carry-in"", ""Included Upgrade"": ""None"", ""Bundled Accessories"": ""None"", ""Green Certifications"": ""ENERGY STAR® 8.0 EPEAT™ Gold Registered ErP Lot 6/26 RoHS compliant"", ""Other Certifications"": ""TÜV Rheinland® Low Blue Light (Software Solution)"", ""Mil-Spec Test"": ""MIL-STD-810H military test passed (21 test items)""}"
https://hexxone.com/laptops-by-brand/lenovo/lenovo-yoga-7-2024-intel-core-ultra-5-125u-16gb-ram-512gb-ssd-14-inch-fhd-60hz-360-degree-touch-display-in-nepal?limit=30,"Lenovo Yoga 7 2024 Intel Core Ultra 5 125U - 16GB RAM - 512GB SSD - 14-inch FHD+, 60Hz 360-degree Touch display in Nepal","NPR 124,500.00",Availability: Out Of Stock,"Model: Lenovo Yoga 7 2024 | Processor: Intel® Core™ Ultra 5 125U Processor | RAM: 16 GB LPDDR5X-7467MHz | Storage: 512GB SSD | Display: 14"" FHD+ 300nits, 60hz | Graphic: Intel Iris Xe Graphics | Warranty: 1 Year Warranty","{""Processor"": ""Intel® Core™ Ultra 5 125U, 12C (2P + 8E + 2LPE) / 14T, Max Turbo up to 4.3GHz, 12MB"", ""AI PC Category"": ""AI PC"", ""NPU"": ""Integrated Intel® AI Boost, up to 11 TOPS"", ""Graphics"": ""Integrated Intel® Graphics"", ""Chipset"": ""Intel® SoC Platform"", ""Memory"": ""16GB Soldered LPDDR5x-7467"", ""Memory Slots"": ""Memory soldered to systemboard, no slots, dual-channel"", ""Max Memory"": ""16GB soldered memory, not upgradable"", ""Storage"": ""512GB SSD M.2 2242 PCIe® 4.0x4 NVMe®"", ""Storage Support"": ""One drive, up to 1TB M.2 2242 SSD"", ""Storage Slot"": ""One M.2 2242 PCIe® 4.0 x4 slot"", ""Card Reader"": ""microSD Card Reader"", ""Audio Chip"": ""High Definition (HD) Audio, Realtek® ALC3306 codec"", ""Speakers"": ""Stereo speakers, 2W x2, optimized with Dolby Atmos®, Smart Amplifier (AMP)"", ""Camera"": ""FHD 1080p + IR with Privacy Shutter"", ""Microphone"": ""2x, Array"", ""Battery"": ""Integrated 71Wh"", ""Power Adapter"": ""65W USB-C® (3-pin)"", ""Display"": ""14\"" WUXGA (1920x1200) IPS 300nits Glossy / Anti-fingerprint, 45% NTSC, 60Hz, Dolby Vision®, TÜV Low Blue Light, Glass, Touch"", ""Touchscreen"": ""OGM, 10-point Multi-touch"", ""Color Calibration"": ""None"", ""Keyboard"": ""Backlit, English (US)"", ""Touchpad"": ""Buttonless glass-like Mylar® surface multi-touch touchpad, supports Precision TouchPad (PTP), 75 x 120 mm (2.95 x 4.72 inches)"", ""Case Color"": ""Storm Grey"", ""Surface Treatment"": ""Aluminium Stamping (Anodized with Sandblasting)"", ""Case Material"": ""Aluminium (Top), Aluminium (Bottom)"", ""Pen"": ""Pen Upgradable (Purchase Separately)"", ""Dimensions (WxDxH)"": ""317.72 x 222.13 x 16.64 mm (12.51 x 8.75 x 0.66 inches)"", ""Weight"": ""Starting at 1.61 kg (3.55 lbs)"", ""Operating System"": ""Windows® 11 Home, English"", ""Bundled Software"": ""Office Trial"", ""Ethernet"": ""No Onboard Ethernet"", ""WLAN + Bluetooth"": ""Wi-Fi® 6E, 802.11ax 2x2 + BT5.3"", ""WWAN"": ""Non-WWAN"", ""Standard Ports"": ""1x USB-A (USB 5Gbps / USB 3.2 Gen 1), Always On 2x USB-C® (Thunderbolt™ 4 / USB4® 40Gbps), with USB PD 3.1 and DisplayPort™ 2.1 1x HDMI® 2.1, up to 4K/60Hz 1x Headphone / microphone combo jack (3.5mm) 1x microSD card reader"", ""Docking"": ""Various docking solutions are supported via Thunderbolt™. For more compatible docking solutions, please visit Docking for Yoga® 7 2-in-1 14IML9"", ""Security Chip"": ""Firmware TPM 2.0"", ""Fingerprint Reader"": ""Touch Style, on Palm Rest"", ""Other Security"": ""Camera privacy shutter IR camera for Windows® Hello (facial recognition)"", ""Base Warranty"": ""1-year, Courier or Carry-in"", ""Included Upgrade"": ""None"", ""Bundled Accessories"": ""None"", ""Green Certifications"": ""ENERGY STAR® 8.0 EPEAT™ Gold Registered ErP Lot 6/26 RoHS compliant"", ""Other Certifications"": ""Models with WUXGA IPS panel: TÜV Rheinland® Low Blue Light (Software Solution)"", ""Mil-Spec Test"": ""MIL-STD-810H military test passed (21 test items)""}"
https://hexxone.com/laptops-by-brand/lenovo/lenovo-yoga-7-2024-intel-core-ultra-7-155h-16gb-ram-1tb-ssd-14-inch-wuxga-oled-360-degree-touch-display-stylus?limit=30,Lenovo Yoga 7 2024 Intel Core Ultra 7 155H - 16GB RAM - 1TB SSD - 14-inch WUXGA OLED 360-degree Touch display - Stylus,"NPR 164,000.00",Availability: Out Of Stock,"Model: Lenovo Yoga 7 2024 | Processor: Intel® Core™ Ultra 7 155H Processor | RAM: 16 GB LPDDR5X-7467MHz | Storage: 1TB SSD | Display: 14"" WUXGA OLED 400nits, | Graphic: Intel Iris Xe Graphics | Warranty: 1 Year Warranty","{""Processor"": ""Intel® Core™ Ultra 7 155H, 16C (6P + 8E + 2LPE) / 22T, Max Turbo up to 4.8GHz, 24MB"", ""AI PC Category"": ""AI PC"", ""NPU"": ""Integrated Intel® AI Boost, up to 11 TOPS"", ""Graphics"": ""Integrated Intel® Arc™ Graphics"", ""Chipset"": ""Intel® SoC Platform"", ""Memory"": ""16GB Soldered LPDDR5x-7467"", ""Memory Slots"": ""Memory soldered to systemboard, no slots, dual-channel"", ""Max Memory"": ""16GB soldered memory, not upgradable"", ""Storage"": ""1TB SSD M.2 2242 PCIe® 4.0x4 NVMe®"", ""Storage Support"": ""One drive, up to 1TB M.2 2242 SSD"", ""Storage Slot"": ""One M.2 2242 PCIe® 4.0 x4 slot"", ""Card Reader"": ""microSD Card Reader"", ""Audio Chip"": ""High Definition (HD) Audio, Realtek® ALC3306 codec"", ""Speakers"": ""Stereo speakers, 2W x2, optimized with Dolby Atmos®, Smart Amplifier (AMP)"", ""Camera"": ""FHD 1080p + IR with Privacy Shutter"", ""Microphone"": ""2x, Array"", ""Battery"": ""Integrated 71Wh"", ""Power Adapter"": ""65W USB-C® (3-pin)"", ""Display"": ""14\"" WUXGA (1920x1200) OLED 400nits Glossy / Anti-fingerprint, 100% DCI-P3, 60Hz, Dolby Vision®, TÜV Low Blue Light, DisplayHDR™ True Black 500, Glass, Touch"", ""Touchscreen"": ""OGM, 10-point Multi-touch"", ""Color Calibration"": ""None"", ""Keyboard"": ""Backlit, English"", ""Touchpad"": ""Buttonless glass-like Mylar® surface multi-touch touchpad, supports Precision TouchPad (PTP), 75 x 120 mm (2.95 x 4.72 inches)"", ""Case Color"": ""Storm Grey"", ""Surface Treatment"": ""Aluminium Stamping (Anodized with Sandblasting)"", ""Case Material"": ""Aluminium (Top), Aluminium (Bottom)"", ""Pen"": ""Lenovo® Digital Pen without Battery"", ""Dimensions (WxDxH)"": ""317.72 x 222.13 x 16.64 mm (12.51 x 8.75 x 0.66 inches)"", ""Weight"": ""Starting at 1.49 kg (3.28 lbs)"", ""Operating System"": ""Windows® 11 Pro, Simplified Chinese / English"", ""Bundled Software"": ""Office Trial"", ""Ethernet"": ""No Onboard Ethernet"", ""WLAN + Bluetooth"": ""Wi-Fi® 6E, 802.11ax 2x2 + BT5.3"", ""WWAN"": ""Non-WWAN"", ""Standard Ports"": ""1x USB-A (USB 5Gbps / USB 3.2 Gen 1), Always On 2x USB-C® (Thunderbolt™ 4 / USB4® 40Gbps), with USB PD 3.1 and DisplayPort™ 2.1 1x HDMI® 2.1, up to 4K/60Hz 1x Headphone / microphone combo jack (3.5mm) 1x microSD card reader"", ""Docking"": ""Various docking solutions are supported via Thunderbolt™. For more compatible docking solutions, please visit Docking for Yoga® 7 2-in-1 14IML9"", ""Security Chip"": ""Firmware TPM 2.0"", ""Fingerprint Reader"": ""None"", ""Other Security"": ""IR camera for Windows® Hello (facial recognition) Camera privacy shutter"", ""Base Warranty"": ""1-year, Courier or Carry-in"", ""Green Certifications"": ""ENERGY STAR® 8.0 EPEAT™ Gold Registered ErP Lot 6/26 RoHS compliant"", ""Other Certifications"": ""Intel® Evo™ Platform Models with 2.8K and WUXGA OLED panel: TÜV Rheinland® Low Blue Light (Hardware Solution)"", ""Mil-Spec Test"": ""MIL-STD-810H military test passed (21 test items)""}"
https://hexxone.com/laptops-by-brand/lenovo/lenovo-yoga-7i-i5-11th-gen-8gb-ram-256gb-ssd-156-inch-fhd-360-degree-touchscreen?limit=30,Lenovo Yoga 7i i5 11th Gen - 8GB RAM - 256GB SSD - 15.6-inch FHD 360-degree Touchscreen,"NPR 78,500.00",Availability: Out Of Stock,Model: Lenovo Yoga 7i 15ITL5 2-in-1 | Processor: 11th Gen Intel Core i5-1135G7 | RAM: 8GB Soldered DDR4-3200MHz | Storage: 256GB SSD | Display: 15.6-inch Full-HD IPS display; 250nits | Graphic: Integrated Intel Iris Xe Graphics | Warranty: 1 Year Warranty,"{""CPU"": ""11th Gen Intel Core i5-1135G7 processor; (4 Cores / 8 Threads, 2.4 - 4.2GHz, 8MB)"", ""RAM"": ""8GB Soldered DDR4-3200MHz"", ""Graphics"": ""Integrated Intel Iris Xe Graphics"", ""Audio"": ""Front-facing Dolby Atmos Speaker System"", ""Display"": ""15.6-inch Full-HD (1920 x 1080 pixels) IPS display; 250nits brightness; Glossy, 45% NTSC, AGC Soda-lime glass"", ""Connections"": ""1x USB 3.2 Gen 1 1x USB 3.2 Gen 1 (Always On) 1x headphone / microphone combo jack (3.5mm) 2x Thunderbolt 4 / USB4 40Gbps (support data transfer, Power Delivery 3.0 and DisplayPort 1.4)"", ""Networking"": ""Intel WiFi 6 2x2 802.11ax Bluetooth 5"", ""Storage"": ""256GB SSD"", ""Size height x width x depth (in mm)"": ""356.46 x 235.65 x 17.97-19.25 mm (14.03 x 9.27 x 0.70-0.75 inches)"", ""Battery"": ""4 Cell Li-Polymer"", ""camera webcam"": ""720p"", ""Weight"": ""1.9KG"", ""Lenovo Yoga 7i Price in Nepal"": ""Rs. 115,000""}"
https://hexxone.com/laptops-by-brand/lenovo/lenovo-yoga-9-2023-14irp8-13th-gen-i7-1360p-16gb-ram-1tbgb-ssd-14-inch-28k-90hz-oled-360-degree-touch-display-stylus?limit=30,Lenovo Yoga 9 2023 14IRP8 13th Gen i7-1360P - 16GB RAM - 1TBGB SSD - 14-inch 2.8K 90Hz OLED 360-degree Touch display - Stylus,"NPR 229,500.00",Availability: Out Of Stock,"Model: Lenovo Yoga 9 2023 14IRP8 | Processor: 13th Gen Intel Core i7-1360P | RAM: 16GB Soldered LPDDR5-5200 | Storage: 1TB SSD | Display: 14"" 2.8K OLED 400nits, 100% DCI-P3, 90Hz | Graphic: Intel Iris Xe Graphics | Warranty: 1 Year Warranty","{""Processor"": ""Intel® Core™ i7-1360P, 12C (4P + 8E) / 16T, P-core up to 5.0GHz, E-core up to 3.7GHz, 18MB"", ""Graphics"": ""Integrated Intel® Iris® Xe Graphics"", ""Chipset"": ""Intel® SoC Platform"", ""Memory"": ""16GB Soldered LPDDR5-5200"", ""Memory Slots"": ""Memory soldered to systemboard, no slots, dual-channel"", ""Max Memory"": ""16GB soldered memory, not upgradable"", ""Storage"": ""1TB SSD M.2 2280 PCIe® 4.0x4 NVMe®"", ""Storage Support"": ""One drive, up to 1TB M.2 2280 SSD"", ""Storage Slot"": ""One M.2 2280 PCIe® 4.0 x4 slot"", ""Card Reader"": ""None"", ""Optical"": ""None"", ""Audio Chip"": ""High Definition (HD) Audio, Realtek® ALC3306 codec"", ""Speakers"": ""4 stereo speakers, 3W x2 (woofers on the side), 2W x2 (front-facing tweeters on hinge bar), optimized with Dolby® Atmos®, Smart Amplifier (AMP), audio by Bowers & Wilkins"", ""Camera"": ""FHD 1080p + IR with Privacy Shutter, ToF Sensor"", ""Microphone"": ""2x, Array"", ""Battery"": ""Integrated 75Wh"", ""Max Battery Life"": ""MobileMark® 2018@200nits: 10.5 hr Local video (1080p) playback@150nits: 14 hr"", ""Power Adapter"": ""100W USB-C® Slim (3-pin)"", ""Display"": ""14\"" 2.8K (2880x1800) OLED 400nits Glossy, 100% DCI-P3, 90Hz, DisplayHDR™ 500, Dolby® Vision™, Eyesafe®, Glass, Touch"", ""Touchscreen"": ""10-point Multi-touch"", ""Keyboard"": ""Backlit, English"", ""Case Color"": ""Oatmeal"", ""Surface Treatment"": ""Aluminium CNC (Top), Aluminium Stamping (Bottom)"", ""Case Material"": ""Aluminium (Top), Aluminium (Bottom)"", ""Pen"": ""Lenovo® Precision Pen 2"", ""Dimensions (WxDxH)"": ""318 x 230 x 15.25 mm (12.52 x 9.06 x 0.6 inches)"", ""Weight"": ""Starting at 1.4 kg (3.09 lbs)"", ""Operating System"": ""Windows® 11 Home, Traditional Chinese / Simplified Chinese / English"", ""Bundled Software"": ""Microsoft® 365 Personal"", ""Ethernet"": ""No Onboard Ethernet"", ""WLAN + Bluetooth"": ""Wi-Fi® 6E, 11ax 2x2 + BT5.1"", ""WWAN"": ""None"", ""NFC"": ""None"", ""Standard Ports"": ""1x USB 3.2 Gen 2 1x USB-C® 3.2 Gen 2 (support data transfer, Power Delivery 3.0 and DisplayPort™ 1.4) 2x Thunderbolt™ 4 / USB4® 40Gbps (support data transfer, Power Delivery 3.0 and DisplayPort™ 1.4) 1x Headphone / microphone combo jack (3.5mm)"", ""Monitor Cable"": ""1x USB-C® 3-in-1 Hub"", ""Security Chip"": ""Firmware TPM 2.0"", ""Fingerprint Reader"": ""Touch Style, in Keyboard Key"", ""Other Security"": ""Camera privacy shutter IR camera for Windows® Hello"", ""Base Warranty"": ""1-year"", ""Bundled Accessories"": ""Lenovo® Yoga® 14-inch Sleeve"", ""Green Certifications"": ""EPEAT™ Gold Registered ENERGY STAR® 8.0 ErP Lot 6 ErP Lot 26 RoHS compliant"", ""Other Certifications"": ""Intel® Evo™ Platform Eyesafe® Certified 2.0 TÜV Rheinland® Low Blue Light (Hardware Solution)"", ""Mil-Spec Test"": ""MIL-STD-810H military test passed""}"
https://hexxone.com/laptops-by-brand/lenovo/lenovo-yoga-slim-7-carbon-i5-12th-gen-16gb-ram-512-ssd-133-inch-25k-90hz-display-in-nepal?limit=30,Lenovo Yoga slim 7 Carbon i5 12th Gen - 16GB RAM - 512 SSD - 13.3-inch 2.5K 90Hz display in Nepal,"NPR 127,750.00",Availability: Out Of Stock,"Model:  Lenovo Yoga Slim 6 2022 i5 | Processor: 12th Generation Intel Core i5-1240P Processor | RAM: 16GB Soldered LPDDR5-4800 | Storage: 512GB SSD | Display: 13.3"" 2.5K (2560x1600) IPS 400nits, 90Hz | Graphic: Integrated Intel Iris Xe Graphics | Warranty: 1 Year Warranty","{""Brand"": ""Lenovo"", ""Series"": ""Lenovo Yoga Series"", ""Model"": ""Lenovo Yoga Slim 7 Carbon 2022"", ""Type"": ""Thin and Light Ultrabook"", ""Processor"": ""Intel Core i5-1240P, 12C (4P + 8E) / 16T, P-core 1.7 / 4.4GHz, E-core 1.2 / 3.3GHz, 12MB"", ""Graphics"": ""Integrated Intel Iris Xe Graphics"", ""Chipset"": ""Intel SoC Platform"", ""Laptop RAM"": ""16GB Soldered LPDDR5-4800"", ""Memory Slots"": ""Memory soldered to systemboard, no slots, dual-channel"", ""Max Memory"": ""16GB soldered memory, not upgradable"", ""Storage"": ""512GB SSD M.2 2280 PCIe 4.0x4 NVMe"", ""Storage Support"": ""One drive, up to 512GB M.2 2242 SSD or 1TB M.2 2280 SSD"", ""Storage Slot"": ""One M.2 2280 PCIe® 4.0 x4 slot"", ""Card Reader"": ""None"", ""Optical"": ""None"", ""Audio Chip"": ""High Definition (HD) Audio, Realtek ALC3287 codec"", ""Speakers"": ""Stereo speakers, 2W x2, optimized with Dolby Atmos, audio by Harman"", ""Camera"": ""HD 720p + IR with E-shutter, ToF Sensor"", ""Microphone"": ""2x, Array"", ""Battery"": ""Integrated 50Wh"", ""Max Battery Life"": ""MobileMark 2018@200nits: 10.1 hr Local video (1080p) playback150nits: 13.7 hr"", ""Power Adapter"": ""65W USB-C Slim (2-pin, Wall-mount)"", ""Display"": ""13.3\"" 2.5K (2560x1600) IPS 400nits Anti-glare, 100% sRGB, 90Hz, Dolby Vision, Eyesafe"", ""Touchscreen"": ""None"", ""Color Calibration"": ""Factory Color Calibration"", ""Keyboard"": ""Backlit, English"", ""Case Color"": ""Onyx Grey"", ""Surface Treatment"": ""Painting"", ""Case Material"": ""Carbon Fiber (Top), Magnesium-aluminium (Bottom)"", ""Dimensions (WxDxH)"": ""300.98 x 206.03 x 14.8 mm (11.85 x 8.11 x 0.58 inches)"", ""Weight"": ""Starting at 968 g (2.13 lbs)"", ""Operating System"": ""Windows 11 Home, Traditional Chinese / Simplified Chinese / English"", ""Bundled Software"": ""Office Trial"", ""Ethernet"": ""No Onboard Ethernet"", ""WLAN + Bluetooth"": ""Wi-Fi 6E, 11ax 2x2 + BT5.1"", ""Standard Ports"": ""1x USB-C 3.2 Gen 2 (support data transfer, Power Delivery 3.0 and DisplayPort 1.4) 1x Thunderbolt 4 / USB4 40Gbps (support data transfer, Power Delivery 3.0 and DisplayPort 1.4)"", ""Monitor Cable"": ""1x Lenovo USB-C 4-in-1 Hub"", ""Security Chip"": ""Firmware TPM 2.0"", ""Fingerprint Reader"": ""None"", ""Other Security"": ""E-shutter IR camera for Windows Hello"", ""Base Warranty"": ""1-year"", ""Bundled Accessories"": ""None"", ""Green Certifications"": ""ENERGY STAR 8.0 ErP Lot 6 ErP Lot 26 RoHS compliant"", ""Other Certifications"": ""Intel Evo Platform Eyesafe Certified TÜV Rheinland Low Blue Light (Hardware Solution)"", ""Mil-Spec Test"": ""MIL-STD-810H military test passed"", ""Lenovo Yoga Slim 7 Carbon Price in Nepal"": ""Rs. 135,000""}"
https://hexxone.com/laptops-by-brand/msi/msi-bravo-15-a4dcr-ryzen-5-4600h-rx5300m-8gb-ram-512gb-ssd-156-inch-fhd-display-in-nepal?limit=30,MSI Bravo 15 A4DCR Ryzen 5 4600H - RX5300M - 8GB RAM - 512GB SSD - 15.6-inch FHD display in Nepal,"NPR 78,500.00",Availability: Out Of Stock,"Model: MSI Bravo 15 A4DCR | Processor: AMD Ryzen 5 4600H | Graphics: AMD RX5300M graphics card with 3GB of GDDR6 VRAM, | RAM: 8GB RAM | Storage: 512GB SSD | Display: 15.6-inch IPS display with FHD | 1 Years Warranty & Genuine Windows 10 Home","{""CPU"": ""AMD Ryzen 5 4600H Processor; Hexa-core (6-core) CPU"", ""OS"": ""Windows 10 Home"", ""Display"": ""15.6-inch IPS display; Full-HD (1920 x 1080 pixels) resolution;"", ""Graphics"": ""AMD Radeon RX 5300M with 3GB GDDR6 VRAM"", ""Memory Type"": ""8GB DDR4, 3200MHz Memory Type"", ""DIMM Slot"": ""DDR4-3200, 2 Slots, Max 64GB,"", ""SSD"": ""512GB SSD"", ""HDD"": ""Optional"", ""Optical Drive"": ""No"", ""Webcam"": ""HD type (30fps@720p)"", ""Keyboard"": ""RED Backlight Keyboard"", ""LAN"": ""Gb LAN 802.11 ax Wi-Fi 6 + Bluetooth v5.1"", ""Speaker"": ""2x 3W Speaker"", ""USB Port"": ""1x RJ45 1x (4K @ 30Hz) HDMI 2x Type-C USB3.2 Gen1 2x Type-A USB3.2 Gen1"", ""Battery"": ""3-Cell Li-Polymer Battery (Type) 51 Battery (Whr)"", ""AC Adapter"": ""180W adapter"", ""Dimension"": ""359 x 254 x 21.7 mm"", ""Weight"": ""1.96Kg"", ""MSI Bravo 15 A4DDR Price in Nepal"": ""Rs. 128,000""}"
https://hexxone.com/laptops-by-brand/msi/msi-creator-15-p65-9se-i7-9th-gen-rtx-2060-max-q-32gb-ram-1tb-ssd-156-inch-uhd-3840x2160-ips-level?limit=30,"MSI Creator 15 P65 9SE i7 9th Gen - RTX 2060 MAX-Q - 32GB RAM - 1TB SSD - 15.6-inch UHD (3840x2160), IPS-Level","NPR 129,500.00",Availability: Out Of Stock,Model: MSI Creator 15 P65 9SE | Processor: Intel Core i7-9750H | Graphics: NVIDIA GeForce RTX 2060 Max-Q | RAM: 32GB RAM | Storage: 1TB SSD | Display: 15.6-inch IPS display with 4K Ultra-HD | 1 Years Warranty & Genuine Windows 10 Home,"{""CPU"": ""Intel Core i7-9750H 8-Core"", ""OS"": ""Windows 10 Home Windows 10 Pro"", ""Display"": ""15.6-inch 4K UHD (3840 x 2160 pixels) display, 100% Adobe RGB Color Gamut, Thin Bezels"", ""Chipset"": ""Intel HM470 Supports Super Raid"", ""Graphics"": ""NVIDIA GeForce RTX 2060 With Max-Q Design, 6GB GDDR6"", ""Memory Type"": ""32GB DDR4 - 2 Slots - Max 64GB"", ""DIMM Slot"": ""2 Slots Max 64GB"", ""SSD"": ""512 SSD X 2; 1TB SSD"", ""HDD"": ""No"", ""Webcam"": ""IR HD type (30fps@720p)"", ""Keyboard"": ""Per-Key RGB Backlight Keyboard"", ""LAN"": ""Killer Gb LAN"", ""Wireless"": ""Gb LAN 802.11 ax Wi-Fi 6 + Bluetooth v5.1"", ""Speaker"": ""2x 2W"", ""Audio Jack"": ""1 (Mic-in) 1 (Headphone-out (SPDIF))"", ""USB Port"": ""1x RJ45 1x SD (XC/HC) Card Reader 1x (4K @ 60Hz) HDMI 1x Type-C (USB3.2 Gen2 / DP / Thunderboltâ„¢3) with PD charging 1x Type-C USB3.2 Gen2 1x Type-A USB3.2 Gen2"", ""RJ45 Port"": ""1"", ""Card Reader"": ""1x SD (XC/HC)"", ""HDMI"": ""1x (4K @ 60Hz)"", ""Mini-DisplayPort"": ""1"", ""Battery"": ""Li-Polymer 99.9Whr"", ""AC Adapter"": ""230W adapter Slim"", ""Dimension"": ""358.3 x 248 x 18.3-19.8 mm"", ""Weight"": ""2.1 kg"", ""MSI Creator 15 P65 9SE Price in Nepal"": ""Rs. 250,000""}"
https://hexxone.com/laptops-by-brand/msi/msi-creator-z16-i7-11800h-8-core-rtx-3060-16gb-ram-512gb-ssd-161-inch-qhd-120hz-touchscreen-display-in-nepal?limit=30,MSI Creator Z16 i7-11800H 8 Core - RTX 3060 - 16GB RAM - 512GB SSD - 16.1-inch QHD 120Hz Touchscreen display in Nepal,"NPR 284,500.00",Availability: Out Of Stock,Model: MSI Creator Z16 A11UET | Processor: IntelÂ® Coreâ„¢ i7-11800H Processor | Graphics: NVIDIA GeForce RTX 3060 | RAM: 16GB RAM | Storage: 512GB SSD | Display: 16.1-inch IPS display with Quad-HD and 120Hz refresh rate | 1 Years Warranty & Genuine Windows 10 Home,"{""BRAND"": ""MSI"", ""MODEL"": ""MSI Creator Z16"", ""TYPE"": ""Video Editing & Content Creation Laptop"", ""CPU"": ""11th Generation Intel Core i7-11800H (24MB Cache, up to 4.6 GHz, 8 cores)"", ""OS"": ""Windows 10 Home (MSI recommends Windows 11 Pro for business.) FREE Upgrade to Windows 11*"", ""DISPLAY"": ""16â€ QHD+ (2560 x 1600), 120Hz, IPS-Level Touchscreen"", ""GRAPHICS"": ""NVIDIAÂ® GeForce RTXâ„¢ 3060 Laptop GPU 6GB GDDR6 Up to 1307MHz Boost Clock, 65W Maximum Graphics Power with Dynamic Boost. *May vary by scenario"", ""MEMORY"": ""16 GB DDR4-3200 2 Slots Max Upto 64GB"", ""STORAGE CAPABILITY"": ""512GB SSD 2x M.2 SSD slot (NVMe PCIe Gen3)"", ""WEBCAM"": ""IR HD type (30fps@720p)"", ""KEYBOARD"": ""Per key RGB MiniLED keyboard by Steelseries"", ""COMMUNICATION"": ""Killer ax Wi-Fi 6E + Bluetooth v5.2"", ""AUDIO"": ""4x 2W Speaker"", ""AUDIO JACK"": ""1x Mic-in/Headphone-out Combo Jack"", ""I/O PORTS"": ""2x Type-C (USB / DP / Thunderboltâ„¢ 4) 2x Type-A USB3.2 Gen2 1x Micro SD Card Reader"", ""BATTERY"": ""4-Cell 90 Battery (Whr)"", ""AC ADAPTER"": ""180W adapter"", ""DIMENSION (W X D X H)"": ""359 x 256 x 15.9 mm"", ""WEIGHT (W/ BATTERY)"": ""2.2 kg"", ""MSI CREATOR Z16 PRICE IN NEPAL"": ""Rs. 285,000""}"
https://hexxone.com/laptops-by-brand/msi/msi-cyborg-15-a13vfk-intel-core-i7-13620h-rtx-4060-8gb-156-inch-fhd-144hz-display-16gb-ram-512gb-ssd-2-years-warranty-in-nepal?limit=30,MSI Cyborg 15 A13VFK Intel Core i7 13620H - RTX 4060 8GB - 15.6-inch FHD 144Hz display - 16GB RAM - 512GB SSD - 2 Years Warranty in Nepal,"NPR 172,500.00",Availability: Out Of Stock,"Model: MSI Cyborg 15 A13VFK | Processor: IntelÂ® Coreâ„¢ i7-13620H, 10C ( | Graphics: NVIDIA RTX 4060 8GB | RAM: 16 GB RAM | Storage: 512GB SSD | Display: 15.6-inch with IPS display  and 144Hz Refresh Rate | 2 Years Warranty & Genuine Windows 11 Home","{""CPU"": ""IntelÂ® Coreâ„¢ i7-13620H, 10C (6P + 4E) / 16T, P-core 2.4 / 4.9GHz, E-core 1.8 / 3.6GHz, 24MB"", ""OS"": ""Windows 11 Home"", ""Display"": ""15.6\"" FHD (1920x1080), 144Hz, IPS-Level"", ""Graphics"": ""NVIDIAÂ® GeForce RTXâ„¢ 4060 Laptop GPU 8GB GDDR6 Up to 1470MHz Boost Clock 45W Maximum Graphics Power with Dynamic Boost. *May vary by scenario"", ""Memory Type"": ""16GB 5600Mhz Max 64GB Max Capacity"", ""DIMM Slot"": ""Max 64GB DDR5-5600 2 Slots"", ""SSD"": ""512GB NVMe PCIe Gen4"", ""Webcam"": ""HD type (30fps@720p)"", ""Keyboard"": ""4-Zone RGB Gaming Keyboard"", ""LAN"": ""802.11 ax Wi-Fi 6 + BT v5.2"", ""Wireless"": ""Wi-Fi 6 + BT v5.2"", ""Audio Jack"": ""1x Mic-in/Headphone-out Combo Jack"", ""Audio"": ""2x 2W Speaker"", ""USB Port"": ""1x Type-C ( USB3.2 Generation 1 / Display Port ) 2x Type-A ( USB3.2 Generation 1 ) 1x HDMIâ„¢ 2.1 ( 4K @ 60Hz ) 1x RJ 45"", ""Battery"": ""3-Cell 53.5 Battery (Whr)"", ""AC Adapter"": ""120W adapter"", ""Dimension"": ""3359.36 x 250.34 x 21.95~22.9 mm"", ""Weight"": ""1.6 kg"", ""MSI Cyborg 15 A13VFK"": ""Rs.195,000""}"
https://hexxone.com/laptops-by-brand/msi/msi-cyborg-15-ai-a1vek-intel-core-ultra-7-155h-rtx-4050-6gb-156-inch-fhd-144hz-display-16gb-ram-512gb-ssd-2-years-warranty-in-nepal?limit=30,MSI Cyborg 15 AI A1VEK Intel Core Ultra 7 155H - RTX 4050 6GB - 15.6-inch FHD 144Hz display - 16GB RAM - 512GB SSD - 2 Years Warranty in Nepal,"NPR 179,500.00",Availability: Out Of Stock,Model: MSI Cyborg 15 AI A1VEK | Processor: IntelÂ® Coreâ„¢ Ultra 7 155H | Graphics: NVIDIA RTX 4050 8GB | RAM: 16 GB RAM | Storage: 512GB SSD | Display: 15.6-inch with IPS display  and 144Hz Refresh Rate | 2 Years Warranty & Genuine Windows 11 Home,"{""CPU"": ""IntelÂ® Coreâ„¢ Ultra 7 155H, 16C (6P + 8E + 2LPE) / 22T, Max Turbo up to 4.8Ghz, 24MB"", ""OS"": ""Windows 11 Home"", ""Display"": ""15.6\"" FHD (1920x1080), 144Hz, IPS-Level"", ""Graphics"": ""NVIDIAÂ® GeForce RTXâ„¢ 4050 Laptop GPU 6GB GDDR6 Up to 1605MHz Boost Clock 45W Maximum Graphics Power with Dynamic Boost. *May vary by scenario"", ""Memory Type"": ""16GB 5600Mhz Max 96GB Max Capacity"", ""DIMM Slot"": ""Max 96GB DDR5-5600 2 Slots"", ""SSD"": ""512GB NVMe PCIe Gen4"", ""Webcam"": ""HD type (30fps@720p)"", ""Keyboard"": ""4-Zone RGB Gaming Keyboard"", ""LAN"": ""802.11 ax Wi-Fi 6E + Bluetooth v5.3"", ""Wireless"": ""Wi-Fi 6E + Bluetooth v5.3"", ""Audio Jack"": ""1x Mic-in/Headphone-out Combo Jack"", ""Audio"": ""2x 2W Speaker"", ""USB Port"": ""1x Type-C (USB3.2 Gen2 / DP) 2x Type-A USB3.2 Gen1 1x HDMIâ„¢ 2.1 (4K @ 60Hz) 1x RJ45"", ""Battery"": ""3-Cell 53.5 Battery (Whr)"", ""AC Adapter"": ""120W adapter"", ""Dimension"": ""359.36 x 250.34 x 21.95-22.9 mm"", ""Weight"": ""1.98 kg"", ""MSI Cyborg 15 AI A1VEK"": ""Rs.180,000""}"
https://hexxone.com/laptops-by-brand/msi/msi-cyborg-15-ai-a1vfk-intel-core-ultra-7-155h-rtx-4060-8gb-156-inch-fhd-144hz-display-16gb-ram-512gb-ssd-2-years-warranty-in-nepal?limit=30,MSI Cyborg 15 AI A1VFK Intel Core Ultra 7 155H - RTX 4060 8GB - 15.6-inch FHD 144Hz display - 16GB RAM - 512GB SSD - 2 Years Warranty in Nepal,"NPR 189,500.00",Availability: Out Of Stock,Model: MSI Cyborg 15 AI A1VFK | Processor: IntelÂ® Coreâ„¢ Ultra 7 155H | Graphics: NVIDIA RTX 4060 8GB | RAM: 16 GB RAM | Storage: 512GB SSD | Display: 15.6-inch with IPS display  and 144Hz Refresh Rate | 2 Years Warranty & Genuine Windows 11 Home,"{""CPU"": ""IntelÂ® Coreâ„¢ Ultra 7 155H, 16C (6P + 8E + 2LPE) / 22T, Max Turbo up to 4.8Ghz, 24MB"", ""OS"": ""Windows 11 Home"", ""Display"": ""15.6\"" FHD (1920x1080), 144Hz, IPS-Level"", ""Graphics"": ""NVIDIAÂ® GeForce RTXâ„¢ 4060 Laptop GPU 8GB GDDR6 Up to 1470MHz Boost Clock 45W Maximum Graphics Power with Dynamic Boost. *May vary by scenario"", ""Memory Type"": ""16GB 5600Mhz Max 96GB Max Capacity"", ""DIMM Slot"": ""Max 96GB DDR5-5600 2 Slots"", ""SSD"": ""512GB NVMe PCIe Gen4"", ""Webcam"": ""HD type (30fps@720p)"", ""Keyboard"": ""4-Zone RGB Gaming Keyboard"", ""LAN"": ""802.11 ax Wi-Fi 6E + Bluetooth v5.3"", ""Wireless"": ""Wi-Fi 6E + Bluetooth v5.3"", ""Audio Jack"": ""1x Mic-in/Headphone-out Combo Jack"", ""Audio"": ""2x 2W Speaker"", ""USB Port"": ""1x Type-C (USB3.2 Gen2 / DP) 2x Type-A USB3.2 Gen1 1x HDMIâ„¢ 2.1 (4K @ 60Hz) 1x RJ45"", ""Battery"": ""3-Cell 53.5 Battery (Whr)"", ""AC Adapter"": ""120W adapter"", ""Dimension"": ""359.36 x 250.34 x 21.95-22.9 mm"", ""Weight"": ""1.98 kg"", ""MSI Cyborg 15 AI A1VFK"": ""Rs.195,000""}"
https://hexxone.com/laptops-by-brand/msi/msi-delta-15-amd-advantage-edition-a5efk-ryzen-7-5800h-rx6700m-10gb-16gb-ram-512gb-ssd-156-inch-240hz-fhd-display-in-nepal?limit=30,MSI Delta 15 AMD Advantage Edition A5EFK Ryzen 7 5800H/ RX6700M 10GB - 16GB RAM - 512GB SSD - 15.6-inch 240Hz FHD display in Nepal,"NPR 178,750.00",Availability: Out Of Stock,Model: MSI Delta 15 Advantage Edition A5EFK | Processor: AMD Ryzen 7 5800H processor | Graphics: AMD Radeon RX 6700M | RAM: 16GB RAM | Storage: 512GB SSD | Display: 15.6-inch IPS display with FHD and 240Hz refresh rate | 1 Years Warranty & Genuine Windows 10 Home,"{""BRAND"": ""MSI"", ""MODEL"": ""MSI Delta 15 A5EFK AMD Advantage Edition"", ""TYPE"": ""Powerful Gaming Laptop"", ""CPU"": ""AMD Ryzen 7 5800H 8-core/16-thread Mobile Processor"", ""OS"": ""Windows 10 Home (MSI recommends Windows 11 Pro for business.) FREE Upgrade to Windows 11*"", ""DISPLAY"": ""15.6\"" FHD (1920x1080), 240Hz, IPS-Level"", ""GRAPHICS"": ""AMD Radeonâ„¢ RX 6700M with 10GB GDDR6"", ""MEMORY"": ""16 GB DDR4-3200 2 Slots Max Upto 64GB"", ""STORAGE CAPABILITY"": ""512GB SSD 2x M.2 SSD slot (NVMe PCIe Gen3)"", ""WEBCAM"": ""HD type (30fps@720p)"", ""KEYBOARD"": ""RGB Backlight Keyboard"", ""COMMUNICATION"": ""802.11 ax Wi-Fi 6E + Bluetooth v5.2"", ""AUDIO"": ""2x 2W Speaker"", ""AUDIO JACK"": ""1x Mic-in/Headphone-out Combo Jack"", ""I/O PORTS"": ""1x (4K @ 60Hz) HDMI 1x Type-C USB3.2 Gen2 2x Type-A USB3.2 Gen2 1x Type-C (USB3.2 Gen2 / DP)"", ""BATTERY"": ""4-Cell 82 Battery (Whr)"", ""AC ADAPTER"": ""240W adapter"", ""DIMENSION (WXDXH)"": ""357 x 247 x 19 mm"", ""WEIGHT (W/ BATTERY)"": ""1.9 kg"", ""MSI DELTA 15 PRICE IN NEPAL"": ""Rs. 239,000""}"
https://hexxone.com/laptops-by-brand/msi/msi-ge75-raider-i7-9th-gen-512gb-ssd-32gb-ram-rtx-2080-173-inch-144hz-fhd?limit=30,MSI GE75 RAIDER i7 9TH GEN/ 512GB SSD/ 32GB RAM/ RTX 2080/ 17.3-inch 144Hz FHD,"NPR 167,500.00",Availability: Out Of Stock,Model: MSI GE75 RAIDER | Processor: Intel Core  i7-9750H processor | Graphics: NVIDIA GeForce RTX 2080 | RAM: 32GB RAM | Storage: 512GB SSD | Display: 17.3-inch with IPS display and 144hz Refresh rate | 1 Years Warranty & Genuine Windows 10 Home,"{""CPU"": ""9th Generation IntelÂ® Coreâ„¢ i7 9750H"", ""OS"": ""Windows 10 Home"", ""Display"": ""17.3 FHD (1920x1080), 144Hz, 3ms, Wide-View"", ""Chipset"": ""IntelÂ® HM370"", ""Graphics"": ""GeForceÂ® RTX 2080 with 8GB GDDR5"", ""Memory Type"": ""DDR4 32 GB 2666Mhz"", ""DIMM Slot"": """", ""SSD"": ""512 GB"", ""HDD"": ""EXPANDABLE"", ""Optical Drive"": ""NONE"", ""Webcam"": ""HD type (30fps@720p)"", ""Keyboard"": ""Backlight Keyboard (Full-Color)"", ""LAN"": ""Killer Gb LAN"", ""Wireless"": ""802.11 ac Wi-Fi & Bluetooth v4.0"", ""Speaker"": ""Speaker (4x 2W) Woofer(1x 3W)"", ""Audio Jack"": ""1x Mic-in 1x Headphone-out (SPDIF)"", ""RJ45 Port"": ""1"", ""USB Port"": ""1x Type-C USB3.1 Gen2 2x Type-A USB3.1 Gen1 1x Type-A USB3.1 Gen2 1x RJ45 1x SD (XC/HC) 1x (4K @ 60Hz) HDMI 1x Mini-DisplayPort"", ""Card Reader"": ""1 SD (XC/HC)"", ""HDMI"": ""1 (4K @ 30Hz)"", ""Mini-DisplayPort"": ""1"", ""Battery"": ""Li-Polimer"", ""AC Adapter"": ""230W adapter"", ""Dimension"": ""383 x 260 x 27.5 mm"", ""Weight"": ""2.39 kg""}"
https://hexxone.com/laptops-by-brand/msi/msi-gf63-9scsr-i5-9th-gen-8gb-ram-256gb-ssd-gtx-1650ti-156-inch-fhd-144hz?limit=30,MSI GF63 9SCSR i5 9TH GEN/ 8GB RAM/ 256GB SSD - GTX 1650TI - 15.6-inch FHD 144Hz,"NPR 87,000.00",Availability: Out Of Stock,Model: MSI GF63 9SCSR | Processor: Intel Core  i5-9300H  processor | Graphics: NVIDIA GeForce GTX 1650ti | RAM: 8GB RAM | Storage: 256GB SSD | Display: 15.6-inch with IPS display | 1 Years Warranty & Genuine Windows 10 Home,"{""CPU"": ""9th Generation IntelÂ® Coreâ„¢ i5-9300H"", ""OS"": ""Windows 10 Home"", ""Display"": ""15.6\"" FHD 144Hz (1920x1080), IPS-Level Narrow Bezel"", ""Chipset"": ""IntelÂ® HM370"", ""Graphics"": ""GeForceÂ® GTX 1650ti  with 4GB GDDR6"", ""Memory Type"": ""8GB, DDR4, 2666MHz"", ""DIMM Slot"": ""2 Slots Max 32GB"", ""SSD"": ""256GB SSD"", ""HDD"": ""Optional"", ""Optical Drive"": ""DVD Super Multi"", ""Webcam"": ""HD type (30fps@720p)"", ""Keyboard"": ""Backlight Keyboard"", ""LAN"": ""Gb LAN 802.11 ac Wi-Fi + Bluetooth v5"", ""Speaker"": ""2x 3W Speaker"", ""USB Port"": ""1x Type-C USB3.1 Gen1 3x Type-A USB3.1 Gen1 1x RJ45 1x (4K @ 30Hz) HDMI"", ""Battery"": ""3-Cell Li-Polymer Battery (Type) 51 Battery (Whr)"", ""AC Adapter"": ""120W adapter"", ""Dimension"": ""359 x 254 x 21.7 mm"", ""Weight"": ""1.86Kg""}"
https://hexxone.com/laptops-by-brand/msi/msi-gf63-thin-10sc-i5-10th-gen-gtx-1650-8gb-ram-256gb-ssd-156-inch-fhd-display-backlight-keyboard?limit=30,MSI GF63 Thin 10SC i5 10TH GEN - GTX 1650 - 8GB RAM - 256GB SSD - 15.6-inch FHD display - Backlight Keyboard,"NPR 94,000.00",Availability: Out Of Stock,Model: MSI GF63 Thin 10SC | Processor: Intel Core i5-10300H | Graphics: NVIDIA GeForce GTX 1650 Max-Q | RAM: 8GB RAM | Storage: 512GB SSD | Display: 15.6-inch IPS display with FHD | 1 Years Warranty & Genuine Windows 10 Home,"{""CPU"": ""10th Generation Intel Core i5-10300H"", ""OS"": ""Windows 10 Home"", ""Display"": ""15.6-inch Full-HD (1920 x 1080 pixels), IPS-Level Narrow Bezel"", ""Chipset"": ""Intel HM470"", ""Graphics"": ""GeForce GTX 1650 MAX-Q with 4GB GDDR5 VRAM"", ""Memory Type"": ""8GB DDR4, 2666MHz"", ""DIMM Slot"": ""2 Slots Max 32GB"", ""SSD"": ""512GB SSD"", ""HDD"": ""Optional"", ""Optical Drive"": ""DVD Super Multi"", ""Webcam"": ""HD type (30fps@720p)"", ""Keyboard"": ""ChickLet  Red Backlight Keyboard"", ""LAN"": ""Gb LAN 802.11 ax Wi-Fi 6 + Bluetooth v5.1"", ""Speaker"": ""2x 3W Speaker"", ""USB Port"": ""1x RJ45 1x (4K @ 30Hz) HDMI 1x Type-C USB3.2 Gen1 3x Type-A USB3.2 Gen1"", ""Battery"": ""3-Cell Li-Polymer Battery (Type) 51 Battery (Whr)"", ""AC Adapter"": ""120W adapter"", ""Dimension"": ""359 x 254 x 21.7 mm"", ""Weight"": ""1.86Kg""}"
https://hexxone.com/laptops-by-brand/msi/msi-gf63-thin-10scxr-i7-10th-gen-gtx-1650-8gb-ram-512gb-ssd-156-inch-fhd?limit=30,MSI GF63 Thin 10SCXR i7 10TH GEN - GTX 1650 - 8GB RAM - 512GB SSD - 15.6-inch FHD,"NPR 111,500.00",Availability: Out Of Stock,Model: MSI GE75 RAIDER | Processor: Intel Core  i7-10750H processor | Graphics: NVIDIA GeForce GTX 1650 | RAM: 8GB RAM | Storage: 512GB SSD | Display: 15.6-inch with IPS display | 1 Years Warranty & Genuine Windows 10 Home,"{""CPU"": ""10th Generation Intel Core i7-10750H"", ""OS"": ""Windows 10 Home"", ""Display"": ""15.6\"" FHD (1920x1080), IPS-Level Narrow Bezel"", ""Chipset"": ""IntelÂ® HM470"", ""Graphics"": ""GeForce GTX 1650 MAX-Q with 4GB GDDR5 VRAM"", ""Memory Type"": ""8GB DDR4, 2666MHz"", ""DIMM Slot"": ""2 Slots Max 32GB"", ""SSD"": ""512GB SSD"", ""HDD"": ""Optional"", ""Optical Drive"": ""DVD Super Multi"", ""Webcam"": ""HD type (30fps@720p)"", ""Keyboard"": ""Backlight Keyboard"", ""LAN"": ""Gb LAN 802.11 ax Wi-Fi 6 + Bluetooth v5.1"", ""Speaker"": ""2x 3W Speaker"", ""USB Port"": ""1x RJ45 1x (4K @ 30Hz) HDMI 1x Type-C USB3.2 Gen1 3x Type-A USB3.2 Gen1"", ""Battery"": ""3-Cell Li-Polymer Battery (Type) 51 Battery (Whr)"", ""AC Adapter"": ""120W adapter"", ""Dimension"": ""359 x 254 x 21.7 mm"", ""Weight"": ""1.86Kg""}"
https://hexxone.com/laptops-by-brand/msi/msi-gf65-10sdr-i5-10th-gen-8gb-ram-512gb-ssd-gtx-1660ti-156-inch-fhd-120hz?limit=30,MSI GF65 10SDR i5 10TH GEN/ 8GB RAM/ 512GB SSD/ GTX 1660TI - 15.6-inch FHD 120Hz,"NPR 112,000.00",Availability: Out Of Stock,Model: MSI  GF65 10SDR | Processor: Intel Core  i5-10300H | Graphics: NVIDIA GeForce GTX 1660Ti | RAM: 8GB RAM | Storage: 512GB SSD | Display: 15.6-inch with IPS display  and 120Hz Refresh Rate | 1 Years Warranty & Genuine Windows 10 Home,"{""CPU"": ""10th Generation IntelÂ® Coreâ„¢ i5-10300H"", ""OS"": ""Windows 10 Home"", ""Display"": ""15.6\"" FHD (1920x1080), IPS-Level Narrow Bezel 120Hz"", ""Chipset"": ""IntelÂ® HM370"", ""Graphics"": ""GeForceÂ® GTX 1660TI  with 6GB GDDR6"", ""Memory Type"": ""8GB, DDR4, 2666MHz"", ""DIMM Slot"": ""2 Slots Max 32GB"", ""SSD"": ""512GB SSD"", ""HDD"": ""Optional"", ""Optical Drive"": ""DVD Super Multi"", ""Webcam"": ""HD type (30fps@720p)"", ""Keyboard"": ""Backlight Keyboard"", ""LAN"": ""Gb LAN 802.11 ac Wi-Fi + Bluetooth v5"", ""Speaker"": ""2x 3W Speaker"", ""USB Port"": ""1x Type-C USB3.1 Gen1 3x Type-A USB3.1 Gen1 1x RJ45 1x (4K @ 30Hz) HDMI"", ""Battery"": ""3-Cell Li-Polymer Battery (Type) 51 Battery (Whr)"", ""AC Adapter"": ""120W adapter"", ""Dimension"": ""359 x 254 x 21.7 mm"", ""Weight"": ""1.86Kg""}"
https://hexxone.com/laptops-by-brand/msi/msi-gf65-10sdr-i7-10th-gen-gtx-1660ti-156-inch-fhd-144hz-display-8gb-ram-512gb-ssd?limit=30,MSI GF65 10SDR i7 10TH GEN - GTX 1660TI - 15.6-inch FHD 144Hz display - 8GB RAM - 512GB SSD,"NPR 134,250.00",Availability: Out Of Stock,Model: MSI GF65 10SDR | Processor: Intel Core  i7-10750H | Graphics: NVIDIA GeForce GTX 1660Ti | RAM: 8GB RAM | Storage: 512GB SSD | Display: 15.6-inch with IPS display  and 144Hz Refresh Rate | 1 Years Warranty & Genuine Windows 10 Home,"{""CPU"": ""10th Generation Intel Core i7-10750H"", ""OS"": ""Windows 10 Home"", ""Display"": ""15.6\"" Full-HD (1920x1080), IPS-Level Narrow Bezel 144Hz refresh rate"", ""Chipset"": ""Intel HM370"", ""Graphics"": ""NVIDIA GTX 1660Ti with 6GB GDDR6 VRAM"", ""Memory Type"": ""8GB DDR4 @ 2666MHz"", ""DIMM Slot"": ""2 Slots Max 32GB"", ""SSD"": ""512GB SSD"", ""HDD"": ""Optional"", ""Optical Drive"": ""DVD Super Multi"", ""Webcam"": ""HD type (30fps@720p)"", ""Keyboard"": ""Backlight Keyboard"", ""LAN"": ""Gb LAN 802.11 ac Wi-Fi + Bluetooth v5"", ""Speaker"": ""2x 3W Speaker"", ""USB Port"": ""1x Type-C USB3.1 Gen1 3x Type-A USB3.1 Gen1 1x RJ45 1x (4K @ 30Hz) HDMI"", ""Battery"": ""3-Cell Li-Polymer Battery (Type) 51 Battery (Whr)"", ""AC Adapter"": ""120W adapter"", ""Dimension"": ""359 x 254 x 21.7 mm"", ""Weight"": ""1.86Kg""}"
https://hexxone.com/laptops-by-brand/msi/msi-gf65-10ue-i5-10th-gen-rtx-3060-16gb-ram-512gb-ssd-156-inch-144hz-fhd-display-in-nepal?limit=30,MSI GF65 10UE i5 10th Gen - RTX 3060 - 16GB RAM - 512GB SSD - 15.6-inch 144Hz FHD display in Nepal,"NPR 127,500.00",Availability: Out Of Stock,Model: MSI GF65 10UE | Processor: Intel Core  i5-10300H  processor | Graphics: NVIDIA GeForce RTX 3060 | RAM: 16GB RAM | Storage: 512GB SSD | Display: 15.6-inch IPS display with FHD  and 144Hz refresh rate | 1 Years Warranty & Genuine Windows 10 Home,"{""CPU"": ""10th Generation Intel Core i5 10300H"", ""OS"": ""Windows 10 Home"", ""Display"": ""15.6-inch IPS display; Full-HD (1920 x 1080 Pixels) resolution; 144Hz refresh rate"", ""Chipset"": ""Intel HM470"", ""Graphics"": ""NVIDIA GeForce RTX 3060 Laptop GPU 6GB GDDR6 Up to 1485MHz Boost Clock, 75W Maximum Graphics Power with Dynamic Boost."", ""Memory Type"": ""DDR4 16GB 3200MHz; Expandable up to 64GB"", ""DIMM Slot"": ""DDR4-2666 2 Slots Max 64GB"", ""SSD"": ""512GB SSD"", ""HDD"": ""Optional"", ""Optical Drive"": ""NONE"", ""Webcam"": ""HD type (30fps@720p)"", ""Keyboard"": ""Backlight Keyboard (Single-Color, Red)"", ""LAN"": ""Killer Gb LAN"", ""Wireless"": ""Gb LAN 802.11 ax Wi-Fi 6 + Bluetooth v5.1"", ""Speaker"": ""2x 2W Speaker"", ""Audio Jack"": ""1x Mic-in 1x Headphone-out (SPDIF)"", ""RJ45 Port"": ""1"", ""USB Port"": ""1x RJ45 1x (4K @ 60Hz) HDMI 2x Type-C USB3.2 Gen1 2x Type-A USB3.2 Gen1"", ""Card Reader"": ""1 SD (XC/HC)"", ""HDMI"": ""1 (4K @ 30Hz)"", ""Mini-DisplayPort"": ""1"", ""Battery"": ""Li-Polimer"", ""AC Adapter"": ""180W adapter"", ""Dimension"": ""359 x 254 x 21.7 mm"", ""Weight"": ""1.86 kg"", ""MSI GF65 10UE Price in Nepal"": ""Rs. 150,000 (i5 Variant)""}"
https://hexxone.com/laptops-by-brand/msi/msi-gf65-10ue-i7-10th-gen-rtx-3060-16-gb-ram-512gb-ssd-156-inch-144hz-fhd-display-in-nepal?limit=30,MSI GF65 10UE i7 10th Gen - RTX 3060 - 16 GB RAM - 512GB SSD - 15.6-inch 144Hz FHD display in Nepal,"NPR 142,000.00",Availability: Out Of Stock,Model: MSI GF65 10UE | Processor: Intel Core  i7-10750H  processor | Graphics: NVIDIA GeForce RTX 3060 | RAM: 16GB RAM | Storage: 512GB SSD | Display: 15.6-inch IPS display with FHD  and 144Hz refresh rate | 1 Years Warranty & Genuine Windows 10 Home,"{""CPU"": ""10th Generation Intel Core i7 10750H"", ""OS"": ""Windows 10 Home"", ""Display"": ""15.6-inch Full-HD (1920 x 1080 Pixels), 144Hz IPS Level"", ""Chipset"": ""Intel HM470"", ""Graphics"": ""NVIDIA GeForce RTX 3060 Laptop GPU 6GB GDDR6 Up to 1485MHz Boost Clock, 75W Maximum Graphics Power with Dynamic Boost."", ""Memory Type"": ""DDR4 16GB 3200Mhz"", ""DIMM Slot"": ""DDR4-2666 2 Slots Max 64GB"", ""SSD"": ""512GB SSD"", ""HDD"": ""Optional"", ""Optical Drive"": ""NONE"", ""Webcam"": ""HD type (30fps@720p)"", ""Keyboard"": ""Backlight Keyboard (Single-Color, Red)"", ""LAN"": ""Killer Gb LAN"", ""Wireless"": ""Gb LAN 802.11 ax Wi-Fi 6 + Bluetooth v5.1"", ""Speaker"": ""2x 2W Speaker"", ""Audio Jack"": ""1x Mic-in 1x Headphone-out (SPDIF)"", ""RJ45 Port"": ""1"", ""USB Port"": ""1x RJ45 1x (4K @ 60Hz) HDMI 2x Type-C USB3.2 Gen1 2x Type-A USB3.2 Gen1"", ""Card Reader"": ""1 SD (XC/HC)"", ""HDMI"": ""1 (4K @ 30Hz)"", ""Mini-DisplayPort"": ""1"", ""Battery"": ""Li-Polimer"", ""AC Adapter"": ""180W adapter"", ""Dimension"": ""359 x 254 x 21.7 mm"", ""Weight"": ""1.86 kg"", ""MSI GF65 10UE Price in Nepal"": ""Rs. 190,000 (i7 Variant)""}"
https://hexxone.com/laptops-by-brand/msi/msi-gf65-9sd-i7-9th-gen-16gb-ram-512gb-ssd-gtx-1660ti-156-inch-fhd-120hz?limit=30,MSI GF65 9SD i7 9TH GEN/ 16GB RAM/ 512GB SSD/ GTX 1660TI - 15.6-inch FHD 120Hz,"NPR 115,000.00",Availability: Out Of Stock,Model: MSI  GF65 9SD GAMING | Processor: Intel Core  i7-9750H processor | Graphics: NVIDIA GeForce GTX 1660ti | RAM: 16GB RAM | Storage: 512GB SSD + 1TB HDD | Display: 15.6-inch with IPS display  and 120Hz Refresh Rate | 1 Years Warranty & Genuine Windows 10 Home,"{""CPU"": ""9th Generation IntelÂ® Coreâ„¢ i7-9750H"", ""OS"": ""Windows 10 Home"", ""Display"": ""15.6\"" FHD (1920x1080), IPS-Level Narrow Bezel 120Hz"", ""Chipset"": ""IntelÂ® HM370"", ""Graphics"": ""GeForceÂ® GTX 1660TI  with 6GB GDDR5"", ""Memory Type"": ""16GB, DDR4, 2666MHz"", ""DIMM Slot"": ""2 Slots Max 32GB"", ""SSD"": ""512GB SSD"", ""HDD"": ""Optional"", ""Optical Drive"": ""DVD Super Multi"", ""Webcam"": ""HD type (30fps@720p)"", ""Keyboard"": ""Backlight Keyboard"", ""LAN"": ""Gb LAN 802.11 ac Wi-Fi + Bluetooth v5"", ""Speaker"": ""2x 3W Speaker"", ""USB Port"": ""1x Type-C USB3.1 Gen1 3x Type-A USB3.1 Gen1 1x RJ45 1x (4K @ 30Hz) HDMI"", ""Battery"": ""3-Cell Li-Polymer Battery (Type) 51 Battery (Whr)"", ""AC Adapter"": ""120W adapter"", ""Dimension"": ""359 x 254 x 21.7 mm"", ""Weight"": ""1.86Kg""}"
https://hexxone.com/laptops-by-brand/msi/msi-gf75-thin-10uek-i7-10th-gen-rtx-3060-16gb-ram-512gb-ssd-156-inch-144hz-fhd-display-per-key-rgb-keyboard?limit=30,MSI GF75 Thin 10UEK i7 10TH GEN - RTX 3060 - 16GB RAM - 512GB SSD - 15.6-inch 144Hz FHD display - Per Key RGB Keyboard,"NPR 147,500.00",Availability: Out Of Stock,Model: MSI GF75 Thin 10UEK | Processor: Intel Core  i7-10750H processor | Graphics: NVIDIA GeForce RTX 3060 | RAM: 16GB RAM | Storage: 512GB SSD | Display: 17.3-inch IPS display with FHD  and 144Hz refresh rate | 1 Years Warranty & Genuine Windows 10 Home,"{""CPU"": ""10th Generation Intel Core i7 10750H"", ""OS"": ""Windows 10 Home"", ""Display"": ""17.3-inch IPS Display; Full-HD (1920 x 1080 pixels) resolution; 144Hz refresh rate"", ""Type"": ""Gaming Laptop"", ""Chipset"": ""Intel HM470"", ""Graphics"": ""NVIDIA GeForce RTX 3060 Laptop GPU 6GB GDDR6 VRAM Up to 1485MHz Boost Clock, 75W Maximum Graphics Power with Dynamic Boost. *May vary by scenario"", ""Memory Type"": ""DDR4 16GB 3200Mhz"", ""DIMM Slot"": ""DDR4-2666 Memory Type 2 Slots Number of SO-DIMM Slot Max 64GB Max Capacity"", ""SSD"": ""512GB SSD"", ""HDD"": ""Optional"", ""Optical Drive"": ""NONE"", ""Webcam"": ""HD type (30fps@720p)"", ""Keyboard"": ""Per-Key RGB Backlight Keyboard"", ""LAN"": ""Killer Gb LAN"", ""Wireless"": ""Gb LAN 802.11 ax Wi-Fi 6 + Bluetooth v5.1"", ""Speaker"": ""2x 2W Speaker"", ""Audio Jack"": ""1x Mic-in 1x Headphone-out (SPDIF)"", ""RJ45 Port"": ""1"", ""USB Port"": ""1x Type-C USB3.2 Gen1 3x Type-A USB3.2 Gen1 1x RJ45 1x (4K @ 60Hz) HDMI"", ""Card Reader"": ""1 SD (XC/HC)"", ""HDMI"": ""1 (4K @ 30Hz)"", ""Mini-DisplayPort"": ""1"", ""Battery"": ""Li-Polimer"", ""AC Adapter"": ""180W adapter"", ""Dimension"": ""397 x 260 x 22~23.1 mm"", ""Weight"": ""2.3 kg""}"
https://hexxone.com/laptops-by-brand/msi/msi-gl65-9sck-i7-9th-gen-256gb-ssd-8gb-ram-gtx-1650-156-inch-120hz-fhd-display-in-nepal?limit=30,MSI GL65 9ScK i7 9TH GEN/ 256GB SSD/ 8GB RAM/ GTX 1650/ 15.6-inch 120Hz FHD display in Nepal,"NPR 112,000.00",Availability: Out Of Stock,Model: MSI GL65 9SCK | Processor: Intel Core i7-9750H | Graphics: NVIDIA GeForce GTX 1650 | RAM: 8GB RAM | Storage: 512GB SSD | Display: 15.6-inch IPS display with FHD and 144Hz refresh rate | 1 Years Warranty & Genuine Windows 10 Home,"{""CPU"": ""9th Generation IntelÂ® Coreâ„¢ i7 9750H"", ""OS"": ""Windows 10 Home"", ""Display"": ""15.6\"" FHD (1920x1080), 120Hz, IPS-Level"", ""Chipset"": ""Intel HM370"", ""Graphics"": ""NVIDIA GeForce GTX 1650 with 4GB GDDR5"", ""Memory Type"": ""DDR4 8 GB 2666Mhz"", ""DIMM Slot"": ""DDR4-2666 2 Slots Max 64GB"", ""SSD"": ""512GB SSD"", ""HDD"": ""Optional"", ""Optical Drive"": ""NONE"", ""Webcam"": ""HD type (30fps@720p)"", ""Keyboard"": ""Per-Key RGB Backlight Keyboard"", ""LAN"": ""Killer Gb LAN"", ""Wireless"": ""802.11 ac Wi-Fi & Bluetooth v4.0"", ""Speaker"": ""Speaker (4x 2W) Woofer(1x 3W)"", ""Audio Jack"": ""1x Mic-in 1x Headphone-out (SPDIF)"", ""RJ45 Port"": ""1"", ""USB Port"": ""1x RJ45 1x SD (XC/HC) Card Reader 1x (4K @ 30Hz) HDMI 1x Mini-DisplayPort 1x Type-C USB3.2 Gen1 3x Type-A USB3.2 Gen1"", ""Card Reader"": ""1 SD (XC/HC)"", ""HDMI"": ""1 (4K @ 30Hz)"", ""Mini-DisplayPort"": ""1"", ""Battery"": ""Li-Polimer"", ""AC Adapter"": ""180W adapter"", ""Dimension"": ""357.7 x 248 x 27.5 mm"", ""Weight"": ""2.3 kg""}"
https://hexxone.com/laptops-by-brand/msi/msi-gl65-leopard-10sfk-gaming-i7-10th-gen-512gb-ssd-1tb-hdd-16gb-ram-rtx-2070-super-156-inch-144hz-fhd-display-in-nepal?limit=30,MSI GL65 Leopard 10SFK GAMING i7 10TH GEN/ 512GB SSD/ 1TB HDD/ 16GB RAM/ RTX 2070 SUPER/ 15.6-inch 144Hz FHD display in Nepal,"NPR 160,500.00",Availability: Out Of Stock,Model: MSI GL65 Leopard 10SFK | Processor: Intel Core i7-10750H | Graphics: NVIDIA GeForce RTX 2070 | RAM: 16GB RAM | Storage: 512GB SSD + 1TB HDD | Display: 15.6-inch IPS display with FHD and 144Hz refresh rate | 1 Years Warranty & Genuine Windows 10 Home,"{""CPU"": ""10th Generation IntelÂ® Coreâ„¢ i7 10750H"", ""OS"": ""Windows 10 Home"", ""Display"": ""15.6\"" FHD, IPS-Level 144Hz 72%NTSC Thin Bezel, close to 100%Srgb"", ""Chipset"": ""Intel HM470"", ""Graphics"": ""NVIDIAÂ® GeForceÂ® RTX 2070 SUPERâ„¢ DDR6"", ""Memory Type"": ""DDR4 8 GB 2666Mhz"", ""DIMM Slot"": ""DDR4-2666 2 Slots Max 64GB"", ""SSD"": ""512GB SSD + 1TB HDD"", ""HDD"": ""Optional"", ""Optical Drive"": ""NONE"", ""Webcam"": ""HD type (30fps@720p)"", ""Keyboard"": ""Per-Key RGB Backlight Keyboard"", ""LAN"": ""Killer Gb LAN"", ""Wireless"": ""Intel Wi-Fi 6 AX201(2*2 ax)"", ""Speaker"": ""Speaker (4x 2W) Woofer(1x 3W)"", ""Audio Jack"": ""1x Mic-in 1x Headphone-out (SPDIF)"", ""RJ45 Port"": ""1"", ""USB Port"": ""1x RJ45 1x SD (XC/HC) Card Reader 1x (4K @ 30Hz) HDMI 1x Mini-DisplayPort 1x Type-C USB3.2 Gen1 3x Type-A USB3.2 Gen1"", ""Card Reader"": ""1 SD (XC/HC)"", ""HDMI"": ""1 (4K @ 30Hz)"", ""Mini-DisplayPort"": ""1"", ""Battery"": ""Li-Polimer"", ""AC Adapter"": ""280W adapter"", ""Dimension"": ""357.7 x 248 x 27.5 mm"", ""Weight"": ""2.3 kg""}"
https://hexxone.com/laptops-by-brand/msi/msi-gl75-leopard-10sdr-i7-10th-gen-gtx-1660ti-173-inch-144hz-fhd-display-512gb-ssd-16gb-ram?limit=30,MSI GL75 Leopard 10SDR i7 10TH GEN - GTX 1660Ti - 17.3-inch 144Hz FHD display - 512GB SSD - 16GB RAM,"NPR 114,500.00",Availability: Out Of Stock,Model: MSI GL75 Leopard 10SDR | Processor: Intel Core  i7-10750H | Graphics: NVIDIA GeForce GTX 1660Ti | RAM: 16GB RAM | Storage: 512GB SSD | Display: 17.3-inch with IPS display  and 144Hz Refresh Rate | 1 Years Warranty & Genuine Windows 10 Home,"{""CPU"": ""10th Generation Intel Core i7-10750H"", ""OS"": ""Windows 10 Home"", ""Display"": ""17.3-inch FHD (1920 x 1080 pixels), 144Hz refresh rate, IPS Level"", ""Chipset"": ""Intel HM470"", ""Graphics"": ""NVIDIA GeForce GTX 1660Ti with 6GB GDDR6 VRAM"", ""Memory Type"": ""DDR4 16GB 2666Mhz"", ""DIMM Slot"": ""DDR4-2666MHz 2 Slots Max 64GB"", ""SSD"": ""512GB SSD"", ""HDD"": ""OPTIONAL"", ""Optical Drive"": ""NONE"", ""Webcam"": ""HD type (30fps@720p)"", ""Keyboard"": ""Backlight Keyboard (Single-Color, Red)"", ""LAN"": ""Killer Gb LAN"", ""Wireless"": ""Gb LAN 802.11 ax Wi-Fi 6 + Bluetooth v5.1"", ""Speaker"": ""2x 2W Speaker"", ""Audio Jack"": ""1x Mic-in 1x Headphone-out (SPDIF)"", ""RJ45 Port"": ""1"", ""USB Port"": ""1x RJ45 1x SD (XC/HC) Card Reader 1x (4K @ 30Hz) HDMI 1x Mini-DisplayPort 1x Type-C USB3.2 Gen2 3x Type-A USB3.2 Gen1"", ""Card Reader"": ""1 SD (XC/HC)"", ""HDMI"": ""1 (4K @ 30Hz)"", ""Mini-DisplayPort"": ""1"", ""Battery"": ""Li-Polimer"", ""AC Adapter"": ""180W adapter"", ""Dimension"": ""398.5 x 272 x 28 mm"", ""Weight"": ""2.6 kg""}"
https://hexxone.com/laptops-by-brand/msi/msi-gp65-leopard-10sdk-i7-10th-gen-gtx-1660ti-156-inch-144hz-fhd-512gb-ssd-16-gb-ram?limit=30,MSI GP65 Leopard 10SDK i7 10TH GEN - GTX 1660TI - 15.6-inch 144Hz FHD - 512GB SSD - 16 GB RAM,"NPR 136,000.00",Availability: Out Of Stock,Model: MSI GP65 Leopard 10SDK | Processor: Intel Core  i7-10750H | Graphics: NVIDIA GeForce GTX 1660Ti | RAM: 16GB RAM | Storage: 512GB SSD | Display: 15.6-inch with IPS display  and 144Hz Refresh Rate | 1 Years Warranty & Genuine Windows 10 Home,"{""CPU"": ""10th Generation Intel Core i7 10750H"", ""OS"": ""Windows 10 Home"", ""Display"": ""15.6-inch Full-HD (1920 x 1080 Pixels), 144Hz IPS Level"", ""Chipset"": ""Intel HM470"", ""Graphics"": ""GeForce GTX 1660TI 6GB GDDR6"", ""Memory Type"": ""DDR4 16GB 2666Mhz"", ""DIMM Slot"": ""DDR4-2666 2 Slots Max 64GB"", ""SSD"": ""512GB SSD"", ""HDD"": ""Optional"", ""Optical Drive"": ""NONE"", ""Webcam"": ""HD type (30fps@720p)"", ""Keyboard"": ""Per-Key RGB Backlight Keyboard"", ""LAN"": ""Killer Gb LAN"", ""Wireless"": ""Gb LAN 802.11 ax Wi-Fi 6 + Bluetooth v5.1"", ""Speaker"": ""2x 2W Speaker"", ""Audio Jack"": ""1x Mic-in 1x Headphone-out (SPDIF)"", ""RJ45 Port"": ""1"", ""USB Port"": ""1x RJ45 1x SD (XC/HC) Card Reader 1x (4K @ 30Hz) HDMI 1x Mini-DisplayPort 1x Type-C USB3.2 Gen2 3x Type-A USB3.2 Gen1"", ""Card Reader"": ""1 SD (XC/HC)"", ""HDMI"": ""1 (4K @ 30Hz)"", ""Mini-DisplayPort"": ""1"", ""Battery"": ""Li-Polimer"", ""AC Adapter"": ""230W adapter"", ""Dimension"": ""357 x 248 x 27.5 mm"", ""Weight"": ""2.3 kg""}"
https://hexxone.com/laptops-by-brand/msi/msi-gp65-leopard-10sfk-i7-10th-gen-rtx-2070-16-gb-ram-512gb-ssd-156-inch-144hz-fhd-display-in-nepal?limit=30,MSI GP65 Leopard 10SFK i7 10TH GEN - RTX 2070 - 16 GB RAM - 512GB SSD - 15.6-inch 144Hz FHD display in Nepal,"NPR 172,000.00",Availability: Out Of Stock,Model: MSI GP65 Leopard 10SFK | Processor: Intel Core  i7-10750H | Graphics: NVIDIA GeForce RTX 2070 | RAM: 16GB RAM | Storage: 512GB SSD | Display: 15.6-inch with IPS display  and 144Hz Refresh Rate | 1 Years Warranty & Genuine Windows 10 Home,"{""CPU"": ""10th Generation Intel Core i7 10750H"", ""OS"": ""Windows 10 Home"", ""Display"": ""15.6-inch Full-HD (1920 x 1080 Pixels), 144Hz IPS Level"", ""Chipset"": ""Intel HM470"", ""Graphics"": ""GeForce GTX 2070 8GB GDDR6"", ""Memory Type"": ""DDR4 16GB 2666Mhz"", ""DIMM Slot"": ""DDR4-2666 2 Slots Max 64GB"", ""SSD"": ""512GB SSD"", ""HDD"": ""Optional"", ""Optical Drive"": ""NONE"", ""Webcam"": ""HD type (30fps@720p)"", ""Keyboard"": ""Per-Key RGB Backlight Keyboard"", ""LAN"": ""Killer Gb LAN"", ""Wireless"": ""Gb LAN 802.11 ax Wi-Fi 6 + Bluetooth v5.1"", ""Speaker"": ""2x 2W Speaker"", ""Audio Jack"": ""1x Mic-in 1x Headphone-out (SPDIF)"", ""RJ45 Port"": ""1"", ""USB Port"": ""1x RJ45 1x SD (XC/HC) Card Reader 1x (4K @ 30Hz) HDMI 1x Mini-DisplayPort 1x Type-C USB3.2 Gen2 3x Type-A USB3.2 Gen1"", ""Card Reader"": ""1 SD (XC/HC)"", ""HDMI"": ""1 (4K @ 30Hz)"", ""Mini-DisplayPort"": ""1"", ""Battery"": ""Li-Polimer"", ""AC Adapter"": ""230W adapter"", ""Dimension"": ""357 x 248 x 27.5 mm"", ""Weight"": ""2.3 kg""}"
https://hexxone.com/laptops-by-brand/msi/msi-gp66-leopard-10ue-i7-10th-gen-8-core-rtx-3060-1tb-ssd-16gb-ram-156-inch-144hz-fhd-display-in-nepal?limit=30,MSI GP66 Leopard 10UE i7 10th Gen 8-Core - RTX 3060 - 1TB SSD - 16GB RAM - 15.6-inch 144Hz FHD display in Nepal,"NPR 185,980.00",Availability: Out Of Stock,Model: MSI GP66 Leopard 10UE | Processor: Intel Core  i7-10870H  processor | Graphics: NVIDIA GeForce RTX 3060 | RAM: 16GB RAM | Storage: 1TB SSD | Display: 15.6-inch IPS display with FHD  and 144Hz refresh rate | 1 Years Warranty & Genuine Windows 10 Home,"{""CPU"": ""10th Generation Intel Core i7 10870H processor; Octa-core (8-core) CPU"", ""OS"": ""Windows 10 Home"", ""Display"": ""15.6-inch IPS display; Full-HD (1920 x 1080 Pixels) resolution; 144Hz refresh rate"", ""Chipset"": ""Intel HM470"", ""Graphics"": ""NVIDIA GeForce RTX 3060 Graphics card with 6GB GDDR6 VRAM Up to 1802MHz Boost Clock, 130W Maximum Graphics Power with Dynamic Boost."", ""Memory Type"": ""DDR4 16GB 3200MHz; Expandable up to 64GB"", ""DIMM Slot"": ""DDR4-2666 2 Slots Max 64GB"", ""SSD"": ""1TB SSD"", ""HDD"": ""Optional"", ""Optical Drive"": ""NONE"", ""Webcam"": ""HD type (30fps@720p)"", ""Keyboard"": ""Per-Key RGB Backlight Keyboard"", ""LAN"": ""Killer Gb LAN"", ""Wireless"": ""Gb LAN (Up to 2.5G) 802.11 ax Wi-Fi 6 + Bluetooth v5.1"", ""Speaker"": ""2x 2W Speaker"", ""Audio Jack"": ""1x Mic-in 1x Headphone-out (SPDIF)"", ""RJ45 Port"": ""1"", ""USB Port"": ""1x Type-C (USB3.2 Gen2 / DP) 3x Type-A USB3.2 Gen1 1x RJ45 1x (4K @ 60Hz) HDMI"", ""Card Reader"": ""1 SD (XC/HC)"", ""HDMI"": ""1 (4K @ 30Hz)"", ""Mini-DisplayPort"": ""1"", ""Battery"": ""Li-Polimer"", ""AC Adapter"": ""230W adapter"", ""Dimension"": ""358 x 267 x 23.4 mm"", ""Weight"": ""2.38 kg""}"
https://hexxone.com/laptops-by-brand/msi/msi-gp66-leopard-11ue-i7-11800h-8-core-rtx-3060-16gb-ram-512gb-ssd-156-inch-fhd-240hz-display-in-nepal?limit=30,MSI GP66 Leopard 11UE i7 11800H 8 Core - RTX 3060 - 16GB RAM - 512GB SSD - 15.6-inch FHD 240Hz display in Nepal,"NPR 178,500.00",Availability: Out Of Stock,Model: MSI GP66 Leopard 11UE | Processor: Intel Core i7-11800H | Graphics: NVIDIA GeForce RTX 3060 | RAM: 16GB RAM | Storage: 512GB SSD | Display: 15.6-inch IPS display with FHD and 240Hz refresh rate | 1 Years Warranty & Genuine Windows 10 Home,"{""BRAND"": ""MSI"", ""MODEL"": ""MSI GP76 Leopard 11UE"", ""TYPE"": ""Powerful Gaming Laptop"", ""CPU"": ""11th Generation Intel Core i7-11800H (24MB Cache, up to 4.6 GHz, 8 cores)"", ""OS"": ""Windows 10 Home (MSI recommends Windows 11 Pro for business.) FREE Upgrade to Windows 11*"", ""DISPLAY"": ""15.6\"" FHD (1920x1080), 240Hz, IPS-Level"", ""GRAPHICS"": ""NVIDIAÂ® GeForce RTXâ„¢ 3080 Laptop GPU 8GB GDDR6 NVIDIAÂ® GeForce RTXâ„¢ 3080 Laptop GPU 16GB GDDR6 Up to 1645MHz Boost Clock, 140W Maximum Graphics Power with Dynamic Boost. *May vary by scenario"", ""MEMORY"": ""16 GB DDR4-3200 2 Slots Max Upto 64GB"", ""STORAGE CAPABILITY"": ""512GB SSD 2x M.2 SSD slot (NVMe PCIe Gen3 and Gen4 )"", ""WEBCAM"": ""HD type (30fps@720p)"", ""KEYBOARD"": ""Per-Key RGB Backlight Keyboard"", ""COMMUNICATION"": ""Gb LAN (Up to 2.5G) Killer ax Wi-Fi 6E + Bluetooth v5.2"", ""AUDIO"": ""2x 2W Speaker"", ""AUDIO JACK"": ""1x Mic-in/Headphone-out Combo Jack"", ""I/O PORTS"": ""3x Type-A USB3.2 Gen1 1x RJ45 1x (8K @ 60Hz / 4K @ 120Hz) HDMI 1x Mini-DisplayPort"", ""BATTERY"": ""4-Cell 65 Battery (Whr)"", ""AC ADAPTER"": ""240W adapter"", ""DIMENSION (W X D X H)"": ""358 x 267 x 23.4 mm"", ""WEIGHT (W/ BATTERY)"": ""2.38 kg"", ""MSI GP66 LEOPARD 11UE PRICE IN NEPAL"": ""Rs. 260,000""}"
https://hexxone.com/laptops-by-brand/msi/msi-gp66-leopard-11ug-i7-11800h-8-core-rtx-3070-16gb-ram-512gb-ssd-156-inch-fhd-240hz-display-in-nepal?limit=30,MSI GP66 Leopard 11UG i7 11800H 8 Core - RTX 3070/ 16GB RAM - 512GB SSD - 15.6-inch FHD 240Hz display in Nepal,"NPR 216,250.00",Availability: Out Of Stock,Model: MSI GP66 Leopard 11UG | Processor: Intel Core i7-11800H | Graphics: NVIDIA GeForce RTX 3070 | RAM: 16GB RAM | Storage: 512GB SSD | Display: 15.6-inch IPS display with FHD and 240Hz refresh rate | 1 Years Warranty & Genuine Windows 10 Home,"{""BRAND"": ""MSI"", ""MODEL"": ""MSI GP76 Leopard 11UE"", ""TYPE"": ""Powerful Gaming Laptop"", ""CPU"": ""11th Generation Intel Core i7-11800H (24MB Cache, up to 4.6 GHz, 8 cores)"", ""OS"": ""Windows 10 Home (MSI recommends Windows 11 Pro for business.) FREE Upgrade to Windows 11"", ""DISPLAY"": ""15.6\"" FHD (1920x1080), 240Hz, IPS-Level"", ""GRAPHICS"": ""NVIDIAÂ® GeForce RTXâ„¢ 3070 Laptop GPU 8GB GDDR6 Up to 1670MHz Boost Clock, 140W Maximum Graphics Power with Dynamic Boost. *May vary by scenario"", ""MEMORY"": ""16 GB DDR4-3200 2 Slots Max Upto 64GB"", ""STORAGE CAPABILITY"": ""512GB SSD 2x M.2 SSD slot (NVMe PCIe Gen3 and Gen4 )"", ""WEBCAM"": ""HD type (30fps@720p)"", ""KEYBOARD"": ""Per-Key RGB Backlight Keyboard"", ""COMMUNICATION"": ""Gb LAN (Up to 2.5G) Killer ax Wi-Fi 6E + Bluetooth v5.2"", ""AUDIO"": ""2x 2W Speaker"", ""AUDIO JACK"": ""1x Mic-in/Headphone-out Combo Jack"", ""I/O PORTS"": ""3x Type-A USB3.2 Gen1 1x RJ45 1x (8K @ 60Hz / 4K @ 120Hz) HDMI 1x Mini-DisplayPort"", ""BATTERY"": ""4-Cell 65 Battery (Whr)"", ""AC ADAPTER"": ""280W adapter"", ""DIMENSION (W X D X H)"": ""358 x 267 x 23.4 mm"", ""WEIGHT (W/ BATTERY)"": ""2.38 kg"", ""MSI GP66 LEOPARD 11UG PRICE IN NEPAL"": ""Rs. 289,000""}"
https://hexxone.com/laptops-by-brand/msi/msi-gp66-leopard-11uh-i7-11800h-8-core-rtx-3080-16gb-ram-1tb-ssd-156-inch-fhd-240hz-display-in-nepal?limit=30,MSI GP66 Leopard 11UH i7 11800H 8 Core - RTX 3080/ 16GB RAM - 1TB SSD - 15.6-inch FHD 240Hz display in Nepal,"NPR 275,500.00",Availability: Out Of Stock,Model: MSI  GP66 Leopard 11UH | Processor: IntelÂ® Coreâ„¢ i7-11800H | Graphics: NVIDIAÂ® GeForce RTXâ„¢ 3080 | RAM: 16GB RAM | Storage: 1TB SSD | Display: 15.6-inch IPS display with FHD and 240Hz refresh rate | 1 Years Warranty & Genuine Windows 10 Home,"{""BRAND"": ""MSI"", ""MODEL"": ""MSI GP66 Leopard 11UH"", ""CPU"": ""11th Generation IntelÂ® Coreâ„¢ i7-11800H (24MB Cache, up to 4.6 GHz, 8 cores)"", ""OS"": ""Windows 10 Home (MSI recommends Windows 11 Pro for business.) FREE Upgrade to Windows 11*"", ""DISPLAY"": ""15.6\"" FHD (1920x1080), 240Hz, IPS-Level"", ""GRAPHICS"": ""NVIDIAÂ® GeForce RTXâ„¢ 3080 Laptop GPU 8GB GDDR6 Up to 1645MHz Boost Clock, 140W Maximum Graphics Power with Dynamic Boost. *May vary by scenario"", ""MEMORY"": ""16 GB DDR4-3200 2 Slots Max Upto 64GB"", ""STORAGE CAPABILITY"": ""1TB SSD 2x M.2 SSD slot (NVMe PCIe Gen3 and Gen4 )"", ""WEBCAM"": ""HD type (30fps@720p)"", ""KEYBOARD"": ""Per-Key RGB Backlight Keyboard"", ""COMMUNICATION"": ""Gb LAN (Up to 2.5G) Killer ax Wi-Fi 6E + Bluetooth v5.2"", ""AUDIO"": ""2x 2W Speaker"", ""AUDIO JACK"": ""1x Mic-in/Headphone-out Combo Jack"", ""I/O PORTS"": ""3x Type-A USB3.2 Gen1 1x RJ45 1x (8K @ 60Hz / 4K @ 120Hz) HDMI 1x Mini-DisplayPort"", ""BATTERY"": ""4-Cell 65 Battery (Whr)"", ""AC ADAPTER"": ""280W adapter"", ""DIMENSION (W X D X H)"": ""358 x 267 x 23.4 mm"", ""WEIGHT (W/ BATTERY)"": ""2.38 kg"", ""MSI GP66 LEOPARD 11UH PRICE IN NEPAL"": ""Rs. 368,000""}"
https://hexxone.com/laptops-by-brand/msi/msi-gp76-leopard-10ue-i7-10th-gen-8-core-rtx-3060-16-gb-ram-1tb-ssd-173-inch-144hz-fhd-display-in-nepal?limit=30,MSI GP76 Leopard 10UE i7 10th Gen 8 Core - RTX 3060 - 16 GB RAM - 1TB SSD - 17.3-inch 144Hz FHD display in Nepal,"NPR 180,800.00",Availability: Out Of Stock,Model: MSI GP76 Leopard 10UE | Processor: Intel Core  i7-10870H  processor | Graphics: NVIDIA GeForce RTX 3060 | RAM: 16GB RAM | Storage: 1TB SSD | Display: 17.3-inch IPS display with FHD  and 144Hz refresh rate | 1 Years Warranty & Genuine Windows 10 Home,"{""CPU"": ""10th Generation Intel Core i7 10870H processor; Octa-core (8-core) CPU"", ""OS"": ""Windows 10 Home"", ""Display"": ""17.3-inch IPS display; Full-HD (1920 x 1080 Pixels) resolution; 144Hz refresh rate"", ""Chipset"": ""Intel HM470"", ""Graphics"": ""NVIDIA GeForce RTX 3060 Laptop GPU 6GB GDDR6 Up to 1802MHz Boost Clock, 130W Maximum Graphics Power with Dynamic Boost."", ""Memory Type"": ""DDR4 16GB 3200Mhz"", ""DIMM Slot"": ""DDR4-2666 2 Slots Max 64GB"", ""SSD"": ""1TB SSD"", ""HDD"": ""Optional"", ""Optical Drive"": ""NONE"", ""Webcam"": ""HD type (30fps@720p)"", ""Keyboard"": ""Per-Key RGB Backlight Keyboard"", ""LAN"": ""Killer Gb LAN"", ""Wireless"": ""Gb LAN (Up to 2.5G) 802.11 ax Wi-Fi 6 + Bluetooth v5.1"", ""Speaker"": ""2x 2W Speaker"", ""Audio Jack"": ""1x Mic-in 1x Headphone-out (SPDIF)"", ""RJ45 Port"": ""1"", ""USB Port"": ""1x Type-C (USB3.2 Gen2 / DP) 3x Type-A USB3.2 Gen1 1x RJ45 1x (4K @ 60Hz) HDMI"", ""Card Reader"": ""1 SD (XC/HC)"", ""HDMI"": ""1 (4K @ 30Hz)"", ""Mini-DisplayPort"": ""1"", ""Battery"": ""Li-Polimer"", ""AC Adapter"": ""230W adapter"", ""Dimension"": ""397 x 284 x 25.9 mm"", ""Weight"": ""2.9 kg"", ""MSI GP76 Leopard 10UE Price in Nepal"": ""Rs. 259,000""}"
https://hexxone.com/laptops-by-brand/msi/msi-gp76-leopard-11ue-i7-11800h-8-core-rtx-3060-16gb-ram-512gb-ssd-173-inch-qhd-240hz-display-in-nepal?limit=30,MSI GP76 Leopard 11UE i7 11800H 8 Core - RTX 3060 - 16GB RAM - 512GB SSD - 17.3-inch QHD 240Hz display in Nepal,"NPR 198,250.00",Availability: Out Of Stock,Model: MSI GP76 Leopard 11UE | Processor: Intel Core i7-11800H CPU | Graphics: NVIDIA GeForce RTX 3060 | RAM: 16GB RAM | Storage: 512GB SSD | Display: 17.3-inch IPS display with QHD and 240Hz refresh rate | 1 Years Warranty & Genuine Windows 10 Home,"{""BRAND"": ""MSI"", ""MODEL"": ""MSI GP76 Leopard 11UE"", ""TYPE"": ""Powerful Gaming Laptop"", ""CPU"": ""11th Generation Intel Core i7-11800H (24MB Cache, up to 4.6 GHz, 8 cores)"", ""OS"": ""Windows 10 Home (MSI recommends Windows 11 Pro for business.) FREE Upgrade to Windows 11*"", ""DISPLAY"": ""17.3\"" QHD (2560x1440), 240Hz, IPS-Level"", ""GRAPHICS"": ""NVIDIAÂ® GeForce RTXâ„¢ 3060 Laptop GPU 6GB GDDR6 Up to 1752MHz Boost Clock, 130W Maximum Graphics Power with Dynamic Boost. *May vary by scenario"", ""MEMORY"": ""16 GB DDR4-3200 2 Slots Max Upto 64GB"", ""STORAGE CAPABILITY"": ""512GB SSD 2x M.2 SSD slot (NVMe PCIe Gen3 and Gen4 )"", ""WEBCAM"": ""HD type (30fps@720p)"", ""KEYBOARD"": ""Per-Key RGB Backlight Keyboard"", ""COMMUNICATION"": ""Gb LAN (Up to 2.5G) Killer ax Wi-Fi 6E + Bluetooth v5.2"", ""AUDIO"": ""2x 2W Speaker"", ""AUDIO JACK"": ""1x Mic-in/Headphone-out Combo Jack"", ""I/O PORTS"": ""3x Type-A USB3.2 Gen1 1x RJ45 1x (8K @ 60Hz / 4K @ 120Hz) HDMI 1x Mini-DisplayPort"", ""BATTERY"": ""4-Cell 65 Battery (Whr)"", ""AC ADAPTER"": ""240W adapter"", ""DIMENSION (W X D X H)"": ""397 x 284 x 25.9 mm"", ""WEIGHT (W/ BATTERY)"": ""2.9 kg"", ""MSI GP76 LEOPARD 11UE PRICE IN NEPAL"": ""Rs. 265,000""}"
https://hexxone.com/laptops-by-brand/msi/msi-gp76-leopard-11ug-i7-11800h-8-core-rtx-3070-16gb-ram-512gb-ssd-173-inch-qhd-240hz-display-in-nepal?limit=30,MSI GP76 Leopard 11UG i7 11800H 8 Core - RTX 3070/ 16GB RAM - 512GB SSD - 17.3-inch QHD 240Hz display in Nepal,"NPR 208,950.00",Availability: Out Of Stock,Model: MSI GP76 Leopard 11UG | Processor: IntelÂ® Coreâ„¢ i7-11800H | Graphics: NVIDIA GeForce RTX 3070 | RAM: 16GB RAM | Storage: 512GB SSD | Display: 17.3-inch FHD with 240Hz display | 2 Years Warranty & Genuine Windows 10 Home,"{""BRAND"": ""MSI"", ""MODEL"": ""MSI GP76 Leopard 11UG"", ""TYPE"": ""Powerful Gaming Laptop"", ""CPU"": ""11th Generation IntelÂ® Coreâ„¢ i7-11800H (24MB Cache, up to 4.6 GHz, 8 cores)"", ""OS"": ""Windows 10 Home (MSI recommends Windows 11 Pro for business.) FREE Upgrade to Windows 11*"", ""DISPLAY"": ""17.3\"" QHD (2560x1440), 240Hz, IPS-Level"", ""GRAPHICS"": ""NVIDIAÂ® GeForce RTXâ„¢ 3070 Laptop GPU 8GB GDDR6 Up to 1670MHz Boost Clock, 140W Maximum Graphics Power with Dynamic Boost. *May vary by scenario"", ""MEMORY"": ""16 GB DDR4-3200 2 Slots Max Upto 64GB"", ""STORAGE CAPABILITY"": ""512GB SSD 2x M.2 SSD slot (NVMe PCIe Gen3 and Gen4 )"", ""WEBCAM"": ""HD type (30fps@720p)"", ""KEYBOARD"": ""Per-Key RGB Backlight Keyboard"", ""COMMUNICATION"": ""Gb LAN (Up to 2.5G) Killer ax Wi-Fi 6E + Bluetooth v5.2"", ""AUDIO"": ""2x 2W Speaker"", ""AUDIO JACK"": ""1x Mic-in/Headphone-out Combo Jack"", ""I/O PORTS"": ""3x Type-A USB3.2 Gen1 1x RJ45 1x (8K @ 60Hz / 4K @ 120Hz) HDMI 1x Mini-DisplayPort"", ""BATTERY"": ""4-Cell 65 Battery (Whr)"", ""AC ADAPTER"": ""280W adapter"", ""DIMENSION (WXDXH)"": ""397 x 284 x 25.9 mm"", ""WEIGHT (W/ BATTERY)"": ""2.9 kg"", ""MSI GP76 LEOPARD 11UG PRICE IN NEPAL"": ""Rs. 295,000""}"
https://hexxone.com/laptops-by-brand/msi/msi-gp76-leopard-11uh-i7-11800h-8-core-rtx-3080-16gb-ram-1tb-ssd-173-inch-qhd-240hz-display-in-nepal?limit=30,MSI GP76 Leopard 11UH i7 11800H 8 Core - RTX 3080/ 16GB RAM - 1TB SSD - 17.3-inch QHD 240Hz display in Nepal,"NPR 280,750.00",Availability: Out Of Stock,Model: MSI GP76 Leopard 11UG | Processor: IntelÂ® Coreâ„¢ i7-11800H | Graphics: NVIDIA GeForce RTX 3080 | RAM: 16GB RAM | Storage: 512GB SSD | Display: 17.3-inch FHD with 240Hz display | 1 Years Warranty & Genuine Windows 10 Home,"{""BRAND"": ""MSI"", ""MODEL"": ""MSI GP76 Leopard 11UH"", ""TYPE"": ""Powerful Gaming Laptop"", ""CPU"": ""11th Generation IntelÂ® Coreâ„¢ i7-11800H (24MB Cache, up to 4.6 GHz, 8 cores)"", ""OS"": ""Windows 10 Home (MSI recommends Windows 11 Pro for business.) FREE Upgrade to Windows 11*"", ""DISPLAY"": ""17.3\"" QHD (2560x1440), 240Hz, IPS-Level"", ""GRAPHICS"": ""NVIDIAÂ® GeForce RTXâ„¢ 3080 Laptop GPU 8GB GDDR6, 150W Maximum Graphics Power with Dynamic Boost."", ""MEMORY"": ""16 GB DDR4-3200 2 Slots Max Upto 64GB"", ""STORAGE CAPABILITY"": ""1TB SSD 2x M.2 SSD slot (NVMe PCIe Gen3 and Gen4 )"", ""WEBCAM"": ""HD type (30fps@720p)"", ""KEYBOARD"": ""Per-Key RGB Backlight Keyboard"", ""COMMUNICATION"": ""Gb LAN (Up to 2.5G) Killer ax Wi-Fi 6E + Bluetooth v5.2"", ""AUDIO"": ""2x 2W Speaker"", ""AUDIO JACK"": ""1x Mic-in/Headphone-out Combo Jack"", ""I/O PORTS"": ""3x Type-A USB3.2 Gen1 1x RJ45 1x (8K @ 60Hz / 4K @ 120Hz) HDMI 1x Mini-DisplayPort"", ""BATTERY"": ""4-Cell 65 Battery (Whr)"", ""AC ADAPTER"": ""350W adapter"", ""DIMENSION (W X D X H)"": ""397 x 284 x 25.9 mm"", ""WEIGHT (W/ BATTERY)"": ""2.9 kg"", ""MSI GP76 LEOPARD 11UH PRICE IN NEPAL"": ""Rs. 375,000""}"
https://hexxone.com/laptops-by-brand/msi/msi-gs65-stealth-9sf-thin-i7-9th-gen-rtx-2070-156-inch-fhd-240hz-16gb-ram-1tb-ssd?limit=30,MSI GS65 Stealth 9SF Thin i7 9TH GEN - RTX 2070 - 15.6-inch FHD 240Hz - 16GB RAM - 1TB SSD,"NPR 153,900.00",Availability: Out Of Stock,Model: MSI GS6s Stealth 9SF | Processor: Intel Core  i7-9750H processor | Graphics: NVIDIA GeForce RTX 2070 | RAM: 16 GB RAM | Storage: 1TB SSD | Display: 15.6-inch with IPS display  and 240Hz Refresh Rate | 1 Years Warranty & Genuine Windows 10 Home,"{""CPU"": ""Intel Core i7-9750H 6-Core"", ""OS"": ""Windows 10 Home Windows 10 Pro"", ""Display"": ""15.6\"" FHD (1920x1080), 240Hz, IPS-Level"", ""Chipset"": ""Intel HM470"", ""Graphics"": ""NVIDIA GeForce RTX 2070 Super With Max-Q Design, 8GB GDDR6"", ""Memory Type"": ""16GB DDR4 2666MHz"", ""DIMM Slot"": ""Up to DDR4-3200MHz 2 Slots Max 64GB"", ""SSD"": ""1TB SSD"", ""HDD"": ""No"", ""Webcam"": ""IR HD type (30fps@720p)"", ""Keyboard"": ""Per-Key RGB Backlight Keyboard"", ""LAN"": ""Killer Gb LAN"", ""Wireless"": ""Killer Gb LAN 802.11 ax Wi-Fi 6 + Bluetooth v5.1"", ""Speaker"": ""2x 2W"", ""Audio Jack"": ""1 (Mic-in) 1 (Headphone-out (SPDIF))"", ""USB Port"": ""1x RJ45 1x (4K @ 60Hz) HDMI 1x Type-C (USB3.2 Gen2 / DP / Thunderboltâ„¢3) with PD charging 1x Type-C USB3.2 Gen2 3x Type-A USB3.2 Gen2"", ""RJ45 Port"": ""1"", ""Card Reader"": ""1x SD (XC/HC)"", ""HDMI"": ""1x (4K @ 30Hz)"", ""Mini-DisplayPort"": ""1"", ""Battery"": ""Li-Polymer 99Whr"", ""AC Adapter"": ""230W adapter Slim"", ""Dimension"": ""358.3 x 248 x 18.3-19.8 mm"", ""Weight"": ""2.1 kg""}"
https://hexxone.com/laptops-by-brand/msi/msi-gs66-stealth-10sd-thin-i7-10th-gen-gtx-1660ti-156-inch-fhd-144-hz-16gb-ram-512gb-ssd?limit=30,MSI GS66 Stealth 10SD Thin i7 10TH GEN - GTX 1660Ti - 15.6-inch FHD 144 Hz - 16GB RAM - 512GB SSD,"NPR 154,500.00",Availability: Out Of Stock,Model: MSI  GS66 Stealth 10SD | Processor: Intel Core  i7-10750H | Graphics: NVIDIA GeForce GTX 1660Ti | RAM: 16GB RAM | Storage: 512GB SSD | Display: 15.6-inch with IPS display  and 144Hz Refresh Rate | 1 Years Warranty & Genuine Windows 10 Home,"{""CPU"": ""Intel Core i7-10750H 6-Core"", ""OS"": ""Windows 10 Home Windows 10 Pro"", ""Display"": ""15.6-inch Full-HD (1920 x 1080 Pixels), 144Hz, IPS-Level"", ""Chipset"": ""Intel HM470"", ""Graphics"": ""NVIDIA GeForce GTX 1660Ti, 6GB GDDR6"", ""Memory Type"": ""16GB DDR4 3200MHz"", ""DIMM Slot"": ""Up to DDR4-3200MHz 2 Slots Max 64GB"", ""SSD"": ""512GB SSD"", ""HDD"": ""No"", ""Webcam"": ""IR HD type (30fps@720p)"", ""Keyboard"": ""Per-Key RGB Backlight Keyboard"", ""LAN"": ""Killer Gb LAN"", ""Wireless"": ""Killer Gb LAN 802.11 ax Wi-Fi 6 + Bluetooth v5.1"", ""Speaker"": ""2x 2W"", ""Audio Jack"": ""1 (Mic-in) 1 (Headphone-out (SPDIF))"", ""USB Port"": ""1x RJ45 1x (4K @ 60Hz) HDMI 1x Type-C (USB3.2 Gen2 / DP / Thunderboltâ„¢3) with PD charging 1x Type-C USB3.2 Gen2 3x Type-A USB3.2 Gen2"", ""RJ45 Port"": ""1"", ""Card Reader"": ""1x SD (XC/HC)"", ""HDMI"": ""1x (4K @ 30Hz)"", ""Mini-DisplayPort"": ""1"", ""Battery"": ""Li-Polymer 99Whr"", ""AC Adapter"": ""230W adapter Slim"", ""Dimension"": ""358.3 x 248 x 18.3-19.8 mm"", ""Weight"": ""2.1 kg""}"
https://hexxone.com/laptops-by-brand/msi/msi-katana-15-b13vek-2023-i7-13th-gen-rtx-4050-16gb-ram-1tb-ssd-16-inch-144hz-fhd-display-2-years-warranty-in-nepal?limit=30,MSI Katana 15 B13VEK 2023 i7 13TH GEN - RTX 4050 - 16GB RAM - 1TB SSD - 16-inch 144Hz FHD display - 2 Years Warranty in Nepal,"NPR 194,250.00",Availability: Out Of Stock,"Model: MSI Katana 15 B13VEK 2023 | Processor: IntelÂ® Coreâ„¢ i7-13620H, 10C | Graphics: NVIDIA GeForce RTX 4050 | RAM: 16GB RAM | Storage: 1TB SSD | Display: 15.6-inch IPS display with FHD and 144Hz refresh rate | 2 Years Warranty & Genuine Windows 11 Home","{""Brand"": ""MSI"", ""Series"": ""MSI Katana Series"", ""Model"": ""MSI Katana 15 B13VEK 2023"", ""Type"": ""Powerful gaming laptop"", ""Processor"": ""IntelÂ® Coreâ„¢ i7-13620H, 10C (6P + 4E) / 16T / 4.9GHz / 24MB"", ""Graphics"": ""NVIDIAÂ® GeForce RTXâ„¢ 4050 Laptop GPU 6GB GDDR6 Up to 2355MHz Boost Clock 105W Maximum Graphics Power with Dynamic Boost. *May vary by scenario"", ""Chipset"": ""-"", ""Memory"": ""16GB (8GB*2) DDR5 5200MHz"", ""Max Memory"": ""Up to 64GB (32GB SO-DIMM + 32GB SO-DIMM) DDR5-5200 offering"", ""Storage"": ""1TB SSD M.2 2280 PCIeÂ® 4.0x4 NVMeÂ®"", ""Card Reader"": ""SD7.0"", ""Audio Port"": ""1x Mic-in/Headphone-out Combo Jack"", ""Speakers"": ""2x 2W Speaker"", ""Camera"": ""HD type (30fps@720p)"", ""Battery"": ""3-Cell 53.5 Battery (Whr)"", ""Power Adapter"": ""200W Slim Tip (3-pin)"", ""Display"": ""15.6\"" FHD (1920x1080), 144Hz, IPS-Level"", ""Keyboard"": ""4-Zone RGB Gaming Keyboard"", ""Color"": ""Black"", ""Dimensions (WxDxH)"": ""359 x 259 x 24.9 mm"", ""Weight"": ""2.25 lbs"", ""Operating System"": ""WindowsÂ® 11 Home,"", ""Bundled Software"": ""Office Trial"", ""Ethernet"": ""Gb LAN"", ""WLAN + BluetoothÂ®"": ""802.11 ax Wi-Fi 6 + Bluetooth v5.2"", ""Standard Ports"": ""1x Type-C (USB3.2 Gen1 / DP) 2x Type-A USB3.2 Gen1 1x Type-A USB2.0 1x HDMIâ„¢ 2.1 (8K @ 60Hz / 4K @ 120Hz) 1x RJ45"", ""Security Chip"": ""Intel Â® PTT"", ""Other Security"": ""E-Camera shutter"", ""Base Warranty"": ""2-year local , 2 year international"", ""Bagpack"": ""Stealth Trooper Backpack II"", ""MSI Katana 15 B13VEK 2023 Price in Nepal"": ""Rs. 205,000 (RTX 4050)""}"
https://hexxone.com/laptops-by-brand/msi/msi-katana-15-b13vek-2023-i7-13th-gen-rtx-4060-16gb-ram-1tb-ssd-16-inch-144hz-fhd-display-2-years-warranty-in-nepal?limit=30,MSI Katana 15 B13VEK 2023 i7 13TH GEN - RTX 4060 - 16GB RAM - 1TB SSD - 16-inch 144Hz FHD display - 2 Years Warranty in Nepal,"NPR 208,500.00",Availability: Out Of Stock,"Model: MSI Katana 15 B13VFK 2023 | Processor: IntelÂ® Coreâ„¢ i7-13620H, 10C | Graphics: NVIDIA GeForce RTX 4060 8GB | RAM: 16GB RAM | Storage: 1TB SSD | Display: 15.6-inch IPS display with FHD and 144Hz refresh rate | 2 Years Warranty & Genuine Windows 11 Home","{""Brand"": ""MSI"", ""Series"": ""MSI Katana Series"", ""Model"": ""MSI Katana 15 B13VFK 2023"", ""Type"": ""Powerful gaming laptop"", ""Processor"": ""IntelÂ® Coreâ„¢ i7-13620H, 10C (6P + 4E) / 16T / 4.9GHz / 24MB"", ""Graphics"": ""NVIDIAÂ® GeForce RTXâ„¢ 4060 Laptop GPU 8GB GDDR6 Boost Clock 105W Maximum Graphics Power with Dynamic Boost. *May vary by scenario"", ""Chipset"": ""-"", ""Memory"": ""16GB (8GB*2) DDR5 5200MHz"", ""Max Memory"": ""Up to 64GB (32GB SO-DIMM + 32GB SO-DIMM) DDR5-5200 offering"", ""Storage"": ""1TB SSD M.2 2280 PCIeÂ® 4.0x4 NVMeÂ®"", ""Card Reader"": ""SD7.0"", ""Audio Port"": ""1x Mic-in/Headphone-out Combo Jack"", ""Speakers"": ""2x 2W Speaker"", ""Camera"": ""HD type (30fps@720p)"", ""Battery"": ""3-Cell 53.5 Battery (Whr)"", ""Power Adapter"": ""200W Slim Tip (3-pin)"", ""Display"": ""15.6\"" FHD (1920x1080), 144Hz, IPS-Level"", ""Keyboard"": ""4-Zone RGB Gaming Keyboard"", ""Color"": ""Black"", ""Dimensions (WxDxH)"": ""359 x 259 x 24.9 mm"", ""Weight"": ""2.25 lbs"", ""Operating System"": ""WindowsÂ® 11 Home,"", ""Bundled Software"": ""Office Trial"", ""Ethernet"": ""Gb LAN"", ""WLAN + BluetoothÂ®"": ""802.11 ax Wi-Fi 6 + Bluetooth v5.2"", ""Standard Ports"": ""1x Type-C (USB3.2 Gen1 / DP) 2x Type-A USB3.2 Gen1 1x Type-A USB2.0 1x HDMIâ„¢ 2.1 (8K @ 60Hz / 4K @ 120Hz) 1x RJ45"", ""Security Chip"": ""Intel Â® PTT"", ""Other Security"": ""E-Camera shutter"", ""Base Warranty"": ""2-year local , 2 year international"", ""Bagpack"": ""Stealth Trooper Backpack II"", ""MSI Katana 15 B13VEK 2023 Price in Nepal"": ""Rs. 220,000 (RTX 4060)""}"
https://hexxone.com/laptops-by-brand/msi/msi-katana-gf66-11ue-i7-11th-gen-8-core-rtx-3060-16gb-ram-512gb-ssd-156-inch-fhd-144hz-fhd-display-in-nepal?limit=30,MSI Katana GF66 11UE i7 11th GEN 8 Core - RTX 3060 - 16GB RAM - 512GB SSD - 15.6-inch FHD 144Hz FHD display in Nepal,"NPR 167,500.00",Availability: Out Of Stock,Model: MSI Katana GF66 11UE | Processor: Intel Core i7-11800H CPU (Tiger Lake) | Graphics: NVIDIA GeForce RTX 3060 | RAM: 16GB RAM | Storage: 512GB SSD | Display: 15.6-inch IPS display with FHD and 144Hz refresh rate | 1 Years Warranty & Genuine Windows 10 Home,"{""Brand"": ""MSI"", ""CPU"": ""Intel Core i7-11800H CPU (Tiger Lake) - 2.3GHz Base Clock, 4.6GHz Max Turbo Clock - 24MB Intel Smart Cache, 8 Cores, 16 Threads"", ""OS"": ""Windows 10 Home"", ""Display"": ""15.6-inch IPS Display; Full-HD (1920 x 1080 pixels) resolution; 144Hz refresh rate"", ""Type"": ""Gaming Laptop"", ""Chipset"": ""Intel HM570"", ""Graphics"": ""NVIDIA GeForce RTX 3060 Laptop GPU 6GB GDDR6 Up to 1485MHz Boost Clock, 85W Maximum Graphics Power with Dynamic Boost. *May vary by scenario"", ""RAM"": ""DDR4 16GB 3200Mhz"", ""DIMM Slot"": ""DDR4-3200 Memory Type 2 Slots Number of SO-DIMM Slot Max 64GB Max Capacity"", ""SSD"": ""1TB SSD 2x M.2 SSD slot (NVMe PCIe Gen3)"", ""HDD"": ""Optional"", ""Optical Drive"": ""NONE"", ""Webcam"": ""HD type (30fps@720p)"", ""Keyboard"": ""RED Backlight Keyboard"", ""LAN"": ""Killer Gb LAN"", ""Wireless"": ""Gb LAN 802.11 ax Wi-Fi 6 + Bluetooth v5.2"", ""Speaker"": ""Speaker (4x 2W) Woofer(1x 3W)"", ""Audio Jack"": ""1x Mic-in/Headphone-out Combo Jack"", ""RJ45 Port"": ""1"", ""USB Port"": ""1x Type-C USB3.2 Gen1 2x Type-A USB3.2 Gen1 1x Type-A USB2.0 1x RJ45 1x (4K @ 60Hz) HDMI"", ""Card Reader"": ""1 SD (XC/HC)"", ""HDMI"": ""1 (4K @ 60Hz)"", ""Mini-DisplayPort"": ""1"", ""Battery"": ""Li-Polimer"", ""AC Adapter"": ""180W adapter"", ""Dimension"": ""359 x 259 x 24.9 mm"", ""Weight"": ""2.25 kg"", ""MSI Katana GF66 11UE Price in Nepal"": ""Rs. 210,000""}"
https://hexxone.com/laptops-by-brand/msi/msi-modern-14-b11sb-i5-11th-gen-geforce-mx450-8gb-ram-512gb-ssd-14-inch-fhd?limit=30,MSI Modern 14 B11SB i5 11th Gen - GeForce MX450 - 8GB RAM - 512GB SSD - 14-inch FHD,"NPR 100,750.00",Availability: Out Of Stock,Model: MSI Modern 14 B11SB | Processor: Intel Core i5-1135G7 processor | Graphics: NVIDIA GeForce  MX450 | RAM: 8GB RAM | Storage: 512GB SSD | Display: 14-inch with IPS display | 1 Years Warranty & Genuine Windows 10 Home,"{""CPU"": ""11th Gen Intel Core I5-1135G7"", ""OS"": ""Windows 10 Home"", ""Display"": ""14-inch Full-HD (1920 x 1080 pixels), IPS-Level"", ""Graphics"": ""GeForce MX450 with 2GB GDDR5 VRAM"", ""Memory Type"": ""8GB DDR4-3200 Memory Type 1 Slot Number of SO-DIMM Slot Max 32GB Max Capacity"", ""DIMM Slot"": ""1 Slot Max 32GB"", ""SSD"": ""512GB SSD"", ""HDD"": ""No"", ""Webcam"": ""FHD type (30fps@1080p)"", ""Keyboard"": ""Backlight Keyboard (Single-Color, White)"", ""Wireless"": ""802.11 ax Wi-Fi 6 + Bluetooth v5.1"", ""Speaker"": ""2x 2W"", ""Audio Jack"": ""1x Mic-in/Headphone-out Combo Jack"", ""Ports"": ""1x Micro SD 1x (4K @ 60Hz) HDMI 2x Type-A USB3.2 Gen2 1x Type-C (USB4 / DP / Thunderboltâ„¢4) with PD charging"", ""Battery"": ""4-Cell Li-Polymer Battery (Type) 52WHr Battery"", ""AC Adapter"": ""90W adapter Slim"", ""Dimension"": ""319 x 219 x 16.9 mm"", ""Weight"": ""1.3Kg"", ""MSI Modern 14 B11SB Price in Nepal"": ""Rs. 135,000 (i5 variant)""}"
https://hexxone.com/laptops-by-brand/msi/msi-modern-14-b4mw-ryzen-7-4700u-8gb-ram-256gb-ssd-14-inch-fhd-display-in-nepal?limit=30,MSI Modern 14 B4MW Ryzen 7 4700U - 8GB RAM - 256GB SSD - 14-inch FHD display in Nepal,"NPR 84,500.00",Availability: Out Of Stock,Model: MSI Modern 14 B4MW | Processor: AMD Ryzen 7 4700U | RAM: 8GB RAM | Storage: 256GB SSD | Display: 14-inch IPS display | 1 Years Warranty & Genuine Windows 10 Home,"{""CPU"": ""4000-series AMD Ryzen 7 4700U Processor"", ""OS"": ""Windows 10 Home"", ""Display"": ""14-inch Full-HD (1920 x 1080 pixels), IPS-Level"", ""Graphics"": ""AMD Radeon Graphics"", ""Memory Type"": ""8GB DDR4-3200 Memory Type 2 Slot Number of SO-DIMM Slot Max 64GB Max Capacity"", ""DIMM Slot"": ""2 Slots Max 32GB"", ""SSD"": ""256 SSD"", ""HDD"": ""No"", ""Webcam"": ""FHD type (30fps@1080p)"", ""Keyboard"": ""Backlight Keyboard (Single-Color, White)"", ""Wireless"": ""802.11 ax Wi-Fi 6 + Bluetooth v5.1"", ""Speaker"": ""2x 2W"", ""Audio Jack"": ""1x Mic-in/Headphone-out Combo Jack"", ""Ports"": ""1x Type-C USB3.2 Gen1 2x Type-A USB2.0 1x Micro SD 1x (4K @ 30Hz) HDMI"", ""Battery"": ""4-Cell Li-Polymer Battery (Type) 52 Battery (Whr)"", ""AC Adapter"": ""65W adapter Slim"", ""Dimension"": ""319 x 220.2 x 16.9 mm"", ""Weight"": ""1.3Kg"", ""MSI Modern 14 B4MW Ryzen 7 Price in Nepal"": ""Rs. 95,000""}"
https://hexxone.com/laptops-by-brand/msi/msi-modern-14-c12m-2022-i5-12th-gen-512gb-ssd-8gb-ram-14-inch-fhd-2-years-warranty-in-nepal?limit=30,MSI MODERN 14 C12M 2022 I5 12TH GEN - 512GB SSD - 8GB RAM - 14-inch FHD - 2 Years Warranty in Nepal,"NPR 91,500.00",Availability: Out Of Stock,"Model: MSI  Modern 14 2022 C12M | Processor: IntelÂ® Coreâ„¢ i5-1235U, 10C | Graphics: IntelÂ® IrisÂ® Xe graphics | RAM: 8 GB RAM | Storage: 512GB SSD | Display: 14"" FHD (1920x1080), IPS-Level | 2 Years Warranty & Genuine Windows 10 Home","{""Brand"": ""MSI"", ""Series"": ""MSI Modern Series"", ""Model"": ""MSI Modern 14 C12M 2022 i5"", ""Type"": ""Portable Budget Ultrabook"", ""Processor"": ""IntelÂ® Coreâ„¢ i5-1235U, 10C (2P + 8E) / 12T / 4.4GHz / 12MB"", ""Graphics"": ""IntelÂ® IrisÂ® Xe graphics"", ""Chipset"": ""-"", ""Memory"": ""8GB DDR4 3200MHz"", ""Storage"": ""512GB SSD M.2 2280 PCIeÂ® 4.0x4 NVMeÂ®"", ""Card Reader"": ""Micro SD"", ""Audio Port"": ""Mic-in/Headphone-out Combo"", ""Speakers"": ""2x 2W Speaker"", ""Camera"": ""HD type (30fps@720p)"", ""Battery"": ""3-Cell 39.3/53.8 Battery (Whr)"", ""Power Adapter"": ""65W Slim Tip"", ""Display"": ""14\"" FHD (1920x1080), IPS-Level"", ""Keyboard"": ""White backlight keyboard"", ""Color"": ""Classic Black"", ""Dimensions (WxDxH)"": ""319.9 x 223 x 19.35 mm"", ""Weight"": ""1.4 Kg"", ""Operating System"": ""WindowsÂ® 11 Home,"", ""Bundled Software"": ""Office Trial"", ""WLAN + BluetoothÂ®"": ""802.11 ax Wi-Fi 6 + Bluetooth v5.2"", ""Standard Ports"": ""1x Type-C (USB3.2 Gen2 / DP) with PD charging 1x Type-A USB3.2 Gen2 2x Type-A USB2.0 1x Micro SD Card Reader 1x HDMIâ„¢ (4K @ 30Hz)"", ""Base Warranty"": ""2-year local, 2 year international"", ""Bundle"": ""MSI Topload Bag_Grey"", ""MSI Modern 14 C12M 2022 Price in Nepal"": ""Rs. 92,000""}"
https://hexxone.com/laptops-by-brand/msi/msi-modern-14-f1mg-2024-14th-gen-intel-core-7-150u-1tb-ssd-16gb-ram-14-inch-fhd-2-years-warranty-in-nepal?limit=30,MSI Modern 14 F1MG 2024 14Th Gen Intel Core 7 150U - 1TB SSD - 16GB RAM - 14-inch FHD - 2 Years Warranty in Nepal,"NPR 124,500.00",Availability: Out Of Stock,"Model: MSI Modern 14 F1MG 2024 | Processor: IntelÂ® Coreâ„¢ 7 Processor 150U 1.8 GHz (12MB Cache, up to 5.4 GHz, 10 cores, 12 Threads) | Graphics: IntelÂ® IrisÂ® Xe graphics | RAM: 16 GB RAM | Storage: 1TB SSD | Display: 14"" FHD (1920x1080), IPS-Level | 2 Years Warranty","{""Brand"": ""MSI"", ""Series"": ""MSI Modern Series"", ""Model"": ""MSI Modern 14 F1MG 2024"", ""Type"": ""Portable Budget Ultrabook"", ""Processor"": ""IntelÂ® Coreâ„¢ 7 Processor 150U 1.8 GHz (12MB Cache, up to 5.4 GHz, 10 cores, 12 Threads)"", ""Graphics"": ""IntelÂ® graphics"", ""Chipset"": ""-"", ""Memory"": ""16GB DDR4 3200MHz"", ""Storage"": ""512GB SSD M.2 2280 PCIeÂ® 4.0x4 NVMeÂ®"", ""Card Reader"": ""Micro SD"", ""Audio Port"": ""Mic-in/Headphone-out Combo"", ""Speakers"": ""2x 2W Speaker"", ""Camera"": ""HD type (30fps@720p)"", ""Battery"": ""3-Cell 46.8 Battery (Whr)"", ""Power Adapter"": ""65W Slim Tip"", ""Display"": ""15.6\"" FHD (1920x1080), IPS-Level"", ""Keyboard"": ""White backlight keyboard"", ""Color"": ""Classic Black"", ""Dimensions (WxDxH)"": ""323.9 x 217.2 x 19.9 mm"", ""Weight"": ""1.5 Kg"", ""Operating System"": ""Free DOS"", ""Bundled Software"": ""Office Trial"", ""WLAN + BluetoothÂ®"": ""Gb LAN 802.11 ax Wi-Fi 6E + Bluetooth v5.3"", ""Standard Ports"": ""1x Type-C (USB3.2 Gen2 / DisplayPortâ„¢/ Power Delivery 3.0) 3x Type-A USB3.2 Gen1 1x Micro SD Card Reader 1x HDMIâ„¢ (4K @ 30Hz) 1x RJ45"", ""Base Warranty"": ""2-year local, 2-year international"", ""MSI Modern 14 2024 F1MG Price in Nepal"": ""Rs. 125000 (i5 variant)""}"
https://hexxone.com/laptops-by-brand/msi/msi-modern-14-f1mg-2025-14th-gen-intel-core-5-120u-512gb-ssd-16gb-ram-14-inch-fhd-2-years-warranty-in-nepal?limit=30,MSI Modern 14 F1MG 2025 14Th Gen Intel Core 5 120U - 512GB SSD - 16GB RAM - 14-inch FHD - 2 Years Warranty in Nepal,"NPR 101,500.00",Availability: Out Of Stock,"Model: MSI Modern 14 F1MG 2024 | Processor: IntelÂ® Coreâ„¢ 5 Processor 120U 1.4 GHz (12MB Cache, up to 5.0 GHz, 10 cores, 12 Threads) | Graphics: IntelÂ® IrisÂ® Xe graphics | RAM: 16 GB RAM | Storage: 512GB SSD | Display: 14"" FHD (1920x1080), IPS-Level | 2 Years Warranty","{""Brand"": ""MSI"", ""Series"": ""MSI Modern Series"", ""Model"": ""MSI Modern 14 F1MG 2024"", ""Type"": ""Portable Budget Ultrabook"", ""Processor"": ""IntelÂ® Coreâ„¢ 5 Processor 120U 1.4 GHz (12MB Cache, up to 5.0 GHz, 10 cores, 12 Threads)"", ""Graphics"": ""IntelÂ® graphics"", ""Chipset"": ""-"", ""Memory"": ""16GB DDR4 3200MHz"", ""Storage"": ""512GB SSD M.2 2280 PCIeÂ® 4.0x4 NVMeÂ®"", ""Card Reader"": ""Micro SD"", ""Audio Port"": ""Mic-in/Headphone-out Combo"", ""Speakers"": ""2x 2W Speaker"", ""Camera"": ""HD type (30fps@720p)"", ""Battery"": ""3-Cell 46.8 Battery (Whr)"", ""Power Adapter"": ""65W Slim Tip"", ""Display"": ""15.6\"" FHD (1920x1080), IPS-Level"", ""Keyboard"": ""White backlight keyboard"", ""Color"": ""Classic Black"", ""Dimensions (WxDxH)"": ""323.9 x 217.2 x 19.9 mm"", ""Weight"": ""1.5 Kg"", ""Operating System"": ""Free DOS"", ""Bundled Software"": ""Office Trial"", ""WLAN + BluetoothÂ®"": ""Gb LAN 802.11 ax Wi-Fi 6E + Bluetooth v5.3"", ""Standard Ports"": ""1x Type-C (USB3.2 Gen2 / DisplayPortâ„¢/ Power Delivery 3.0) 3x Type-A USB3.2 Gen1 1x Micro SD Card Reader 1x HDMIâ„¢ (4K @ 30Hz) 1x RJ45"", ""Base Warranty"": ""2-year local, 2-year international"", ""MSI Modern 14 2024 F1MG Price in Nepal"": ""Rs. 102000 (i5 variant)""}"
https://hexxone.com/laptops-by-brand/msi/msi-modern-15-a11sb-i5-11th-gen-geforce-mx450-8gb-ram-512gb-ssd-156-inch-fhd?limit=30,MSI Modern 15 A11SB i5 11th Gen - GeForce MX450 - 8GB RAM - 512GB SSD - 15.6-inch FHD,"NPR 102,250.00",Availability: Out Of Stock,Model: MSI Modern 15 A11SB | Processor: Intel Core  i5-1135G7 | Graphics: NVIDIA GeForce MX450 | RAM: 8GB RAM | Storage: 512GB SSD | Display: 15.6-inch with IPS display | 1 Years Warranty & Genuine Windows 10 Home,"{""CPU"": ""11th Gen Intel Core I5-1135G7 processor"", ""OS"": ""Windows 10 Home"", ""Display"": ""15.6-inch Full-HD (1920 x 1080 pixels), IPS-Level"", ""Graphics"": ""NVIDIA GeForce MX450 with 2GB GDDR6 VRAM"", ""Memory Type"": ""8GB DDR4-3200MHz Memory Type"", ""DIMM Slot"": ""DDR4-3200MHz 2 Slots Max 64GB"", ""SSD"": ""512GB SSD"", ""HDD"": ""No"", ""Webcam"": ""HD type (30fps@720p)"", ""Keyboard"": ""Backlight Keyboard (Single-Color, White)"", ""Wireless"": ""802.11 ax Wi-Fi 6 + Bluetooth v5.1"", ""Speaker"": ""2x 2W"", ""Audio Jack"": ""1 (Mic-in) 1 (Headphone-out (SPDIF))"", ""Ports"": ""1x Micro SD 1x (4K @ 60Hz) HDMI 1x Type-A USB3.2 Gen1 2x Type-A USB3.2 Gen2 1x Type-C (USB4 / DP / Thunderboltâ„¢4) with PD charging"", ""Battery"": ""3-Cell Li-Polymer 52"", ""AC Adapter"": ""90W adapter Slim"", ""Dimension"": ""356.8 x 233.75 x 16.9 mm"", ""Weight"": ""1.6Kg"", ""MSI Modern 15 A11SB Price in Nepal"": ""Rs. 137,000 (i5 variant)""}"
https://hexxone.com/laptops-by-brand/msi/msi-modern-15-a11sb-i7-11th-gen-geforce-mx450-8gb-ram-512gb-ssd-156-inch-fhd-display-in-nepal?limit=30,MSI Modern 15 A11SB i7 11th Gen - GeForce MX450 - 8GB RAM - 512GB SSD - 15.6-inch FHD display in Nepal,"NPR 110,500.00",Availability: Out Of Stock,Model: MSI Modern 15 A11SB | Processor: Intel Core  i7-1165G7 | Graphics: NVIDIA GeForce MX450 | RAM: 8GB RAM | Storage: 512GB SSD | Display: 15.6-inch with IPS display | 1 Years Warranty & Genuine Windows 10 Home,"{""CPU"": ""11th Gen Intel Core I7-1165G7 processor"", ""OS"": ""Windows 10 Home"", ""Display"": ""15.6-inch Full-HD (1920 x 1080 pixels), IPS-Level"", ""Graphics"": ""NVIDIA Geforce MX450 with 2GB GDDR6 VRAM"", ""Memory Type"": ""8GB DDR4-3200 Memory Type"", ""DIMM Slot"": ""DDR4-3200 2 Slots Max 64GB"", ""SSD"": ""512GB SSD"", ""HDD"": ""No"", ""Webcam"": ""HD type (30fps@1080p)"", ""Keyboard"": ""Backlight Keyboard (Single-Color, White)"", ""Wireless"": ""802.11 ax Wi-Fi 6 + Bluetooth v5.1"", ""Speaker"": ""2x 2W"", ""Audio Jack"": ""1x Mic-in/Headphone-out Combo Jack"", ""Ports"": ""1x Micro SD 1x (4K @ 60Hz) HDMI 1x Type-A USB3.2 Gen1 2x Type-A USB3.2 Gen2 1x Type-C (USB4 / DP / Thunderboltâ„¢4) with PD charging"", ""Battery"": ""3-Cell Li-Polymer 52"", ""AC Adapter"": ""90W adapter Slim"", ""Dimension"": ""356.8 x 233.75 x 16.9 mm"", ""Weight"": ""1.6Kg"", ""MSI Modern 15 A11SB Price in Nepal"": ""Rs. 148,000 (i7 Variant)""}"
https://hexxone.com/laptops-by-brand/msi/msi-modern-15-a4sx-ryzen-5-4500u-amd-radeon-graphics-8gb-ram-512gb-ssd-156-inch-fhd-display-in-nepal?limit=30,MSI Modern 15 A4SX Ryzen 5 4500U - AMD Radeon Graphics - 8GB RAM - 512GB SSD - 15.6-inch FHD display in Nepal,"NPR 62,500.00",Availability: Out Of Stock,Model: MSI Modern 15 A4SX | Processor: AMD Ryzen 5 4500U processor | RAM: 8GB RAM | Storage: 512GB SSD | Display: 15.6-inch IPS display with FHD | 1 Years Warranty & Genuine Windows 10 Home,"{""Brand"": ""MSI"", ""CPU"": ""4000-series AMD Ryzen 5 4500U Processor"", ""OS"": ""Windows 10 Home"", ""Display"": ""15.6-inch IPS display; Full-HD (1920 x 1080 pixels) resolution"", ""Type"": ""Ultrabook"", ""Graphics"": ""AMD Radeon Graphics"", ""Memory Type"": ""8GB DDR4-3200 Memory Type 2 Slot Number of SO-DIMM Slot Max 64GB Max Capacity"", ""SSD"": ""512GB SSD"", ""HDD"": ""No"", ""Webcam"": ""FHD type (30fps@1080p)"", ""Keyboard"": ""Backlight Keyboard (Single-Color, White)"", ""Wireless"": ""802.11 ax Wi-Fi 6 + Bluetooth v5.1"", ""Speaker"": ""2x 2W"", ""Audio Jack"": ""1x Mic-in/Headphone-out Combo Jack"", ""Ports"": ""1x Type-C USB3.2 Gen1 2x Type-A USB2.0 1x Micro SD 1x (4K @ 30Hz) HDMI"", ""Battery"": ""4-Cell Li-Polymer Battery (Type) 52 Battery (Whr)"", ""AC Adapter"": ""65W adapter Slim"", ""Dimension"": ""356.8 x 233.75 x 16.9 mm"", ""Weight"": ""1.6Kg"", ""MSI Modern 15 A4SX Price in Nepal"": ""Rs. 98,000""}"
https://hexxone.com/laptops-by-brand/msi/msi-modern-15-a5m-ryzen-5-5500u-amd-radeon-graphics-8gb-ram-256gb-ssd-156-inch-fhd-display-in-nepal?limit=30,MSI Modern 15 A5M Ryzen 5 5500U - AMD Radeon Graphics - 8GB RAM - 256GB SSD - 15.6-inch FHD display in Nepal,"NPR 75,500.00",Availability: Out Of Stock,Model: MSI Modern 15 A5M | Processor: AMD Ryzen 5 5500U Processor | RAM: 8GB RAM | Storage: 256GB SSD | Display: 15.6-inch IPS display with FHD | 1 Years Warranty & Genuine Windows 10 Home,{}
https://hexxone.com/laptops-by-brand/msi/msi-modern-15-b13m-2023-i5-13th-gen-512gb-ssd-8gb-ram-156-inch-fhd-2-years-warranty-in-nepal?limit=30,MSI MODERN 15 B13M 2023 I5 13TH GEN - 512GB SSD - 8GB RAM - 15.6-inch FHD - 2 Years Warranty in Nepal,"NPR 104,500.00",Availability: Out Of Stock,"Model: MSI Modern 15 B13M 2023 | Processor: IntelÂ® Coreâ„¢ i5-1335U, 10C | Graphics: IntelÂ® IrisÂ® Xe graphics | RAM: 8GB RAM | Storage: 512GB SSD | Display: 15.6"" FHD (1920x1080), IPS-Level | 2 Years Warranty & Genuine Windows 10 Home","{""Brand"": ""MSI"", ""Series"": ""MSI Modern Series"", ""Model"": ""MSI Modern 15 B13M 2023"", ""Type"": ""Portable Budget Ultrabook"", ""Processor"": ""IntelÂ® Coreâ„¢ i5-1335U, 10C (2P + 8E) / 12T / 4.6GHz / 12MB"", ""Graphics"": ""IntelÂ® IrisÂ® Xe graphics"", ""Chipset"": ""-"", ""Memory"": ""8GB DDR4 3200MHz"", ""Storage"": ""512GB SSD M.2 2280 PCIeÂ® 4.0x4 NVMeÂ®"", ""Card Reader"": ""Micro SD"", ""Audio Port"": ""Mic-in/Headphone-out Combo"", ""Speakers"": ""2x 2W Speaker"", ""Camera"": ""HD type (30fps@720p)"", ""Battery"": ""3-Cell 39.3/53.8 Battery (Whr)"", ""Power Adapter"": ""65W Slim Tip"", ""Display"": ""15.6\"" FHD (1920x1080), IPS-Level"", ""Keyboard"": ""White backlight keyboard"", ""Color"": ""Classic Black"", ""Dimensions (WxDxH)"": ""359 x 241 x 19.9 mm"", ""Weight"": ""1.7 Kg"", ""Operating System"": ""WindowsÂ® 11 Home,"", ""Bundled Software"": ""Office Trial"", ""WLAN + BluetoothÂ®"": ""802.11 ax Wi-Fi 6 + Bluetooth v5.2"", ""Standard Ports"": ""1x Type-C (USB3.2 Gen2 / DP) with PD charging 1x Type-A USB3.2 Gen2 2x Type-A USB2.0 1x Micro SD Card Reader 1x HDMIâ„¢ (4K @ 30Hz)"", ""Base Warranty"": ""2-year local , 2 year international"", ""Bundle"": ""MSI Topload Bag_Grey"", ""MSI Modern 15 2023 B13M Price in Nepal"": ""Rs. 105,000 (i5 variant)""}"
https://hexxone.com/laptops-by-brand/msi/msi-modern-15-b13m-2023-i7-13th-gen-512gb-ssd-16gb-ram-156-inch-fhd-2-years-warranty-in-nepal?limit=30,MSI MODERN 15 B13M 2023 I7 13TH GEN - 512GB SSD - 16GB RAM - 15.6-inch FHD - 2 Years Warranty in Nepal,"NPR 126,500.00",Availability: Out Of Stock,"Model: MSI Modern 15 B13M 2023 | Processor: IntelÂ® Coreâ„¢ i7-1355U, 10C | Graphics: IntelÂ® IrisÂ® Xe graphics | RAM: 16 GB RAM | Storage: 512GB SSD | Display: 15.6"" FHD (1920x1080), IPS-Level | 2 Years Warranty & Genuine Windows 10 Home","{""Brand"": ""MSI"", ""Series"": ""MSI Modern Series"", ""Model"": ""MSI Modern 15 B13M 2023"", ""Type"": ""Portable Budget Ultrabook"", ""Processor"": ""IntelÂ® Coreâ„¢ i7-1355U, 10C (2P + 8E) / 12T / 5GHz / 12MB"", ""Graphics"": ""IntelÂ® IrisÂ® Xe graphics"", ""Chipset"": ""-"", ""Memory"": ""16GB DDR4 3200MHz"", ""Storage"": ""512GB SSD M.2 2280 PCIeÂ® 4.0x4 NVMeÂ®"", ""Card Reader"": ""Micro SD"", ""Audio Port"": ""Mic-in/Headphone-out Combo"", ""Speakers"": ""2x 2W Speaker"", ""Camera"": ""HD type (30fps@720p)"", ""Battery"": ""3-Cell 39.3/53.8 Battery (Whr)"", ""Power Adapter"": ""65W Slim Tip"", ""Display"": ""15.6\"" FHD (1920x1080), IPS-Level"", ""Keyboard"": ""White backlight keyboard"", ""Color"": ""Classic Black"", ""Dimensions (WxDxH)"": ""359 x 241 x 19.9 mm"", ""Weight"": ""1.7 Kg"", ""Operating System"": ""WindowsÂ® 11 Home,"", ""Bundled Software"": ""Office Trial"", ""WLAN + BluetoothÂ®"": ""802.11 ax Wi-Fi 6 + Bluetooth v5.2"", ""Standard Ports"": ""1x Type-C (USB3.2 Gen2 / DP) with PD charging 1x Type-A USB3.2 Gen2 2x Type-A USB2.0 1x Micro SD Card Reader 1x HDMIâ„¢ (4K @ 30Hz)"", ""Base Warranty"": ""2-year local, 2-year international"", ""Bundle"": ""MSI Topload Bag_Grey"", ""MSI Modern 15 2023 B13M Price in Nepal"": ""Rs. 127,000 (i7 variant)""}"
https://hexxone.com/laptops-by-brand/msi/msi-modern-15-h-b13m-2023-i5-13th-gen-13420h-512gb-ssd-16gb-ram-156-inch-fhd-2-years-warranty-in-nepal?limit=30,MSI Modern 15 H B13M 2023 i5 13TH GEN 13420H - 512GB SSD - 16GB RAM - 15.6-inch FHD - 2 Years Warranty in Nepal,"NPR 112,550.00",Availability: Out Of Stock,"Model: MSI Modern 15 H B13M 2023 | Processor: IntelÂ® Coreâ„¢ i5-13420H | Graphics: IntelÂ® IrisÂ® Xe graphics | RAM: 16 GB RAM | Storage: 512GB SSD | Display: 15.6"" FHD (1920x1080), IPS-Level | 2 Years Warranty & Genuine Windows 10 Home","{""Brand"": ""MSI"", ""Series"": ""MSI Modern Series"", ""Model"": ""MSI Modern 15 B13M 2023"", ""Type"": ""Portable Budget Ultrabook"", ""Processor"": ""IntelÂ® Coreâ„¢i5 13420H"", ""Graphics"": ""IntelÂ® IrisÂ® Xe graphics"", ""Chipset"": ""-"", ""Memory"": ""16GB DDR4 3200MHz"", ""Storage"": ""512GB SSD M.2 2280 PCIeÂ® 4.0x4 NVMeÂ®"", ""Card Reader"": ""Micro SD"", ""Audio Port"": ""Mic-in/Headphone-out Combo"", ""Speakers"": ""2x 2W Speaker"", ""Camera"": ""HD type (30fps@720p)"", ""Battery"": ""3-Cell 39.3/53.8 Battery (Whr)"", ""Power Adapter"": ""65W Slim Tip"", ""Display"": ""15.6\"" FHD (1920x1080), IPS-Level"", ""Keyboard"": ""White backlight keyboard"", ""Color"": ""Classic Black"", ""Dimensions (WxDxH)"": ""359 x 241 x 19.9 mm"", ""Weight"": ""1.7 Kg"", ""Operating System"": ""WindowsÂ® 11 Home,"", ""Bundled Software"": ""Office Trial"", ""WLAN + BluetoothÂ®"": ""802.11 ax Wi-Fi 6 + Bluetooth v5.2"", ""Standard Ports"": ""1x Type-C (USB3.2 Gen2 / DP) with PD charging 1x Type-A USB3.2 Gen2 2x Type-A USB2.0 1x Micro SD Card Reader 1x HDMIâ„¢ (4K @ 30Hz)"", ""Base Warranty"": ""2-year local, 2-year international"", ""Bundle"": ""MSI Topload Bag_Grey"", ""MSI Modern 15 H 2023 B13M Price in Nepal"": ""Rs. 119,000 (i5 variant)""}"
https://hexxone.com/laptops-by-brand/msi/msi-modern-15-h-b13m-2023-i7-13th-gen-13700h-512gb-ssd-16gb-ram-156-inch-fhd-2-years-warranty-in-nepal?limit=30,MSI Modern 15 H B13M 2023 i7 13TH GEN 13700H - 512GB SSD - 16GB RAM - 15.6-inch FHD - 2 Years Warranty in Nepal,"NPR 129,650.00",Availability: Out Of Stock,"Model: MSI Modern 15 H B13M 2023 | Processor: IntelÂ® Coreâ„¢ i7-13700H, 10C | Graphics: IntelÂ® IrisÂ® Xe graphics | RAM: 16 GB RAM | Storage: 512GB SSD | Display: 15.6"" FHD (1920x1080), IPS-Level | 2 Years Warranty & Genuine Windows 10 Home","{""Brand"": ""MSI"", ""Series"": ""MSI Modern Series"", ""Model"": ""MSI Modern 15 H B13M 2023"", ""Type"": ""Portable Budget Ultrabook"", ""Processor"": ""IntelÂ® Coreâ„¢ i7-13700H"", ""Graphics"": ""IntelÂ® IrisÂ® Xe graphics"", ""Chipset"": ""-"", ""Memory"": ""16GB DDR4 3200MHz"", ""Storage"": ""512GB SSD M.2 2280 PCIeÂ® 4.0x4 NVMeÂ®"", ""Card Reader"": ""Micro SD"", ""Audio Port"": ""Mic-in/Headphone-out Combo"", ""Speakers"": ""2x 2W Speaker"", ""Camera"": ""HD type (30fps@720p)"", ""Battery"": ""3-Cell 39.3/53.8 Battery (Whr)"", ""Power Adapter"": ""65W Slim Tip"", ""Display"": ""15.6\"" FHD (1920x1080), IPS-Level"", ""Keyboard"": ""White backlight keyboard"", ""Color"": ""Classic Black"", ""Dimensions (WxDxH)"": ""359 x 241 x 19.9 mm"", ""Weight"": ""1.9 Kg"", ""Operating System"": ""WindowsÂ® 11 Home,"", ""Bundled Software"": ""Office Trial"", ""WLAN + BluetoothÂ®"": ""802.11 ax Wi-Fi 6 + Bluetooth v5.2"", ""Standard Ports"": ""1x Type-C (USB3.2 Gen2 / DP) with PD charging 1x Type-A USB3.2 Gen2 2x Type-A USB2.0 1x Micro SD Card Reader 1x HDMIâ„¢ (4K @ 30Hz)"", ""Base Warranty"": ""2-year local, 2-year international"", ""Bundle"": ""MSI Topload Bag_Grey"", ""MSI Modern 15 H 2023 B13M Price in Nepal"": ""Rs. 137,000 (i7 variant)""}"
https://hexxone.com/laptops-by-brand/msi/msi-prestige-14-10sc-i7-10th-gen-16gb-ram-512gb-ssd-gtx-1650-14-inch-fhd?limit=30,MSI Prestige 14 10SC i7 10TH GEN/ 16GB RAM/ 512GB SSD/ GTX 1650/ 14-inch FHD,"NPR 118,500.00",Availability: Out Of Stock,Model: MSI Prestige 14 10SC | Processor: Intel Core  i7-10710U  processor | Graphics: NVIDIA GeForce GTX 1650 | RAM: 16GB RAM | Storage: 512GB SSD | Display: 15.6-inch with IPS display | 1 Years Warranty & Genuine Windows 10 Home,"{""CPU"": ""Intel Core I7-10710U"", ""OS"": ""Windows 10 Home"", ""Display"": ""14\"" FHD (1920*1080), IPS-Level 60Hz 72%NTSC Thin Bezel, close to 100%sRGB"", ""Graphics"": ""NVIDIAÂ® GeForceÂ® GTX 1650 With Max-Q Design, 4GB GDDR5"", ""Memory Type"": ""16GB LPDDR3-2133"", ""DIMM Slot"": ""LPDDR3-2133 onboard Memory Type Max 16GB Max Capacity"", ""SSD"": ""512 SSD"", ""HDD"": ""No"", ""Webcam"": ""FHD type (30fps@1080p)"", ""Keyboard"": ""Backlight Keyboard (Single-Color, White)"", ""Wireless"": ""802.11 ax Wi-Fi 6 + Bluetooth v5.1"", ""Speaker"": ""2x 2W"", ""Audio Jack"": ""1 (Mic-in) 1 (Headphone-out (SPDIF))"", ""Ports"": ""2x Type-A USB2.0 1x Micro SD 2x Type-C (USB3.2 Gen2 / DP / Thunderboltâ„¢3) with PD charging"", ""Battery"": ""3-Cell Li-Polymer Battery (Type) 52 Battery (Whr)"", ""AC Adapter"": ""90W adapter Slim"", ""Dimension"": ""319 x 215 x 15.9 mm"", ""Weight"": ""1.29Kg""}"
https://hexxone.com/laptops-by-brand/msi/msi-prestige-14-a10ras-i7-10th-gen-nvidia-mx330-16gb-ram-512gb-ssd-14-inch-fhd-display-in-nepal?limit=30,MSI Prestige 14 A10RAS i7 10th Gen - Nvidia MX330 - 16GB RAM - 512GB SSD - 14-inch FHD display in Nepal,"NPR 107,500.00",Availability: Out Of Stock,"Model: MSI Prestige 14 A10RAS | Processor: IntelÂ® Coreâ„¢ i7-10510U | Graphics: Nvidia MX330 2GB graphics | RAM: 16 GB RAM | Storage: 512GB SSD | Display: 14"" FHD (1920x1080), IPS-Level | 1 Years Warranty & Genuine Windows 10 Home","{""CPU"": ""11th Gen Comet Lake Core i7-10510U Processor"", ""OS"": ""Windows 10 Home Windows 10 Pro"", ""Display"": ""14-inch IPS display, Full-HD Resolution (1920 x 1080 pixels), 60Hz refresh rate, 300 Nits brightness, Thin Bezel, 72% NTSC Color Gamut (Color coverage close to 100% sRGB)"", ""Graphics"": ""Nvidia MX330 2GB graphics"", ""Memory Type"": ""DDR4 16GB (3200MHz)"", ""SSD"": ""512GB NVMe PCIe Gen4x4 SSD"", ""Webcam"": ""IR HD type (30fps@720p)"", ""Keyboard"": ""Backlight Keyboard (Single-Color, White)"", ""Wireless"": ""Intel Wi-Fi 6 AX201(2*2 ax) + BT5.1"", ""Audio Jack"": ""1x Mic-in/Headphone-out Combo Jack"", ""USB Port"": ""1x Type-A USB2.0 1x Micro SD 2x Type-C (USB4 / DP / Thunderboltâ„¢4) with PD charging"", ""Battery"": ""Li-Polymer 52Whr"", ""AC Adapter"": ""65W adapter Slim"", ""Dimension"": ""319 x 219 x 15.9 mm"", ""Weight"": ""1.2 kg"", ""MSI Prestige 14 A10RAS Price in Nepal"": ""Rs. 135,000 (i7 Variant)""}"
https://hexxone.com/laptops-by-brand/msi/msi-prestige-14-evo-i5-11th-gen-intel-iris-xe-graphics-16gb-ram-512gb-ssd-14-inch-fhd-display-in-nepal?limit=30,MSI Prestige 14 Evo i5 11th Gen - Intel Iris Xe graphics - 16GB RAM - 512GB SSD - 14-inch FHD display in Nepal,"NPR 101,000.00",Availability: Out Of Stock,Model: MSI Prestige 14 Evo | Processor: Intel Core i5-1135G7 processor | RAM: 16GB RAM | Storage: 512GB SSD | Display: 14-inch IPS display | 1 Years Warranty & Genuine Windows 10 Home,"{""CPU"": ""11th Gen Comet Lake Core i5-1135G7 Processor"", ""OS"": ""Windows 10 Home Windows 10 Pro"", ""Display"": ""14-inch Full-HD IPS-Level display, 300 Nits brightness, Thin Bezels, 72% NTSC Color Gamut (color coverage close to 100% sRGB)"", ""Graphics"": ""Intel Iris Xe graphics"", ""Memory Type"": ""DDR4 16GB (3200MHz)"", ""SSD"": ""512GB NVMe PCIe Gen4x4 SSD"", ""Webcam"": ""IR HD type (30fps@720p)"", ""Keyboard"": ""Backlight Keyboard (Single-Color, White)"", ""Wireless"": ""Intel Wi-Fi 6 AX201(2*2 ax) + BT5.1"", ""Audio Jack"": ""1x Mic-in/Headphone-out Combo Jack"", ""USB Port"": ""1x Type-A USB2.0 1x Micro SD 2x Type-C (USB4 / DP / Thunderboltâ„¢4) with PD charging"", ""Battery"": ""Li-Polymer 52Whr"", ""AC Adapter"": ""65W adapter Slim"", ""Dimension"": ""319 x 219 x 15.9 mm"", ""Weight"": ""1.2 kg"", ""MSI Prestige 14 Evo Price in Nepal"": ""Rs. 145,000  (i5 Variant)""}"
https://hexxone.com/laptops-by-brand/msi/msi-prestige-14-evo-i7-11th-gen-intel-iris-xe-graphics-16gb-ram-512gb-ssd-14-inch-fhd-display-in-nepal?limit=30,MSI Prestige 14 Evo i7 11th Gen - Intel Iris Xe graphics - 16GB RAM - 512GB SSD - 14-inch FHD display in Nepal,"NPR 130,750.00",Availability: Out Of Stock,Model: MSI Prestige 14 Evo | Processor: Intel Core i7-1185G7 processor | RAM: 16GB RAM | Storage: 512GB SSD | Display: 14-inch IPS display | 1 Years Warranty & Genuine Windows 10 Home,"{""CPU"": ""11th Gen Comet Lake Core i7-1185G7 Processor"", ""OS"": ""Windows 10 Home Windows 10 Pro"", ""Display"": ""14-inch IPS display, Full-HD Resolution (1920 x 1080 pixels), 60Hz refresh rate, 300 Nits brightness, Thin Bezel, 72% NTSC Color Gamut (Color coverage close to 100% sRGB)"", ""Graphics"": ""Intel Iris Xe graphics"", ""Memory Type"": ""DDR4 16GB (3200MHz)"", ""SSD"": ""512GB NVMe PCIe Gen4x4 SSD"", ""Webcam"": ""IR HD type (30fps@720p)"", ""Keyboard"": ""Backlight Keyboard (Single-Color, White)"", ""Wireless"": ""Intel Wi-Fi 6 AX201(2*2 ax) + BT5.1"", ""Audio Jack"": ""1x Mic-in/Headphone-out Combo Jack"", ""USB Port"": ""1x Type-A USB2.0 1x Micro SD 2x Type-C (USB4 / DP / Thunderboltâ„¢4) with PD charging"", ""Battery"": ""Li-Polymer 52Whr"", ""AC Adapter"": ""65W adapter Slim"", ""Dimension"": ""319 x 219 x 15.9 mm"", ""Weight"": ""1.2 kg"", ""MSI Prestige 14 Evo Price in Nepal"": ""Rs. 175,000 (i7 Variant)""}"
https://hexxone.com/laptops-by-brand/msi/msi-prestige-15-a10sc-i7-10th-gen-gtx-1650-16gb-ram-512gb-ssd-156-inch-fhd-display-in-nepal?limit=30,MSI Prestige 15 A10SC i7 10th Gen - GTX 1650 - 16GB RAM - 512GB SSD - 15.6-inch FHD display in Nepal,"NPR 119,950.00",Availability: Out Of Stock,Model: MSI Prestige 15 A10SC | Processor: Intel Core  i7-10710U | Graphics: Nvidia GeForce GTX 1650-Ti Max-Q | RAM: 16GB RAM | Storage: 512GB SSD | Display: 15.6-inch with IPS display | 1 Years Warranty & Genuine Windows 10 Home,"{""CPU"": ""10th Gen Comet Lake Core i7-10710U Processor"", ""OS"": ""Windows 10 Home Windows 10 Pro"", ""Display"": ""15.6-inch Full-HD (1920 x 1080 pixels) IPS level Anti-Glare Wide View Angle Thin Bezel Close to 100% SRGB"", ""Chipset"": ""Intel HM370"", ""Graphics"": ""NVIDIA GeForce GTX 1650 With Max-Q Design, 4GB GDDR5"", ""Memory Type"": ""16GB DDR4 - 2 Slots - Max 32GB"", ""DIMM Slot"": ""2 Slots Max 32GB"", ""SSD"": ""512GB SSD"", ""HDD"": ""No"", ""Webcam"": ""FHD type (30fps@1080p)"", ""Keyboard"": ""Backlight Keyboard (Single-Color, White)"", ""LAN"": ""Killer Gb LAN"", ""Wireless"": ""Killer ac Wi-Fi + Bluetooth v5"", ""Speaker"": ""2x 2W"", ""Audio Jack"": ""1 (Mic-in) 1 (Headphone-out (SPDIF))"", ""USB Port"": ""1x Type-A USB3.1 Gen2 1x Micro SD 1x (4K @ 30Hz) HDMI 1x Type-A USB3.1 Gen1 1x Type-C (USB3.1 Gen1 / DP) 1x Type-A USB3.1 Gen1/ QC3.0"", ""RJ45 Port"": ""1"", ""Card Reader"": ""1x SD (XC/HC)"", ""HDMI"": ""1x (4K @ 30Hz)"", ""Mini-DisplayPort"": ""1"", ""Battery"": ""Li-Polymer 82Whr"", ""AC Adapter"": ""90W adapter Slim"", ""Dimension"": ""356.8 x 233.7 x 15.9 mm"", ""Weight"": ""1.6 kg""}"
https://hexxone.com/laptops-by-brand/msi/msi-prestige-15-a11scs-i7-11th-gen-gtx-1650ti-16gb-ram-1tb-ssd-156-inch-fhd-display-in-nepal?limit=30,MSI Prestige 15 A11SCS i7 11th Gen - GTX 1650Ti - 16GB RAM - 1TB SSD - 15.6-inch FHD display in Nepal,"NPR 186,500.00",Availability: Out Of Stock,Model: MSI Prestige 15 A11SCS | Processor: Intel Core  i7-1185G7 | Graphics: NVIDIA GTX 1650-Ti Max-Q | RAM: 16GB RAM | Storage: 1TB SSD | Display: 15.6-inch IPS display | 1 Years Warranty & Genuine Windows 10 Home,"{""CPU"": ""11th Gen Comet Lake Core i7-1185G7 Processor"", ""OS"": ""Windows 10 Home Windows 10 Pro"", ""Display"": ""15.6\"" FHD IPS-Level 60Hz 72% NTSC color coverage, Thin Bezel, 100% sRGB color gamut"", ""Graphics"": ""GeForce GTX 1650Ti MAX Q, GDDR6 4GB"", ""Memory Type"": ""DDR4 16GB (3200MHz)"", ""DIMM Slot"": ""2 Slots Max 64GB"", ""SSD"": ""1TB NVMe PCIe Gen4x4 SSD"", ""Webcam"": ""FHD type (30fps@1080p)"", ""Keyboard"": ""Backlight Keyboard (Single-Color, White)"", ""LAN"": ""Killer Gb LAN"", ""Wireless"": ""Intel Wi-Fi 6 AX201(2*2 ax) + BT5.1"", ""Speaker"": ""2x 2W"", ""Audio Jack"": ""1 (Mic-in) 1 (Headphone-out (SPDIF))"", ""USB Port"": ""2x Type-C (USB4 / DP / Thunderboltâ„¢4) with PD charging 2x Type-A USB3.2 Gen2"", ""HDMI"": ""11x (4K @ 60Hz) HDMI"", ""Battery"": ""Li-Polymer 82Whr"", ""AC Adapter"": ""90W adapter Slim"", ""Dimension"": ""356.8 x 233.7 x 16.9 mm"", ""Weight"": ""1.69 kg"", ""MSI Prestige 15 A11SCS Price in Nepal"": ""Rs. 220,000""}"
https://hexxone.com/laptops-by-brand/msi/msi-prestige-16-studio-a13v-i7-13th-gen-nvidia-rtx-4050-16gb-ram-1tb-ssd-16-inch-165hz-qhd-2-years-warranty-in-nepal?limit=30,MSI PRESTIGE 16 STUDIO A13V I7 13TH GEN - NVIDIA RTX 4050 - 16GB RAM - 1TB SSD - 16-inch 165HZ QHD - 2 Years Warranty in Nepal,"NPR 235,100.00",Availability: Out Of Stock,"Model: MSI Prestige 16 Studio A13V | Processor: IntelÂ® Coreâ„¢ i7-13700H | Graphics: NVIDIA GeForce RTX 4050 | RAM: 16GB RAM | Storage: 1TB SSD | Display: 16â€ QHD+ (2560x1600), 165Hz | 2 Years Warranty & Genuine Windows 10 Home","{""Brand"": ""MSI"", ""Series"": ""MSI Prestige Series"", ""Model"": ""MSI Prestige 16 Studio A13V"", ""Type"": ""Portable ultrabook for creators"", ""Processor"": ""IntelÂ® Coreâ„¢ i7-13700H, 14C (6P + 8E) / 20T / 5GHz / 24MB"", ""Graphics"": ""NVIDIAÂ® GeForce RTXâ„¢ 4050 Laptop GPU 6GB GDDR6 Up to 1605MHz Boost Clock 45W Maximum Graphics Power with Dynamic Boost."", ""Chipset"": ""-"", ""Memory"": ""16GB DDR5 4800MHz"", ""Storage"": ""1TB SSD M.2 2280 PCIeÂ® 4.0x4 NVMeÂ®"", ""Card Reader"": ""Micro SD"", ""Audio Port"": ""Mic-in/Headphone-out Combo"", ""Speakers"": ""2x 2W Speaker"", ""Camera"": ""IR FHD Type [30fps/1080p]"", ""Battery"": ""4 cell (82Whr) Li-Polymer"", ""Power Adapter"": ""100W Slim Tip"", ""Display"": ""16â€ QHD+ (2560x1600), 165Hz  100% DCI-P3"", ""Keyboard"": ""White backlight keyboard (99 Key)"", ""Color"": ""Urban Silver"", ""Dimensions (WxDxH)"": ""14.09\"" x 10.18\"" x 0.66\"""", ""Weight"": ""4.19 Lbs"", ""Operating System"": ""WindowsÂ® 11 Home,"", ""Bundled Software"": ""Office Trial"", ""WLAN + BluetoothÂ®"": ""Intel WiFi 6E AX211 (2x2 ) + Bluetooth 5.3"", ""Standard Ports"": ""2x USB 3.2 Gen2 (Type-A) 2x Thunderboltâ„¢ 4 [Support Power delivery 3.0, DP 1.4a, USB 4.0] 1x Micro SD Card Reader 1x HDMIâ„¢ 2.1 (4K @ 60Hz)"", ""Base Warranty"": ""2-year local, 2-year international"", ""Bundle"": ""MSI Topload Bag_Grey"", ""MSI Prestige 16 Studio A13V Price in Nepal"": ""Rs. 223,000""}"
https://hexxone.com/laptops-by-brand/msi/msi-pulse-15-b13v-gaming-laptop-intel-core-i7-13700h-rtx-4060-16gb-ram-1tb-ssd-156-inch-qhd-165hz-display-in-nepal?limit=30,MSI Pulse 15 B13V Gaming laptop Intel Core i7 13700H - RTX 4060 - 16GB RAM - 1TB SSD - 15.6-inch QHD 165Hz display in Nepal,"NPR 222,750.00",Availability: Out Of Stock,Model: MSI Pulse 15 B13V | Processor: Intel Core i7-13700H CPU | Graphics: NVIDIA GeForce RTX 4060 | RAM: 16GB RAM | Storage: 1TB SSD | Display: 15.6-inch IPS display with QHD and 165Hz refresh rate | 2 Years Warranty & Genuine Windows 10 Home,"{""Brand"": ""MSI"", ""CPU"": ""Intel Core i7-13700H CPU"", ""OS"": ""Windows 11 Home"", ""Display"": ""15.6-inch IPS display; Quad-HD (2560 x 1440 pixels) resolution; 165Hz refresh rate"", ""Type"": ""Gaming Laptop"", ""Graphics"": ""NVIDIA GeForce RTX 4060 Laptop GPU 8GB GDDR6"", ""RAM"": ""DDR5 16 GB 5200Mhz"", ""DIMM Slot"": ""DDR5-5200 Memory Type 2 Slots Number of SO-DIMM Slot Max 64GB Max Capacity"", ""SSD"": ""1TB SSD 2x M.2 SSD slot (NVMe PCIe Gen3)"", ""HDD"": ""Optional"", ""Optical Drive"": ""NONE"", ""Webcam"": ""HD type (30fps@720p)"", ""Keyboard"": ""4-Zone RGB Gaming Keyboard"", ""LAN"": ""Killer Gb LAN"", ""Wireless"": ""Gb LAN 802.11 ax Wi-Fi 6 + Bluetooth v5.2"", ""Speaker"": ""Speaker (4x 2W) Woofer(1x 3W)"", ""Audio Jack"": ""1x Mic-in/Headphone-out Combo Jack"", ""RJ45 Port"": ""1"", ""USB Port"": ""1x Type-C (USB3.2 Gen1 / DP) 2x Type-A USB3.2 Gen1 1x Type-A USB2.0 1x HDMIâ„¢ 2.1 (8K @ 60Hz / 4K @ 120Hz) 1x RJ45I"", ""Card Reader"": ""1 SD (XC/HC)"", ""HDMI"": ""1 (4K @ 60Hz)"", ""Mini-DisplayPort"": ""1"", ""Battery"": ""Li-Polimer"", ""AC Adapter"": ""240W adapter"", ""Dimension"": ""359 x 259 x 26.9 mm"", ""Weight"": ""2.3 kg"", ""MSI Pulse GL66 11UEK Price in Nepal"": ""Rs. 235,000""}"
https://hexxone.com/laptops-by-brand/msi/msi-pulse-gl66-11uek-i7-1th-gen-8-core-rtx-3060-16gb-ram-1tb-ssd-156-inch-qhd-165hz-display-in-nepal?limit=30,MSI Pulse GL66 11UEK i7 1TH GEN 8 Core - RTX 3060 - 16GB RAM - 1TB SSD - 15.6-inch QHD 165Hz display in Nepal,"NPR 144,500.00",Availability: Out Of Stock,Model: MSI  Pulse GL66 10UEK | Processor: Intel Core i7-11800H CPU | Graphics: NVIDIA GeForce RTX 3060 | RAM: 16GB RAM | Storage: 1TB SSD | Display: 15.6-inch IPS display with QHD and 165Hz refresh rate | 1 Years Warranty & Genuine Windows 10 Home,"{""Brand"": ""MSI"", ""CPU"": ""Intel Core i7-11800H CPU (Tiger Lake) - 2.3GHz Base Clock, 4.6GHz Max Turbo Clock - 24MB Intel Smart Cache, 8 Cores, 16 Threads"", ""OS"": ""Windows 10 Home"", ""Display"": ""15.6-inch IPS display; Quad-HD (2560 x 1440 pixels) resolution; 165Hz refresh rate"", ""Type"": ""Gaming Laptop"", ""Chipset"": ""Intel HM570"", ""Graphics"": ""NVIDIA GeForce RTX 3060 Laptop GPU 6GB GDDR6 Up to 1485MHz Boost Clock, 85W Maximum Graphics Power with Dynamic Boost. *May vary by scenario"", ""RAM"": ""DDR4 16 GB 3200Mhz"", ""DIMM Slot"": ""DDR4-3200 Memory Type 2 Slots Number of SO-DIMM Slot Max 64GB Max Capacity"", ""SSD"": ""1TB SSD 2x M.2 SSD slot (NVMe PCIe Gen3)"", ""HDD"": ""Optional"", ""Optical Drive"": ""NONE"", ""Webcam"": ""HD type (30fps@720p)"", ""Keyboard"": ""RGB Backlight Keyboard"", ""LAN"": ""Killer Gb LAN"", ""Wireless"": ""Gb LAN 802.11 ax Wi-Fi 6 + Bluetooth v5.2"", ""Speaker"": ""Speaker (4x 2W) Woofer(1x 3W)"", ""Audio Jack"": ""1x Mic-in/Headphone-out Combo Jack"", ""RJ45 Port"": ""1"", ""USB Port"": ""1x Type-C USB3.2 Gen1 2x Type-A USB3.2 Gen1 1x Type-A USB2.0 1x RJ45 1x (4K @ 60Hz) HDMI"", ""Card Reader"": ""1 SD (XC/HC)"", ""HDMI"": ""1 (4K @ 60Hz)"", ""Mini-DisplayPort"": ""1"", ""Battery"": ""Li-Polimer"", ""AC Adapter"": ""180W adapter"", ""Dimension"": ""359 x 259 x 23.95 mm"", ""Weight"": ""2.1 kg"", ""MSI Pulse GL66 11UEK Price in Nepal"": ""Rs. 245,000""}"
https://hexxone.com/laptops-by-brand/msi/msi-pulse-gl66-11ugkv-i7-1th-gen-8-core-rtx-3070-16gb-ram-1tb-ssd-156-inch-qhd-165hz-display-in-nepal?limit=30,MSI Pulse GL66 11UGKV i7 1TH GEN 8 Core - RTX 3070 - 16GB RAM - 1TB SSD - 15.6-inch QHD 165Hz display in Nepal,"NPR 192,000.00",Availability: Out Of Stock,Model: MSI  Pulse GL66 10UGKV | Processor: Intel Core i7-11800H CPU | Graphics: NVIDIA GeForce RTX 3070 | RAM: 16GB RAM | Storage: 1TB SSD | Display: 15.6-inch IPS display with QHD and 165Hz refresh rate | 1 Years Warranty & Genuine Windows 10 Home,"{""Brand"": ""MSI"", ""CPU"": ""Intel Core i7-11800H CPU (Tiger Lake) - 2.3GHz Base Clock, 4.6GHz Max Turbo Clock - 24MB Intel Smart Cache, 8 Cores, 16 Threads"", ""OS"": ""Windows 10 Home"", ""Display"": ""15.6-inch IPS display; Quad-HD (2560 x 1440 pixels) resolution; 165Hz refresh rate"", ""Type"": ""Gaming Laptop"", ""Chipset"": ""Intel HM570"", ""Graphics"": ""NVIDIA GeForce RTX 3070 Laptop GPU 8GB GDDR6"", ""RAM"": ""DDR4 16 GB 3200Mhz"", ""DIMM Slot"": ""DDR4-3200 Memory Type 2 Slots Number of SO-DIMM Slot Max 64GB Max Capacity"", ""SSD"": ""1TB SSD 2x M.2 SSD slot (NVMe PCIe Gen3)"", ""HDD"": ""Optional"", ""Optical Drive"": ""NONE"", ""Webcam"": ""HD type (30fps@720p)"", ""Keyboard"": ""RGB Backlight Keyboard"", ""LAN"": ""Killer Gb LAN"", ""Wireless"": ""Gb LAN 802.11 ax Wi-Fi 6 + Bluetooth v5.2"", ""Speaker"": ""Speaker (4x 2W) Woofer(1x 3W)"", ""Audio Jack"": ""1x Mic-in/Headphone-out Combo Jack"", ""RJ45 Port"": ""1"", ""USB Port"": ""1x Type-C USB3.2 Gen1 2x Type-A USB3.2 Gen1 1x Type-A USB2.0 1x RJ45 1x (4K @ 60Hz) HDMI"", ""Card Reader"": ""1 SD (XC/HC)"", ""HDMI"": ""1 (4K @ 60Hz)"", ""Mini-DisplayPort"": ""1"", ""Battery"": ""Li-Polimer"", ""AC Adapter"": ""180W adapter"", ""Dimension"": ""359 x 259 x 23.95 mm"", ""Weight"": ""2.1 kg"", ""MSI Pulse GL66 11UGKV Price in Nepal"": ""Rs. 245,000""}"
https://hexxone.com/laptops-by-brand/msi/msi-raider-ge68-hx-13v-2023-i7-13th-gen-rtx-4070-2tb-ssd-32gb-ram-16-inch-240hz-qhd-display-in-nepal?limit=30,MSI Raider GE68 HX 13V 2023 i7 13TH GEN - RTX 4070 - 2TB SSD - 32GB RAM - 16-inch 240Hz QHD display in Nepal,"NPR 374,750.00",Availability: Out Of Stock,"Model: MSI Raider GE68 HX 13V 2023 | Processor: IntelÂ® Coreâ„¢ i7-13700HX, 16C | Graphics: NVIDIA GeForce RTX 4070 8GB | RAM: 32 GB RAM | Storage: 2TB SSD | Display: 16-inch IPS display with QHD and 240Hz refresh rate | 2 Years Warranty & Genuine Windows 11 Home","{""Brand"": ""MSI"", ""Series"": ""MSI Raider Series"", ""Model"": ""MSI Raider GE68 HX 13V 2023"", ""Type"": ""Powerful gaming laptop"", ""Processor"": ""IntelÂ® Coreâ„¢ i7-13700HX, 16C (8P + 8E) / 24T / 5.0GHz / 30MB"", ""Graphics"": ""NVIDIAÂ® GeForce RTXâ„¢ 4070 Laptop GPU Up to 2175MHz Boost Clock 140W Maximum Graphics Power with Dynamic Boost. *May vary by scenario *Full-Power GPU Design"", ""Chipset"": ""-"", ""Memory"": ""32GB (16GB*2) DDR5 5600MHz"", ""Max Memory"": ""Up to 64GB (32GB SO-DIMM + 32GB SO-DIMM) DDR5-5600 offering"", ""Storage"": ""2TB SSD M.2 2280 PCIeÂ® 4.0x4 NVMeÂ®"", ""Card Reader"": ""SD7.0"", ""Audio Port"": ""1 Audio Combo (1/8\"")"", ""Speakers"": ""Sound by Dynaudio, 4x2W Speaker"", ""Camera"": ""1080p FHD with shutter"", ""Battery"": ""4 cell (99.9Whr) Li-Ion"", ""Power Adapter"": ""280W Slim Tip (3-pin)"", ""Display"": ""16\"" (2560x1600) QHD+, Wide View Angle 240Hz Thin Bezel, 100% DCI-P3"", ""Keyboard"": ""SteelSeries per-Key RGB with Anti-Ghost key (84 Key)"", ""Color"": ""Black"", ""Dimensions (WxDxH)"": ""14.09\""x 10.51\""x 0.92\"""", ""Weight"": ""5.24 lbs"", ""Operating System"": ""WindowsÂ® 11 Home,"", ""Bundled Software"": ""Office Trial"", ""Ethernet"": ""Killer E3100G"", ""WLAN + BluetoothÂ®"": ""Killer WiFi 6E AX1675(i), BT 5.3"", ""Standard Ports"": ""1x Type-C (USB3.2 Gen2 / DP) 1x Type-C (USB / DP / Thunderboltâ„¢ 4) 1x Type-C (USB3.2 Gen2 / DP) with PD charging 2x Type-A USB3.2 Gen2 1x (8K @ 60Hz / 4K @ 120Hz) HDMIâ„¢ 1x RJ45 1x Mic-in/Headphone-out Combo Jack"", ""Security Chip"": ""Intel Â® PTT"", ""Other Security"": ""E-Camera shutter"", ""Base Warranty"": ""2-year local , 2 year international"", ""Bagpack"": ""Stealth Trooper Backpack II"", ""MSI Raider GE68 HX 13V 2023 Price in Nepal"": ""Rs. 388,000""}"
https://hexxone.com/laptops-by-brand/msi/msi-stealth-15m-a11euk-i7-11th-gen-rtx-3060-16gb-ram-512gb-ssd-156-inch-fhd-144hz-display-in-nepal?limit=30,MSI Stealth 15M A11EUK i7 11th Gen - RTX 3060 - 16GB RAM - 512GB SSD - 15.6-inch FHD 144Hz display in Nepal,"NPR 195,000.00",Availability: Out Of Stock,Model: MSI Stealth 15M A11EUK | Processor: Intel Core  i7-1185G7  processor | Graphics: NVIDIA GeForce RTX 3060 | RAM: 16GB RAM | Storage: 512GB SSD | Display: 15.6-inch IPS display with FHD  and 144Hz refresh rate | 1 Years Warranty & Genuine Windows 10 Home,"{""CPU"": ""11th Gen Comet Lake Core i7-1185G7 Processor"", ""OS"": ""Windows 10 Home Windows 10 Pro"", ""Display"": ""15.6-inch IPS display; Full-HD (1920 x 1080 pixels); 144Hz refresh rate"", ""Graphics"": ""NVIDIAÂ® GeForce RTXâ„¢ 3060 Laptop GPU 6GB GDDR6 Up to 1307MHz Boost Clock 65W Maximum Graphics Power with Dynamic Boost. *May vary by scenario"", ""Memory Type"": ""16GB 3200Mhz Max 64GB Max Capacity"", ""DIMM Slot"": ""2 Slots Max 64GB"", ""SSD"": ""512GB NVMe PCIe Gen4"", ""Webcam"": ""HD type (30fps@720p)"", ""Keyboard"": ""Backlight Keyboard (Single-Color, White)"", ""LAN"": ""Killer Gb LAN"", ""Wireless"": ""802.11 ax Wi-Fi 6 + Bluetooth v5.1"", ""Audio Jack"": ""1x Mic-in/Headphone-out Combo Jack"", ""USB Port"": ""1x Micro SD 1x (4K @ 60Hz) HDMI 2x Type-A USB3.2 Gen1 1x Type-C (USB4 / DP / Thunderboltâ„¢4) with PD charging"", ""Battery"": ""Li-Polymer 52Whr"", ""AC Adapter"": ""90W adapter Slim"", ""Dimension"": ""358 x 248 x 15.95"", ""Weight"": ""1.69 kg"", ""MSI Stealth 15M A11UEK Price in Nepal"": ""Rs. 233,000""}"
https://hexxone.com/laptops-by-brand/msi/msi-stealth-15m-a11sdk-i7-11th-gen-gtx-1660ti-16gb-ram-512gb-ssd-156-inch-fhd-144hz-display-in-nepal?limit=30,MSI Stealth 15M A11SDK i7 11th Gen - GTX 1660Ti - 16GB RAM - 512GB SSD - 15.6-inch FHD 144Hz display in Nepal,"NPR 168,500.00",Availability: Out Of Stock,Model: MSI Stealth 15M A11SDK | Processor: Intel Core  i7-1185G7  processor | Graphics: NVIDIA GeForce GTX 1660Ti | RAM: 16GB RAM | Storage: 512GB SSD | Display: 15.6-inch IPS display with FHD | 1 Years Warranty & Genuine Windows 10 Home,"{""CPU"": ""11th Gen Comet Lake Core i7-1185G7 Processor"", ""OS"": ""Windows 10 Home Windows 10 Pro"", ""Display"": ""15.6-inch IPS display; Full-HD (1920 x 1080 pixels) display; 144Hz refresh rate"", ""Graphics"": ""NVIDIA GeForce GTX 1660TI; 6GB GDDR6 VRAM"", ""Memory Type"": ""16GB 3200MHz; 64GB (Max Capacity)"", ""DIMM Slot"": ""2 Slots (Up to 64GB)"", ""SSD"": ""512GB NVMe PCIe Gen4"", ""Webcam"": ""HD type (30fps@720p)"", ""Keyboard"": ""Backlight Keyboard (Single-Color, White)"", ""LAN"": ""Killer Gb LAN"", ""Wireless"": ""802.11 ax Wi-Fi 6 + Bluetooth v5.1"", ""Audio Jack"": ""1x Mic-in/Headphone-out Combo Jack"", ""USB Port"": ""1x Micro SD 1x (4K @ 60Hz) HDMI 2x Type-A USB3.2 Gen1 1x Type-C (USB4 / DP / Thunderboltâ„¢4) with PD charging"", ""Battery"": ""Li-Polymer 52Whr"", ""AC Adapter"": ""150W adapter"", ""Dimension"": ""358 x 248 x 15.95mm"", ""Weight"": ""1.69 kg"", ""MSI Stealth 15M A11SDK Price in Nepal"": ""Rs. 223,000""}"
https://hexxone.com/laptops-by-brand/msi/msi-stealth-15m-a11sek-i7-11th-gen-rtx-2060-16gb-ram-512gb-ssd-156-inch-fhd-144hz-display-in-nepal?limit=30,MSI Stealth 15M A11SEK i7 11th Gen - RTX 2060 - 16GB RAM - 512GB SSD - 15.6-inch FHD 144Hz display in Nepal,"NPR 174,250.00",Availability: Out Of Stock,Model: MSI Stealth 15M A11SEK | Processor: Intel Core  i7-1185G7  processor | Graphics: NVIDIA GeForce RTX 2060 | RAM: 16GB RAM | Storage: 512GB SSD | Display: 15.6-inch IPS display with FHD  and 144Hz refresh rate | 1 Years Warranty & Genuine Windows 10 Home,"{""CPU"": ""11th Gen Comet Lake Core i7-1185G7 Processor"", ""OS"": ""Windows 10 Home Windows 10 Pro"", ""Display"": ""15.6-inch IPS display; Full-HD (1920 x 1080 pixels); 144Hz refresh rate"", ""Graphics"": ""NVIDIA GeForce RTX 2060 With Max-Q Design, 6GB GDDR6"", ""Memory Type"": ""16GB 3200Mhz Max 64GB Max Capacity"", ""DIMM Slot"": ""2 Slots Max 64GB"", ""SSD"": ""512GB NVMe PCIe Gen4"", ""Webcam"": ""HD type (30fps@720p)"", ""Keyboard"": ""Backlight Keyboard (Single-Color, White)"", ""LAN"": ""Killer Gb LAN"", ""Wireless"": ""802.11 ax Wi-Fi 6 + Bluetooth v5.1"", ""Audio Jack"": ""1x Mic-in/Headphone-out Combo Jack"", ""USB Port"": ""1x Micro SD 1x (4K @ 60Hz) HDMI 2x Type-A USB3.2 Gen1 1x Type-C (USB4 / DP / Thunderboltâ„¢4) with PD charging"", ""Battery"": ""Li-Polymer 52Whr"", ""AC Adapter"": ""90W adapter Slim"", ""Dimension"": ""358 x 248 x 15.95"", ""Weight"": ""1.69 kg"", ""MSI Stealth 15M A11SEK Price in Nepal"": ""Rs. 233,000""}"
https://hexxone.com/laptops-by-brand/msi/msi-stealth-16-ai-studio-a1vfg-intel-core-ultra-7-155h-rtx-4060-32gb-ram-1tb-ssd-wi-fi-7-16-inch-qhd-wide-view-angle-240hz-display-in-nepal?limit=30,MSI Stealth 16 AI Studio A1VFG Intel Core Ultra 7 155H - RTX 4060 - 32GB RAM - 1TB SSD - Wi-Fi 7 - 16-inch QHD+ Wide View Angle 240Hz display in Nepal,"NPR 294,500.00",Availability: Out Of Stock,"Model: MSI Stealth 16 AI Studio A1VFG | Processor: IntelÂ® Coreâ„¢ Ultra 7 155H | Graphics: NVIDIA GeForce RTX 4060 | RAM: 32GB RAM | Storage: 1TB SSD | Display: 16"" QHD+ Wide View Angle 240Hz Thin Bezel 100% DCI-P3 | 2 Years Warranty & Genuine Windows 10 Home","{""CPU"": ""IntelÂ® Coreâ„¢ Ultra 7 155H, 16C (6P + 8E + 2LPE) / 22T, Max Turbo up to 4.8Ghz, 24MB"", ""OS"": ""Windows 11 Home"", ""Display"": ""16â€ QHD+ (2560x1600), 240Hz, IPS-Level"", ""Graphics"": ""NVIDIAÂ® GeForce RTXâ„¢ 4060 Laptop GPU 8GB GDDR6 Up to 2250MHz Boost Clock 105W Maximum Graphics Power with Dynamic Boost. *May vary by scenario"", ""Memory Type"": ""32GB 5600Mhz Max 96GB Max Capacity"", ""DIMM Slot"": ""Max 96GB DDR5-5600 2 Slots"", ""SSD"": ""1TB NVMe PCIe Gen4"", ""Webcam"": ""IR FHD type (30fps@1080p) with HDR 3D Noise Reduction+ (3DNR+)"", ""Keyboard"": ""Per-Key RGB Gaming Keyboard by SteelSeries"", ""LAN"": ""Killer Gb LAN (Up to 2.5G)"", ""Wireless"": ""Killer Gb LAN (Up to 2.5G) IntelÂ® Killerâ„¢ BE Wi-Fi 7 + Bluetooth 5.4"", ""Audio Jack"": ""1x Mic-in/Headphone-out Combo Jack"", ""Audio"": ""2x 2W Speaker 4x 2W Woofer"", ""USB Port"": ""1x Type-C (USB3.2 Gen2 / DP) 1x Type-C (USB / DP / Thunderboltâ„¢ 4) with PD charging 1x Type-A USB3.2 Gen2 1x Micro SD Card Reader 1x HDMIâ„¢ 2.1 (8K @ 60Hz / 4K @ 120Hz) 1x RJ45"", ""Battery"": ""4-Cell 99.9 Battery (Whr)"", ""AC Adapter"": ""240W adapter"", ""Dimension"": ""355.8 x 259.7 x 19.95 mm"", ""Weight"": ""1.99 kg"", ""MSI Stealth 16 AI Studio A1VFG"": ""Rs. 305,000""}"
https://hexxone.com/laptops-by-brand/msi/msi-summit-b15-a11m-i5-11th-gen-8gb-ram-iris-xe-512gb-ssd-156-inch-fhd-display-in-nepal?limit=30,MSI Summit B15 A11M i5 11th Gen - 8GB RAM - Iris Xe - 512GB SSD - 15.6-inch FHD display in Nepal,"NPR 109,900.00",Availability: Out Of Stock,Model: MSI Summit B15 A11M-058 | Processor: Intel Core  i5-1135G7 | RAM: 16GB RAM | Storage: 512GB SSD | Display: 15.6-inch IPS display | 1 Years Warranty & Genuine Windows 10 Home,"{""CPU"": ""11th Gen Comet Lake Core i5-1135G7 Processor"", ""OS"": ""Windows 10 Home Windows 10 Pro"", ""Display"": ""15.6-inch IPS display, Full-HD (1920 x 1080 pixels) resolution, 60Hz refresh rate, 72% NTSC Color Gamut (Color coverage close to 100% sRGB), Thin Bezels"", ""Graphics"": ""IntelÂ® IrisÂ® Xe graphics"", ""Memory Type"": ""8GB 3200Mhz Max 64GB Max Capacity"", ""DIMM Slot"": ""2 Slots Max 64GB"", ""SSD"": ""512GB NVMe PCIe Gen4"", ""Webcam"": ""HD type (30fps@720p)"", ""Keyboard"": ""Backlight Keyboard (Single-Color, White)"", ""LAN"": ""Killer Gb LAN"", ""Wireless"": ""802.11 ax Wi-Fi 6 + Bluetooth v5.1"", ""Audio Jack"": ""1x Mic-in/Headphone-out Combo Jack"", ""USB Port"": ""1x Micro SD 1x (4K @ 60Hz) HDMI 1x Type-A USB3.2 Gen1 2x Type-A USB3.2 Gen2 1x Type-C (USB4 / DP / Thunderboltâ„¢4) with PD charging"", ""Battery"": ""52 Battery (Whr)"", ""AC Adapter"": ""65W adapter Slim"", ""Dimension"": ""356.8 x 233.75 x 16.9 mm"", ""Weight"": ""1.6 kg"", ""MSI Summit B15 A11M-058 Price in Nepal"": ""Rs. 138,000""}"
https://hexxone.com/laptops-by-brand/msi/msi-summit-b15-a11m-i7-11th-gen-16gb-ram-iris-xe-1tb-ssd-156-inch-fhd-display-in-nepal?limit=30,MSI Summit B15 A11M i7 11th Gen - 16GB RAM - Iris Xe - 1TB SSD - 15.6-inch FHD display in Nepal,"NPR 133,900.00",Availability: Out Of Stock,Model: MSI Summit B15 A11M-057 | Processor: Intel Core  i7-1165G7 | RAM: 16 GB RAM | Storage: 1TB SSD | Display: 15.6-inch IPS display | 1 Years Warranty & Genuine Windows 10 Home,"{""CPU"": ""11th Gen Comet Lake Core i7-1165G7 Processor"", ""OS"": ""Windows 10 Home Windows 10 Pro"", ""Display"": ""15.6-inch IPS display, Full-HD (1920 x 1080 pixels) resolution, 60Hz refresh rate, 72% NTSC Color Gamut (Color coverage close to 100% sRGB), Thin Bezels"", ""Graphics"": ""Intel Iris Xe graphics"", ""Memory Type"": ""16GB; 3200MHz; Expandable up to 64GB"", ""DIMM Slot"": ""2 Slots; Max 64GB"", ""SSD"": ""1TB NVMe PCIe Gen4"", ""Webcam"": ""HD type (30fps@720p)"", ""Keyboard"": ""Backlight Keyboard (Single-Color, White)"", ""LAN"": ""Killer Gb LAN"", ""Wireless"": ""802.11 ax Wi-Fi 6 + Bluetooth v5.1"", ""Audio Jack"": ""1x Mic-in/Headphone-out Combo Jack"", ""USB Port"": ""1x Micro SD 1x (4K @ 60Hz) HDMI 1x Type-A USB3.2 Gen1 2x Type-A USB3.2 Gen2 1x Type-C (USB4 / DP / Thunderboltâ„¢4) with PD charging"", ""Battery"": ""52 Battery (Whr)"", ""AC Adapter"": ""65W adapter Slim"", ""Dimension"": ""356.8 x 233.75 x 16.9 mm"", ""Weight"": ""1.6 kg"", ""MSI Summit B15 A11M-057 Price in Nepal"": ""Rs. 168,000""}"
https://hexxone.com/laptops-by-brand/msi/msi-summit-e13-flip-evo-2-in-1-i7-1195g7-intel-iris-16gb-ram-1tb-ssd-134-inch-fhd-touchscreen-display-in-nepal?limit=30,MSI Summit E13 Flip Evo 2-in-1 i7-1195G7 - Intel Iris - 16GB RAM - 1TB SSD - 13.4-inch FHD Touchscreen display in Nepal,"NPR 139,500.00",Availability: Out Of Stock,"Model: MSI Summit E13 Flip Evo A11MT 2-in-1 | Processor: IntelÂ® Coreâ„¢  i7-1195G7 Process | RAM: 16GB RAM | Storage: 1TB SSD | Display: 13.4-inch IPS display with Full-HD, Comes with Stylus | 1 Years Warranty & Genuine Windows 10 Home","{""BRAND"": ""MSI"", ""MODEL"": ""MSI Summit E13 Flip Evo 2-in-1"", ""CPU"": ""11th Generation Intel Core i7-1195G7 Processor (12MB Cache, up to 5.0 GHz)"", ""TYPE"": ""2-in-1 Convertible Laptop"", ""OS"": ""Windows 10 Home (MSI recommends Windows 11 Pro for business.) Windows 10 Pro FREE Upgrade to Windows 11*"", ""DISPLAY"": ""13.4\"" FHD+ (1920x1200), 16:10, IPS-Level, Touchscreen, Support MSI Pen"", ""GRAPHICS"": ""Intel Iris Xe graphics"", ""MEMORY"": ""16 LPDDR4X onboard"", ""STORAGE CAPABILITY"": ""1TB SSD (NVMe PCIe Gen4)"", ""WEBCAM"": ""IR HD type (30fps@720p)"", ""KEYBOARD"": ""Backlight Keyboard (Single-Color, White)"", ""COMMUNICATION"": ""802.11 ax Wi-Fi 6E + Bluetooth v5.2"", ""AUDIO"": ""2x 2W Speaker"", ""AUDIO JACK"": ""1x Mic-in/Headphone-out Combo Jack"", ""I/O PORTS"": ""1x Micro SD Card Reader 1x Type-C USB3.2 Gen2 1x Type-A USB3.2 Gen1 2x Type-C (USB / DP / Thunderboltâ„¢ 4) with PD charging"", ""BATTERY"": ""4-Cell 70 Battery (Whr)"", ""AC ADAPTER"": ""65W adapter"", ""DIMENSION (W X D X H)"": ""300.2 x 222.25 x 14.9 mm"", ""WEIGHT (W/ BATTERY)"": ""1.35 kg"", ""COLOR"": ""Pure White Ink Black"", ""SENSOR"": ""x1 Fingerprint x1 Ambient Light Sensor x1 Gyroscope x1 Accelerometer x1 Magnetometer"", ""MSI SUMMIT E13 FLIP EVO PRICE IN NEPAL"": ""Rs. 245,000""}"
https://hexxone.com/laptops-by-brand/msi/msi-summit-e15-a11scs-i7-11th-gen-16gb-ram-nvidia-gtx-1650ti-max-q-1tb-ssd-156-inch-fhd-display-in-nepal?limit=30,MSI Summit E15 A11SCS i7 11th Gen - 16GB RAM - NVIDIA GTX 1650Ti Max-Q - 1TB SSD - 15.6-inch FHD display in Nepal,"NPR 186,250.00",Availability: Out Of Stock,Model: MSI Summit E15 A11SCS-208 | Processor: Intel Core  i7-1185G7 | Graphics: NVIDIA GTX 1650-Ti Max-Q | RAM: 16GB RAM | Storage: 1TB SSD | Display: 15.6-inch IPS display | 1 Years Warranty & Genuine Windows 10 Home,"{""CPU"": ""11th Gen Comet Lake Core i7-1185G7 Processor"", ""OS"": ""Windows 10 Home Windows 10 Pro"", ""Display"": ""15.6 Full-HD (1920 x 1080 pixels), IPS-Level 60Hz 72% NTSC Thin Bezel, close to 100% sRGB"", ""Graphics"": ""NVIDIA GeForce GTX 1650Ti With Max-Q Design, 4GB GDDR6 VRAM"", ""Memory Type"": ""16GB 3200Mhz Max 64GB Max Capacity"", ""DIMM Slot"": ""2 Slots Max 64GB"", ""SSD"": ""1TB NVMe PCIe Gen4"", ""Webcam"": ""IR HD type (30fps@720p)"", ""Keyboard"": ""Backlight Keyboard (Single-Color, White)"", ""Wireless"": ""802.11 ax Wi-Fi 6 + Bluetooth v5.1"", ""Audio Jack"": ""1x Mic-in/Headphone-out Combo Jack"", ""USB Port"": ""1x Micro SD 1x (4K @ 60Hz) HDMI 2x Type-A USB3.2 Gen2 2x Type-C (USB4 / DP / Thunderboltâ„¢4) with PD charging"", ""Battery"": ""82 Battery (Whr)"", ""AC Adapter"": ""95W adapter Slim"", ""Dimension"": ""356.8 x 233.7 x 16.9 mm"", ""Weight"": ""1.65 kg"", ""MSI Summit E15 A11SCS-208 Price in Nepal"": ""Rs. 249,000 (Full-HD Variant)""}"
https://hexxone.com/laptops-by-brand/msi/msi-summit-e16-flip-2-in-1-i7-1195g7-rtx-3050-16gb-ram-1tb-ssd-161-inch-qhd-120hz-touchscreen-display-in-nepal?limit=30,MSI Summit E16 Flip 2-in-1 i7-1195G7 - RTX 3050 - 16GB RAM - 1TB SSD - 16.1-inch QHD 120Hz Touchscreen display in Nepal,"NPR 219,500.00",Availability: Out Of Stock,Model: MSI Summit E16 Flip Evo A11UCT 2-in-1 | Processor: IntelÂ® Coreâ„¢  i7-1195G7 Process | RAM: 16GB RAM | Storage: 1TB SSD | Display: 16-inch IPS display with Quad-HD and 120hz Refresh rate | 1 Years Warranty & Genuine Windows 10 Home,"{""BRAND"": ""MSI"", ""MODEL"": ""MSI Summit E16 Flip 2-in-1"", ""TYPE"": ""2-in-1 Convertible Laptop"", ""CPU"": ""11th Generation Intel Core i7-1195G7 Processor (12MB Cache, up to 5.0 GHz)"", ""OS"": ""Windows 10 Home (MSI recommends Windows 11 Pro for business.) FREE Upgrade to Windows 11*"", ""DISPLAY"": ""16â€ QHD+ (2560 x 1600), 120Hz, IPS-Level Touchscreen"", ""GRAPHICS"": ""NVIDIAÂ® GeForce RTXâ„¢ 3050 Laptop GPU, 4GB GDDR6 Up to 1172.5MHz Boost Clock, 40W Maximum Graphics Power with Dynamic Boost. *May vary by scenario"", ""MEMORY"": ""16GB DDR4-3200 2 Slots Max Up to 64GB"", ""STORAGE CAPABILITY"": ""1TB SSD 1x M.2 SSD slot (NVMe PCIe Gen3)"", ""WEBCAM"": ""IR HD type (30fps@720p)"", ""KEYBOARD"": ""Backlight Keyboard (Single-Color, White)"", ""COMMUNICATION"": ""Killer ax Wi-Fi 6E + Bluetooth v5.2"", ""AUDIO"": ""2x 2W Speaker"", ""AUDIO JACK"": ""1x Mic-in/Headphone-out Combo Jack"", ""I/O PORTS"": ""2x Type-C (USB / DP / Thunderboltâ„¢) with PD charging 2x Type-A USB3.2 Gen2 1x Micro SD Card Reader 1x (4K @ 60Hz) HDMI"", ""BATTERY"": ""4-Cell 82 Battery (Whr)"", ""AC ADAPTER"": ""90W adapter"", ""DIMENSION (W X D X H)"": ""358.2 x 258.5 x 16.9 mm"", ""WEIGHT (W/ BATTERY)"": ""2.0 kg"", ""MSI SUMMIT E16 FLIP PRICE IN NEPAL"": ""Rs. 275,000""}"
https://hexxone.com/laptops-by-brand/msi/msi-thin-15-b12ve-i5-12450h-rtx-4050-6gb-156-inch-fhd-144hz-display-8gb-ram-512gb-ssd-2-years-warranty-in-nepal?limit=30,MSI Thin 15 B12VE i5 12450H - RTX 4050 6GB - 15.6-inch FHD 144Hz display - 8GB RAM - 512GB SSD - 2 Years Warranty in Nepal,"NPR 131,500.00",Availability: Out Of Stock,Model: MSI Thin 15 B12VE | Processor: Intel Core  i5-12450H | Graphics: NVIDIA RTX 4050 6GB | RAM: 8GB RAM | Storage: 512GB SSD | Display: 15.6-inch with IPS display  and 144Hz Refresh Rate | 2 Years Warranty & Genuine Windows 10 Home,"{""CPU"": ""12th Generation Intel Core i5-12450H"", ""OS"": ""Windows 11 Home"", ""Display"": ""15.6\"" Full-HD (1920x1080), IPS-Level Narrow Bezel 144Hz refresh rate"", ""Graphics"": ""NVIDIAÂ® GeForce RTXâ„¢ 4050 Laptop GPU 6GB GDDR6 Up to 1605MHz Boost Clock 45W Maximum Graphics Power with Dynamic Boost. *May vary by scenario"", ""Memory Type"": ""8GB DDR4 @ 3200MHz"", ""DIMM Slot"": ""2 Slots Max 64GB"", ""SSD"": ""512GB SSD"", ""Webcam"": ""HD type (30fps@720p)"", ""Keyboard"": ""Single Backlit Keyboard (Blue)"", ""LAN"": ""Gb LAN 802.11 ax Wi-Fi 6E + Bluetooth v5.3"", ""Speaker"": ""2x 2W Speaker"", ""USB Port"": ""1x Type-C (USB3.2 Gen1 / DP) 2x Type-A USB3.2 Gen1 1x HDMIâ„¢ 2.1 (4K @ 60Hz) 1x RJ45"", ""Battery"": ""3-Cell 52.4 Battery (Whr)"", ""AC Adapter"": ""120W adapter"", ""Dimension"": ""359 x 254 x 21.7 mm"", ""Weight"": ""1.86 kg""}"
https://hexxone.com/laptops-by-brand/msi/msi-vector-gp68-hx-13vg-2023-i9-13th-gen-rtx-4070-2tb-ssd-32gb-ram-16-inch-240hz-qhd-display-in-nepal?limit=30,MSI Vector GP68 HX 13VG 2023 i9 13TH GEN - RTX 4070 - 2TB SSD - 32GB RAM - 16-inch 240Hz QHD display in Nepal,"NPR 347,200.00",Availability: Out Of Stock,"Model:   MSI Vector GP68 HX 13VG  2023 | Processor: 13th Gen Intel Core i9-13980HX Processor 2.2 GHz | RAM: 32GB DDR5 | Storage: 2TB SSD | Display: 16â€ QHD+ (2560x1600), 240Hz | Graphic: NVIDIAÂ® GeForce RTXâ„¢ 4070 Laptop GPU | 2 Years Warranty & Genuine Windows 11 Home","{""Brand"": ""MSI"", ""CPU"": ""13th Gen IntelÂ® Coreâ„¢ i9-13980HX Processor 2.2 GHz (36M Cache, up to 5.6 GHz, 24 cores: 8 P-cores and 16 E-cores)"", ""Graphics"": ""NVIDIAÂ® GeForce RTXâ„¢ 4070 Laptop GPU 8GB GDDR6 Up to 2175MHz Boost Clock 140W Maximum Graphics Power with Dynamic Boost. *May vary by scenario *Full-Power GPU Design"", ""Memory"": ""32GB DDR5-5600 SO-DIMM Max Capacity:64GB Support dual channel memory"", ""Display"": ""16â€ QHD+ (2560x1600), 240Hz, IPS-Level"", ""Type"": ""Gaming Laptop"", ""Connections"": ""1x Type-C (USB3.2 Gen2 / DP) 1x Type-C (USB / DP / Thunderboltâ„¢ 4) 1x Type-C (USB3.2 Gen2 / DP) with PD charging 1x Type-A USB3.2 Gen1 1x Type-A USB3.2 Gen2 1x SD Express Card Reader 1x HDMIâ„¢ 2.1 (8K @ 60Hz / 4K @ 120Hz) 1x RJ45"", ""Networking"": ""Gb LAN (Up to 2.5G) 802.11 ax Wi-Fi 6E + Bluetooth v5.3"", ""Storage"": ""2TB PCIeÂ® 4.0 NVMeâ„¢ M.2 SSD"", ""Battery"": ""4-cell Li-ion, 90WHrs, 4S1P"", ""Keyboard"": ""Per-Key RGB Gaming Keyboard by SteelSeries"", ""Audio"": ""2x 2W Speaker"", ""Size"": ""357 x 284 x 22.20~28.55 mm"", ""weight"": ""2.67Kg"", ""MSI Vector GP68 HX 13VG"": ""Rs. 366000""}"
